package,version,published,unpacked_bytes,file_count,direct_deps,tree_size
@angular/core,5.2.4,2018-02-07,7220954,144,1,2
@angular/core,5.2.5,2018-02-14,7222099,144,1,
@angular/core,5.2.6,2018-02-22,7227543,144,1,
@angular/core,5.2.7,2018-02-28,7227543,144,1,
@angular/core,5.2.8,2018-03-07,7227543,144,1,
@angular/core,5.2.9,2018-03-14,7227543,144,1,
@angular/core,4.4.7,2018-04-16,5398397,135,1,2
@angular/core,5.2.10,2018-04-16,7233896,144,1,
@angular/core,6.0.0,2018-05-03,13319657,464,1,
@angular/core,6.0.1,2018-05-11,13331113,464,1,
@angular/core,6.0.2,2018-05-15,13331112,464,1,
@angular/core,5.2.11,2018-05-16,7233896,144,1,
@angular/core,6.0.3,2018-05-22,13331099,464,1,
@angular/core,6.0.4,2018-06-06,13194825,464,1,
@angular/core,6.0.5,2018-06-13,13179645,464,1,
@angular/core,6.0.6,2018-06-20,13160226,464,1,
@angular/core,6.0.7,2018-06-28,13174070,464,1,
@angular/core,6.0.8,2018-07-11,13266358,464,1,2
@angular/core,6.0.9,2018-07-11,13266358,464,1,
@angular/core,6.1.0,2018-07-25,15525662,530,1,
@angular/core,6.1.1,2018-08-02,15457456,527,1,
@angular/core,6.1.2,2018-08-08,15462683,527,1,
@angular/core,6.1.3,2018-08-15,15461725,527,1,
@angular/core,6.1.4,2018-08-22,15461959,527,1,
@angular/core,6.1.6,2018-08-29,15461959,527,1,
@angular/core,6.1.7,2018-09-06,15462662,527,1,
@angular/core,6.1.8,2018-09-19,15494146,527,1,
@angular/core,6.1.9,2018-09-26,15491918,527,1,
@angular/core,6.1.10,2018-10-10,15491940,527,1,2
@angular/core,7.0.0,2018-10-18,17649094,590,1,
@angular/core,7.0.1,2018-10-24,17978650,596,1,
@angular/core,7.0.2,2018-10-31,17956374,602,1,
@angular/core,7.0.3,2018-11-07,17956374,602,1,
@angular/core,7.0.4,2018-11-14,17933591,602,1,
@angular/core,7.1.0,2018-11-21,19430121,606,1,
@angular/core,7.1.1,2018-11-28,19441164,605,1,
@angular/core,7.1.2,2018-12-06,19441211,605,1,
@angular/core,7.1.3,2018-12-11,19443408,605,1,
@angular/core,7.1.4,2018-12-18,19571934,605,1,
@angular/core,7.2.0,2019-01-07,20661604,611,1,2
@angular/core,7.2.1,2019-01-16,20659620,611,1,
@angular/core,7.2.2,2019-01-22,20659620,611,1,
@angular/core,7.2.3,2019-01-30,20660232,611,1,
@angular/core,7.2.4,2019-02-06,20661507,611,1,
@angular/core,7.2.5,2019-02-15,20708013,611,1,
@angular/core,7.2.6,2019-02-20,20709225,611,1,
@angular/core,7.2.7,2019-02-27,20722093,611,1,
@angular/core,7.2.8,2019-03-06,20724772,611,1,
@angular/core,7.2.9,2019-03-12,20724762,611,1,
@angular/core,7.2.10,2019-03-20,20725169,611,1,
@angular/core,7.2.11,2019-03-26,20726180,611,1,
@angular/core,7.2.12,2019-04-03,20728232,611,1,2
@angular/core,7.2.13,2019-04-13,20728232,611,1,
@angular/core,7.2.14,2019-04-23,20728232,611,1,
@angular/core,7.2.15,2019-05-07,20728232,611,1,
@angular/core,8.0.0,2019-05-28,24573637,590,1,
@angular/core,8.0.1,2019-06-13,24587168,590,1,
@angular/core,8.0.2,2019-06-19,24589366,590,1,
@angular/core,8.0.3,2019-06-26,24590401,590,1,
@angular/core,8.1.0,2019-07-02,26388657,626,1,2
@angular/core,8.1.1,2019-07-10,26396323,626,1,
@angular/core,8.1.2,2019-07-17,26397101,626,1,
@angular/core,8.1.3,2019-07-26,26397101,626,1,
@angular/core,8.2.0,2019-07-31,25575069,620,1,
@angular/core,8.2.1,2019-08-08,25586265,620,1,
@angular/core,8.2.2,2019-08-12,25963455,620,1,
@angular/core,8.2.3,2019-08-21,25932925,614,1,
@angular/core,8.2.4,2019-08-28,25932925,614,1,
@angular/core,8.2.5,2019-09-04,25932817,614,1,
@angular/core,8.2.6,2019-09-11,25932925,614,1,
@angular/core,8.2.7,2019-09-18,25932925,614,1,
@angular/core,8.2.8,2019-09-25,25932925,614,1,
@angular/core,8.2.9,2019-10-02,25932677,614,1,2
@angular/core,8.2.10,2019-10-09,25930863,614,1,
@angular/core,8.2.11,2019-10-15,25930723,614,1,
@angular/core,8.2.12,2019-10-23,25931368,614,1,
@angular/core,8.2.13,2019-10-30,25931368,614,1,
@angular/core,8.2.14,2019-11-13,25931453,614,1,
@angular/core,7.2.16,2020-01-08,20728232,611,1,2
@angular/core,9.0.0,2020-02-06,27491764,674,0,
@angular/core,9.0.1,2020-02-12,27504071,676,0,
@angular/core,9.0.2,2020-02-19,27589490,676,0,
@angular/core,9.0.3,2020-02-27,27815904,678,0,
@angular/core,9.0.4,2020-02-27,27815904,678,0,
@angular/core,9.0.5,2020-03-04,27823190,678,0,
@angular/core,9.0.6,2020-03-11,27835647,678,0,
@angular/core,9.0.7,2020-03-18,27860811,678,0,
@angular/core,9.1.0,2020-03-25,27922428,682,0,
@angular/core,9.1.1,2020-04-07,27929495,682,0,1
@angular/core,9.1.2,2020-04-15,27967899,682,0,
@angular/core,9.1.3,2020-04-22,28045291,682,0,
@angular/core,9.1.4,2020-04-29,28077978,682,0,
@angular/core,9.1.5,2020-05-07,28148905,682,0,
@angular/core,9.1.6,2020-05-08,28148905,682,0,
@angular/core,9.1.7,2020-05-13,27974582,680,0,
@angular/core,9.1.8,2020-05-20,27979031,680,0,
@angular/core,9.1.9,2020-05-20,27979031,680,0,
@angular/core,9.1.10,2020-06-09,27979057,680,0,
@angular/core,9.1.11,2020-06-10,27979057,680,0,
@angular/core,10.0.0,2020-06-24,17595933,415,1,
@angular/core,10.0.1,2020-06-26,17606283,415,1,
@angular/core,10.0.2,2020-06-30,17585990,415,1,
@angular/core,10.0.3,2020-07-08,17589050,415,1,2
@angular/core,9.1.12,2020-07-08,27991003,681,0,
@angular/core,10.0.4,2020-07-15,17555783,414,1,
@angular/core,10.0.5,2020-07-22,17552695,414,1,
@angular/core,10.0.6,2020-07-28,17556260,414,1,
@angular/core,10.0.7,2020-07-30,17556260,414,1,
@angular/core,10.0.8,2020-08-04,17556234,414,1,
@angular/core,10.0.9,2020-08-12,17667174,419,1,
@angular/core,10.0.10,2020-08-17,17677955,419,1,
@angular/core,10.0.11,2020-08-19,17677955,419,1,
@angular/core,10.0.12,2020-08-24,17678908,419,1,
@angular/core,10.0.13,2020-08-26,17678908,419,1,
@angular/core,10.0.14,2020-08-26,17678908,419,1,
@angular/core,10.1.0,2020-09-02,17688585,419,1,
@angular/core,10.1.1,2020-09-09,17687367,419,1,
@angular/core,10.1.2,2020-09-16,17687207,419,1,
@angular/core,10.1.3,2020-09-23,17687864,419,1,
@angular/core,10.1.4,2020-09-30,17730902,418,1,
@angular/core,10.1.5,2020-10-07,17730902,418,1,2
@angular/core,10.1.6,2020-10-14,17730902,418,1,
@angular/core,10.2.0,2020-10-21,17734225,418,1,
@angular/core,10.2.1,2020-10-28,17738407,418,1,
@angular/core,10.2.2,2020-11-04,17745635,418,1,
@angular/core,10.2.3,2020-11-09,17745697,418,1,
@angular/core,11.0.0,2020-11-11,18306596,466,1,
@angular/core,11.0.1,2020-11-18,18293606,472,1,
@angular/core,11.0.2,2020-11-19,18304810,477,1,
@angular/core,11.0.3,2020-12-02,18234510,477,1,
@angular/core,11.0.4,2020-12-09,18249105,477,1,
@angular/core,11.0.5,2020-12-16,18266594,478,1,
@angular/core,10.2.4,2020-12-17,17762662,419,1,
@angular/core,9.1.13,2020-12-17,28017826,682,0,
@angular/core,11.0.6,2021-01-06,18274076,478,1,2
@angular/core,11.0.7,2021-01-07,18274076,478,1,
@angular/core,11.0.8,2021-01-11,18279651,478,1,
@angular/core,11.0.9,2021-01-13,18279651,478,1,
@angular/core,11.1.0,2021-01-20,18444571,484,1,
@angular/core,11.1.1,2021-01-27,18448601,484,1,
@angular/core,11.1.2,2021-02-03,18450927,484,1,
@angular/core,11.2.0,2021-02-10,18457876,484,1,
@angular/core,11.2.1,2021-02-17,18466883,484,1,
@angular/core,11.2.2,2021-02-22,18468343,484,1,
@angular/core,11.2.3,2021-02-24,18468896,484,1,
@angular/core,11.2.4,2021-03-03,18468228,484,1,
@angular/core,11.2.5,2021-03-10,18458932,484,1,
@angular/core,11.2.6,2021-03-17,18458477,484,1,
@angular/core,11.2.7,2021-03-24,18458477,484,1,
@angular/core,11.2.8,2021-04-01,18458477,484,1,2
@angular/core,11.2.9,2021-04-07,18492436,485,1,
@angular/core,10.2.5,2021-04-14,17767956,419,1,
@angular/core,11.2.10,2021-04-14,18485385,485,1,
@angular/core,11.2.11,2021-04-21,18485569,485,1,
@angular/core,11.2.12,2021-04-28,18485479,485,1,
@angular/core,11.2.13,2021-05-05,18495912,485,1,
@angular/core,11.2.14,2021-05-12,18503875,485,1,
@angular/core,12.0.0,2021-05-12,16009323,488,1,
@angular/core,12.0.1,2021-05-19,16010637,488,1,
@angular/core,12.0.2,2021-05-26,16022352,490,1,
@angular/core,12.0.3,2021-06-02,16019963,489,1,
@angular/core,12.0.4,2021-06-09,16035338,489,1,
@angular/core,12.0.5,2021-06-16,16035843,489,1,
@angular/core,12.1.0,2021-06-24,17257267,600,1,
@angular/core,12.1.1,2021-06-30,17257775,600,1,
@angular/core,12.1.2,2021-07-14,16131827,489,1,2
@angular/core,12.1.3,2021-07-21,16161763,489,1,
@angular/core,12.1.4,2021-07-28,16162249,489,1,
@angular/core,12.1.5,2021-08-04,16162249,489,1,
@angular/core,12.2.0,2021-08-04,16160366,489,1,
@angular/core,12.2.1,2021-08-11,16160526,489,1,
@angular/core,12.2.2,2021-08-18,16160934,489,1,
@angular/core,12.2.3,2021-08-25,16160934,489,1,
@angular/core,12.2.4,2021-09-01,16160934,489,1,
@angular/core,12.2.5,2021-09-08,16160934,489,1,
@angular/core,12.2.6,2021-09-15,16161414,489,1,
@angular/core,12.2.7,2021-09-22,16161414,489,1,
@angular/core,12.2.8,2021-09-30,16161908,489,1,
@angular/core,12.2.9,2021-10-06,16161952,489,1,2
@angular/core,12.2.10,2021-10-13,16164568,489,1,
@angular/core,12.2.11,2021-10-20,16164568,489,1,
@angular/core,12.2.12,2021-10-27,16164542,489,1,
@angular/core,12.2.13,2021-11-03,16167037,490,1,
@angular/core,13.0.0,2021-11-03,14648318,348,1,
@angular/core,13.0.1,2021-11-10,14645367,348,1,
@angular/core,13.0.2,2021-11-17,14645367,348,1,
@angular/core,12.2.14,2021-12-01,16167037,490,1,
@angular/core,13.0.3,2021-12-01,12638411,328,1,
@angular/core,13.1.0,2021-12-09,12661392,332,1,
@angular/core,12.2.15,2021-12-15,16167037,490,1,
@angular/core,13.1.1,2021-12-15,12660300,332,1,
@angular/core,13.1.2,2022-01-12,12653206,331,1,2
@angular/core,13.1.3,2022-01-19,12679257,331,1,
@angular/core,13.2.0,2022-01-26,12715478,335,1,
@angular/core,12.2.16,2022-01-27,16167037,490,1,
@angular/core,13.2.1,2022-02-02,12722649,335,1,
@angular/core,13.2.2,2022-02-08,12719278,335,1,
@angular/core,13.2.3,2022-02-17,12734884,335,1,
@angular/core,13.2.4,2022-02-23,12731350,335,1,
@angular/core,13.2.5,2022-03-02,12714572,335,1,
@angular/core,13.2.6,2022-03-09,12715357,335,1,
@angular/core,13.2.7,2022-03-16,12715197,335,1,
@angular/core,13.3.0,2022-03-16,12715361,335,1,
@angular/core,13.3.1,2022-03-30,12715361,335,1,
@angular/core,13.3.2,2022-04-06,12720068,335,1,2
@angular/core,13.3.3,2022-04-13,12721875,335,1,
@angular/core,13.3.4,2022-04-20,12734256,335,1,
@angular/core,13.3.5,2022-04-27,12734256,335,1,
@angular/core,13.3.6,2022-05-04,12734256,335,1,
@angular/core,13.3.7,2022-05-11,12738653,335,1,
@angular/core,13.3.8,2022-05-12,12738653,335,1,
@angular/core,13.3.9,2022-05-18,12738653,335,1,
@angular/core,13.3.10,2022-05-25,12738671,335,1,
@angular/core,13.3.11,2022-05-31,12738671,335,1,
@angular/core,14.0.0,2022-06-02,19205151,336,1,
@angular/core,14.0.1,2022-06-08,19211158,337,1,
@angular/core,14.0.2,2022-06-15,19211948,337,1,
@angular/core,14.0.3,2022-06-22,19201128,337,1,
@angular/core,14.0.4,2022-06-29,19211815,335,1,
@angular/core,14.0.5,2022-07-06,19048343,335,1,2
@angular/core,14.0.6,2022-07-13,19038431,335,1,
@angular/core,14.0.7,2022-07-20,19044454,335,1,
@angular/core,14.1.0,2022-07-20,19142460,335,1,
@angular/core,14.1.1,2022-08-03,19146602,335,1,
@angular/core,14.1.2,2022-08-10,19145410,335,1,
@angular/core,14.1.3,2022-08-17,19145195,335,1,
@angular/core,14.2.0,2022-08-25,19052664,333,1,
@angular/core,14.2.1,2022-09-07,19053241,333,1,
@angular/core,14.2.2,2022-09-15,19019902,333,1,
@angular/core,14.2.3,2022-09-21,19019902,333,1,
@angular/core,14.2.4,2022-09-28,19019880,333,1,
@angular/core,14.2.5,2022-10-05,19019918,333,1,2
@angular/core,14.2.6,2022-10-12,19019918,333,1,
@angular/core,14.2.7,2022-10-19,19019918,333,1,
@angular/core,14.2.8,2022-10-26,19019918,333,1,
@angular/core,14.2.9,2022-11-03,19019918,333,1,
@angular/core,14.2.10,2022-11-09,19019100,333,1,
@angular/core,14.2.11,2022-11-16,19019100,333,1,
@angular/core,15.0.0,2022-11-16,19430094,344,1,
@angular/core,13.3.12,2022-11-21,12775304,337,1,
@angular/core,14.2.12,2022-11-21,19051847,334,1,
@angular/core,12.2.17,2022-11-22,16205076,492,1,
@angular/core,15.0.1,2022-11-23,19428523,344,1,
@angular/core,15.0.2,2022-11-30,18914444,342,1,
@angular/core,15.0.3,2022-12-07,18733300,342,1,
@angular/core,15.0.4,2022-12-14,18652870,326,1,
@angular/core,15.1.0,2023-01-10,18282488,286,1,2
@angular/core,15.1.1,2023-01-18,18277401,284,1,
@angular/core,15.1.2,2023-01-25,18277401,284,1,
@angular/core,15.1.3,2023-02-02,18277762,284,1,
@angular/core,15.1.4,2023-02-08,18277864,284,1,
@angular/core,15.1.5,2023-02-15,18277864,284,1,
@angular/core,15.2.0,2023-02-22,23037063,287,1,
@angular/core,15.2.1,2023-03-01,23025839,286,1,
@angular/core,15.2.2,2023-03-08,22991432,286,1,
@angular/core,14.3.0,2023-03-13,19051825,334,1,
@angular/core,15.2.3,2023-03-16,22966340,286,1,
@angular/core,15.2.4,2023-03-22,22970998,286,1,
@angular/core,15.2.5,2023-03-29,22971756,286,1,
@angular/core,13.4.0,2023-04-06,12775873,337,1,2
@angular/core,15.2.6,2023-04-06,22972488,286,1,
@angular/core,15.2.7,2023-04-12,22974940,286,1,
@angular/core,15.2.8,2023-04-19,22964980,285,1,
@angular/core,15.2.9,2023-05-03,22968736,285,1,
@angular/core,16.0.0,2023-05-03,17991396,318,1,
@angular/core,16.0.1,2023-05-10,18013394,318,1,
@angular/core,16.0.2,2023-05-17,18022145,318,1,
@angular/core,16.0.3,2023-05-24,18034955,318,1,
@angular/core,16.0.4,2023-06-01,18032593,318,1,
@angular/core,16.0.5,2023-06-08,18036417,318,1,
@angular/core,16.0.6,2023-06-13,18041287,318,1,
@angular/core,16.1.0,2023-06-13,18181753,319,1,
@angular/core,16.1.1,2023-06-14,18184546,319,1,
@angular/core,16.1.2,2023-06-21,18177260,318,1,
@angular/core,16.1.3,2023-06-28,18181920,318,1,
@angular/core,16.1.4,2023-07-06,18200087,318,1,2
@angular/core,16.1.5,2023-07-13,18216749,318,1,
@angular/core,16.1.6,2023-07-19,18215232,318,1,
@angular/core,16.1.7,2023-07-26,18215867,318,1,
@angular/core,16.1.8,2023-08-02,18220839,318,1,
@angular/core,16.1.9,2023-08-09,18234043,319,1,
@angular/core,16.2.0,2023-08-09,18972186,326,1,
@angular/core,16.2.1,2023-08-16,18978112,326,1,
@angular/core,16.2.2,2023-08-23,18976538,326,1,
@angular/core,16.2.3,2023-08-30,19048612,326,1,
@angular/core,16.2.4,2023-09-06,19066497,326,1,
@angular/core,16.2.5,2023-09-13,19081326,326,1,
@angular/core,16.2.6,2023-09-20,19099264,326,1,
@angular/core,16.2.7,2023-09-27,19097346,326,1,
@angular/core,15.2.10,2023-10-04,22968773,285,1,2
@angular/core,16.2.8,2023-10-04,19099870,326,1,
@angular/core,16.2.9,2023-10-11,19102066,326,1,
@angular/core,16.2.10,2023-10-18,19103867,326,1,
@angular/core,16.2.11,2023-10-25,19116059,326,1,
@angular/core,16.2.12,2023-11-02,19117005,326,1,
@angular/core,17.0.0,2023-11-08,23536494,354,1,
@angular/core,17.0.1,2023-11-08,23540891,354,1,
@angular/core,17.0.2,2023-11-09,23547450,354,1,
@angular/core,17.0.3,2023-11-15,23594914,354,1,
@angular/core,17.0.4,2023-11-20,23674483,354,1,
@angular/core,17.0.5,2023-11-29,23715826,354,1,
@angular/core,17.0.6,2023-12-06,23911131,354,1,
@angular/core,17.0.7,2023-12-14,24055402,358,1,
@angular/core,17.0.8,2023-12-21,24111569,360,1,
@angular/core,17.0.9,2024-01-10,24118385,361,1,2
@angular/core,17.1.0,2024-01-17,24465751,369,1,
@angular/core,17.1.1,2024-01-24,24469080,369,1,
@angular/core,17.1.2,2024-01-31,24534394,369,1,
@angular/core,17.1.3,2024-02-08,24573363,369,1,
@angular/core,17.2.0,2024-02-14,24944213,379,1,
@angular/core,17.2.1,2024-02-14,24944213,379,1,
@angular/core,17.2.2,2024-02-22,24960739,379,1,
@angular/core,17.2.3,2024-02-28,25014356,381,1,
@angular/core,17.2.4,2024-03-06,25027701,381,1,
@angular/core,17.3.0,2024-03-13,28576187,389,1,
@angular/core,17.3.1,2024-03-20,28585557,389,1,
@angular/core,17.3.2,2024-03-28,28785262,389,1,
@angular/core,17.3.3,2024-04-03,28779866,389,1,2
@angular/core,17.3.4,2024-04-10,28789146,389,1,
@angular/core,17.3.5,2024-04-17,28789230,389,1,
@angular/core,17.3.6,2024-04-25,28787445,389,1,
@angular/core,17.3.7,2024-05-01,28788982,389,1,
@angular/core,17.3.8,2024-05-08,28813846,389,1,
@angular/core,17.3.9,2024-05-15,28823376,389,1,
@angular/core,17.3.10,2024-05-22,28823419,389,1,
@angular/core,18.0.0,2024-05-22,25402442,415,1,
@angular/core,18.0.1,2024-05-29,25449381,415,1,
@angular/core,17.3.11,2024-06-05,28813889,389,1,
@angular/core,18.0.2,2024-06-05,25542436,416,1,
@angular/core,18.0.3,2024-06-12,25520785,416,1,
@angular/core,18.0.4,2024-06-20,25602063,418,1,
@angular/core,18.0.5,2024-06-27,25658223,418,1,
@angular/core,18.0.6,2024-07-03,25635013,418,1,2
@angular/core,18.0.7,2024-07-10,25644952,418,1,
@angular/core,18.1.0,2024-07-10,25789217,421,1,
@angular/core,17.3.12,2024-07-17,28829091,389,1,
@angular/core,18.1.1,2024-07-17,25787918,422,1,
@angular/core,18.1.2,2024-07-24,25810154,422,1,
@angular/core,18.1.3,2024-07-31,25843766,423,1,
@angular/core,18.1.4,2024-08-07,25835327,423,1,
@angular/core,18.1.5,2024-08-14,25849207,423,1,
@angular/core,18.2.0,2024-08-14,44518145,431,1,
@angular/core,18.2.1,2024-08-22,44549925,432,1,
@angular/core,18.2.2,2024-08-28,21082997,426,1,
@angular/core,18.2.3,2024-09-04,21067290,426,1,
@angular/core,18.2.4,2024-09-11,21071179,426,1,
@angular/core,18.2.5,2024-09-18,21092800,426,1,
@angular/core,18.2.6,2024-09-25,21094241,426,1,
@angular/core,18.2.7,2024-10-02,21055427,426,1,2
@angular/core,18.2.8,2024-10-10,21073072,426,1,
@angular/core,18.2.9,2024-10-23,21074665,426,1,
@angular/core,18.2.10,2024-10-30,21078381,426,1,
@angular/core,18.2.11,2024-11-06,21064730,426,1,
@angular/core,18.2.12,2024-11-14,21064774,426,1,
@angular/core,19.0.0,2024-11-19,9870902,50,1,
@angular/core,18.2.13,2024-11-26,21064800,426,1,
@angular/core,19.0.1,2024-11-26,9893479,50,1,
@angular/core,19.0.2,2024-12-04,9895786,50,1,
@angular/core,19.0.3,2024-12-04,9894888,50,1,
@angular/core,19.0.4,2024-12-12,9894986,50,1,
@angular/core,19.0.5,2024-12-18,9899924,50,1,
@angular/core,19.0.6,2025-01-08,9901892,50,1,2
@angular/core,19.0.7,2025-01-15,9905036,50,1,
@angular/core,19.1.0,2025-01-15,9980655,54,1,
@angular/core,19.1.1,2025-01-16,9982798,54,1,
@angular/core,19.1.2,2025-01-20,9993178,54,1,
@angular/core,19.1.3,2025-01-22,10025246,54,1,
@angular/core,19.1.4,2025-01-29,10002028,54,1,
@angular/core,19.1.5,2025-02-06,10008563,54,1,
@angular/core,19.1.6,2025-02-12,10016019,54,1,
@angular/core,19.1.7,2025-02-19,10008669,54,1,
@angular/core,19.1.8,2025-02-26,10108075,54,1,
@angular/core,19.2.0,2025-02-26,10182803,59,1,
@angular/core,19.2.1,2025-03-05,10213902,62,1,
@angular/core,19.2.2,2025-03-12,9915609,66,1,
@angular/core,19.2.3,2025-03-19,9920439,66,1,
@angular/core,19.2.4,2025-03-27,9928397,67,1,
@angular/core,19.2.5,2025-04-02,9931342,67,1,2
@angular/core,19.2.6,2025-04-09,9931379,66,1,
@angular/core,19.2.7,2025-04-16,9935452,66,1,
@angular/core,19.2.8,2025-04-23,9936500,66,1,
@angular/core,19.2.9,2025-04-30,9942142,66,1,
@angular/core,19.2.10,2025-05-07,9943162,66,1,
@angular/core,19.2.11,2025-05-15,9957132,66,1,
@angular/core,19.2.12,2025-05-21,9969264,65,1,
@angular/core,19.2.13,2025-05-23,9977445,65,1,
@angular/core,19.2.14,2025-05-28,9979248,65,1,
@angular/core,20.0.0,2025-05-28,9965775,83,1,
@angular/core,20.0.1,2025-06-04,9965864,82,1,
@angular/core,20.0.2,2025-06-06,9967361,82,1,
@angular/core,20.0.3,2025-06-11,9970982,82,1,
@angular/core,20.0.4,2025-06-18,9972016,82,1,
@angular/core,20.0.5,2025-06-25,9983568,82,1,
@angular/core,20.0.6,2025-07-01,9983739,82,1,2
@angular/core,20.0.7,2025-07-09,9986962,82,1,
@angular/core,20.1.0,2025-07-09,10075500,84,1,
@angular/core,20.1.1,2025-07-16,10076770,84,1,
@angular/core,20.1.2,2025-07-17,10080409,84,1,
@angular/core,20.1.3,2025-07-23,10084664,84,1,
@angular/core,20.1.4,2025-07-31,10082688,84,1,
@angular/core,20.1.5,2025-08-06,10112494,83,1,
@angular/core,20.1.6,2025-08-06,10112494,83,1,
@angular/core,20.1.7,2025-08-13,10111973,83,1,
@angular/core,20.1.8,2025-08-20,10109746,83,1,
@angular/core,20.2.0,2025-08-20,10256228,84,1,
@angular/core,20.2.1,2025-08-21,10260846,84,1,
@angular/core,20.2.2,2025-08-27,10262637,84,1,
@angular/core,20.2.3,2025-08-29,10260307,84,1,
@angular/core,20.2.4,2025-09-03,10268511,84,1,
@angular/core,18.2.14,2025-09-10,22096118,427,1,
@angular/core,19.2.15,2025-09-10,9982823,67,1,
@angular/core,20.3.0,2025-09-10,10276903,85,1,
@angular/core,20.3.1,2025-09-17,10284434,85,1,
@angular/core,20.3.2,2025-09-24,10288634,85,1,
@angular/core,20.3.3,2025-10-02,10312292,85,1,2
@angular/core,20.3.4,2025-10-08,10328857,85,1,
@angular/core,20.3.5,2025-10-15,10340013,85,1,
@angular/core,20.3.6,2025-10-16,10341236,85,1,
@angular/core,20.3.7,2025-10-22,10344593,85,1,
@angular/core,20.3.9,2025-10-29,10348661,85,1,
@angular/core,20.3.10,2025-11-05,10350021,85,1,
@angular/core,20.3.11,2025-11-12,10353070,85,1,
@angular/core,20.3.12,2025-11-14,10354191,85,1,
@angular/core,20.3.13,2025-11-19,10369954,85,1,
@angular/core,21.0.0,2025-11-19,6703458,95,1,
@angular/core,20.3.14,2025-11-25,10373704,85,1,
@angular/core,21.0.1,2025-11-25,6735751,95,1,
@angular/core,19.2.16,2025-11-26,9982823,67,1,
@angular/core,19.2.17,2025-12-01,9989661,67,1,
@angular/core,20.3.15,2025-12-01,10376896,85,1,
@angular/core,21.0.2,2025-12-01,6740322,95,1,
@angular/core,21.0.3,2025-12-03,6749445,95,1,
@angular/core,21.0.4,2025-12-11,6753419,95,1,
@angular/core,21.0.5,2025-12-11,6753417,95,1,
@angular/core,21.0.6,2025-12-17,6752228,95,1,
@angular/core,19.2.18,2026-01-07,9990313,67,1,2
@angular/core,20.3.16,2026-01-07,10377548,85,1,
@angular/core,21.0.7,2026-01-07,6758927,95,1,
@angular/core,21.0.8,2026-01-08,6757123,95,1,
@angular/core,21.0.9,2026-01-14,6759003,95,1,
@angular/core,21.1.0,2026-01-14,6775481,95,1,
@angular/core,21.1.1,2026-01-21,6776019,95,1,
@angular/core,21.1.2,2026-01-28,6773653,95,1,
@angular/core,21.1.3,2026-02-05,6778274,95,1,
@angular/core,21.1.4,2026-02-11,6775384,95,1,
@angular/core,21.1.5,2026-02-18,6779635,95,1,
@angular/core,19.2.19,2026-02-25,9989442,67,1,
@angular/core,20.3.17,2026-02-25,10376567,85,1,
@angular/core,21.1.6,2026-02-25,6777881,95,1,
@angular/core,21.2.0,2026-02-25,6736294,95,1,
@angular/core,21.2.1,2026-03-04,6743013,95,1,
@angular/core,21.2.2,2026-03-09,6749343,95,1,
@angular/core,21.2.3,2026-03-11,6751284,95,1,
@angular/core,19.2.20,2026-03-12,9989871,67,1,
@angular/core,20.3.18,2026-03-12,10380746,85,1,
@angular/core,21.2.4,2026-03-12,6742000,95,1,
@angular/core,21.2.5,2026-03-18,6766211,95,1,
@angular/core,21.2.6,2026-03-25,6767170,95,1,
@angular/core,21.2.7,2026-04-01,6772133,95,1,2
@angular/core,21.2.8,2026-04-08,6774572,95,1,
@angular/core,19.2.21,2026-04-15,9993511,67,1,
@angular/core,20.3.19,2026-04-15,10380746,85,1,
@angular/core,21.2.9,2026-04-15,6774781,95,1,
@angular/core,21.2.10,2026-04-22,6778557,95,1,
@angular/core,21.2.11,2026-04-29,6779164,95,1,
@angular/core,20.3.20,2026-05-06,10383967,85,1,
@angular/core,21.2.12,2026-05-06,6787467,95,1,
@angular/core,19.2.22,2026-05-12,9995802,67,1,
@angular/core,20.3.21,2026-05-12,10383967,85,1,
@angular/core,21.2.13,2026-05-13,6786492,95,1,
@angular/core,21.2.14,2026-05-20,6789181,95,1,
@angular/core,19.2.23,2026-05-27,10029088,67,1,
@angular/core,20.3.22,2026-05-27,10417106,85,1,
@angular/core,19.2.24,2026-05-28,10029060,67,1,
@angular/core,20.3.23,2026-05-28,10417078,85,1,
@angular/core,21.2.15,2026-05-28,6809365,95,1,
@angular/core,19.2.25,2026-06-02,10029060,67,1,
@angular/core,20.3.24,2026-06-02,10417078,85,1,
@angular/core,21.2.16,2026-06-03,6810522,95,1,
@angular/core,22.0.0,2026-06-03,7094039,102,1,
@angular/core,20.3.25,2026-06-10,10414891,85,1,
@angular/core,21.2.17,2026-06-10,6808348,95,1,
@angular/core,22.0.1,2026-06-10,7093511,102,1,
@angular/core,22.0.2,2026-06-17,7104374,102,1,
@angular/core,22.0.3,2026-06-25,7105367,102,1,
@angular/core,22.0.4,2026-06-26,7109927,102,1,
@angular/core,22.0.5,2026-07-01,7109884,102,1,2
@angular/core,20.3.26,2026-07-08,10420018,85,1,
@angular/core,21.2.18,2026-07-08,6813228,95,1,
@angular/core,22.0.6,2026-07-08,7111127,102,1,
@angular/core,22.0.7,2026-07-16,7111066,102,1,
@angular/core,22.0.8,2026-07-22,7114172,102,1,2
@nestjs/core,4.5.11,2018-02-11,177811,133,4,64
@nestjs/core,4.5.12,2018-02-11,177811,133,4,
@nestjs/core,4.5.13,2018-02-11,177967,133,6,
@nestjs/core,4.5.14,2018-02-11,177967,133,6,
@nestjs/core,4.5.15,2018-02-11,179579,133,6,
@nestjs/core,4.5.16,2018-02-11,179327,133,6,
@nestjs/core,4.6.0,2018-02-11,179326,133,6,
@nestjs/core,4.6.1,2018-02-15,184936,133,6,
@nestjs/core,4.6.1-0,2018-02-15,179328,133,6,
@nestjs/core,4.6.1-1,2018-02-15,184938,133,6,
@nestjs/core,4.6.2,2018-02-15,184829,133,6,
@nestjs/core,4.6.3,2018-02-16,184990,133,6,
@nestjs/core,4.6.4,2018-02-18,185340,133,6,
@nestjs/core,4.6.5,2018-03-01,186220,133,6,
@nestjs/core,4.6.6,2018-03-11,189625,133,6,
@nestjs/core,5.0.0,2018-05-13,210210,163,5,58
@nestjs/core,5.0.1,2018-05-25,210516,163,6,
@nestjs/core,5.1.0,2018-07-05,194933,151,6,59
@nestjs/core,5.2.0,2018-08-22,207150,155,7,
@nestjs/core,5.2.1,2018-08-22,207187,155,7,
@nestjs/core,5.2.2,2018-08-24,207321,155,7,
@nestjs/core,5.3.0,2018-08-31,208776,155,8,
@nestjs/core,5.3.1-oc,2018-09-02,208959,155,9,
@nestjs/core,5.3.1-oc2,2018-09-02,208956,155,9,
@nestjs/core,5.3.1-oc3,2018-09-02,209113,155,9,
@nestjs/core,5.3.1,2018-09-03,210050,155,9,
@nestjs/core,5.3.2,2018-09-03,210277,155,9,
@nestjs/core,5.3.3,2018-09-04,210278,155,9,
@nestjs/core,5.3.4,2018-09-05,210278,155,9,
@nestjs/core,5.3.6,2018-09-09,213844,157,9,
@nestjs/core,5.3.7,2018-09-13,214209,157,9,
@nestjs/core,5.3.10,2018-09-24,213573,157,9,
@nestjs/core,5.3.8,2018-09-24,213562,157,9,
@nestjs/core,5.3.9,2018-09-24,213571,157,9,
@nestjs/core,5.3.11,2018-10-05,214184,157,10,86
@nestjs/core,5.3.11-workspace,2018-10-17,152384,76,10,
@nestjs/core,5.3.14,2018-10-18,209901,149,10,
@nestjs/core,5.3.15,2018-10-19,209901,149,10,
@nestjs/core,5.4.0,2018-10-19,217381,153,10,
@nestjs/core,5.4.0-0,2018-10-19,217383,153,10,
@nestjs/core,5.4.1,2018-11-30,218781,153,10,
@nestjs/core,5.5.0-0,2018-12-06,218515,153,10,
@nestjs/core,5.5.0,2018-12-09,218513,153,10,
@nestjs/core,5.6.0,2019-01-16,218836,153,10,86
@nestjs/core,5.6.1,2019-01-16,218836,153,10,
@nestjs/core,5.6.2,2019-01-16,218836,153,10,
@nestjs/core,5.7.0,2019-02-05,219812,153,10,
@nestjs/core,5.7.1,2019-02-08,219824,153,10,
@nestjs/core,5.7.2,2019-02-08,220158,153,10,
@nestjs/core,5.7.3,2019-02-21,220483,153,10,
@nestjs/core,5.7.4,2019-03-09,220501,153,10,
@nestjs/core,6.0.0,2019-03-16,264245,195,6,
@nestjs/core,6.0.1,2019-03-18,264935,195,6,
@nestjs/core,6.0.2,2019-03-20,265613,195,6,
@nestjs/core,6.0.3,2019-03-26,266388,195,6,
@nestjs/core,6.0.4,2019-03-27,266427,195,6,
@nestjs/core,6.0.5,2019-03-31,266427,195,6,
@nestjs/core,6.1.0,2019-04-10,266835,195,6,19
@nestjs/core,6.1.1,2019-04-15,266741,195,6,
@nestjs/core,6.2.0,2019-05-11,268000,195,6,
@nestjs/core,6.2.1,2019-05-19,268889,195,6,
@nestjs/core,6.2.2,2019-05-19,269229,195,6,
@nestjs/core,6.2.3,2019-05-20,269229,195,6,
@nestjs/core,6.2.4,2019-05-21,269229,195,6,
@nestjs/core,6.3.0,2019-06-05,270299,195,6,
@nestjs/core,6.3.1,2019-06-06,270683,195,6,
@nestjs/core,6.3.2,2019-06-22,276986,196,6,
@nestjs/core,6.4.0,2019-07-01,279710,196,6,19
@nestjs/core,6.4.1,2019-07-03,280329,196,6,
@nestjs/core,6.5.0,2019-07-09,287509,196,6,
@nestjs/core,6.5.1,2019-07-10,287509,196,6,
@nestjs/core,6.5.2,2019-07-10,287509,196,6,
@nestjs/core,6.5.3,2019-07-18,287675,196,6,
@nestjs/core,6.6.0,2019-08-28,305697,201,6,
@nestjs/core,6.6.1,2019-08-28,305697,201,6,
@nestjs/core,6.6.2,2019-08-28,305772,201,6,
@nestjs/core,6.6.3,2019-08-29,305772,201,6,
@nestjs/core,6.6.4,2019-09-02,305847,201,6,
@nestjs/core,6.6.5,2019-09-03,306539,201,6,
@nestjs/core,6.6.6,2019-09-03,306549,201,6,
@nestjs/core,6.6.7,2019-09-03,306549,201,6,
@nestjs/core,6.7.0,2019-09-16,307877,201,6,
@nestjs/core,6.7.1,2019-09-16,307877,201,6,
@nestjs/core,6.7.2,2019-09-21,307877,201,6,
@nestjs/core,6.8.0,2019-09-30,312212,211,5,
@nestjs/core,6.8.1,2019-10-04,312182,211,5,18
@nestjs/core,6.8.2,2019-10-04,312393,211,5,
@nestjs/core,6.8.3,2019-10-10,312543,211,5,
@nestjs/core,6.8.4,2019-10-24,313173,211,5,
@nestjs/core,6.8.5,2019-10-27,312815,211,5,
@nestjs/core,6.9.0,2019-11-03,315416,211,5,
@nestjs/core,6.10.0,2019-11-15,311741,216,5,
@nestjs/core,6.10.1,2019-11-15,311741,216,5,
@nestjs/core,6.10.2,2019-11-26,312730,216,5,
@nestjs/core,6.10.3,2019-11-29,313465,218,5,
@nestjs/core,6.10.4,2019-11-30,314216,218,5,
@nestjs/core,6.10.5,2019-12-02,314085,218,5,
@nestjs/core,6.10.6,2019-12-05,314739,218,5,
@nestjs/core,6.10.7,2019-12-05,315144,218,5,
@nestjs/core,6.10.8,2019-12-08,315338,218,5,
@nestjs/core,6.10.9,2019-12-10,315232,218,5,
@nestjs/core,6.10.10,2019-12-11,315102,218,5,
@nestjs/core,6.10.11,2019-12-13,319637,224,5,
@nestjs/core,6.10.12,2019-12-18,319729,224,5,
@nestjs/core,6.10.13,2019-12-27,320156,224,5,
@nestjs/core,6.10.14,2020-01-05,320156,224,5,18
@nestjs/core,6.11.0,2020-01-24,319235,224,7,
@nestjs/core,6.11.1,2020-01-24,319235,224,7,
@nestjs/core,6.11.2,2020-01-28,320563,224,7,
@nestjs/core,6.11.3,2020-01-28,320655,224,7,
@nestjs/core,6.11.4,2020-01-28,320655,224,7,
@nestjs/core,6.11.5,2020-01-31,320655,224,7,
@nestjs/core,6.11.6,2020-02-06,320656,224,7,
@nestjs/core,6.11.7,2020-02-13,321347,224,7,
@nestjs/core,6.11.8,2020-02-20,321861,224,7,
@nestjs/core,6.11.9,2020-03-02,321989,224,7,
@nestjs/core,6.11.10,2020-03-03,321994,224,7,
@nestjs/core,6.11.11,2020-03-03,321994,224,7,
@nestjs/core,7.0.0,2020-03-13,324999,224,7,
@nestjs/core,7.0.1,2020-03-13,324999,224,7,
@nestjs/core,7.0.2,2020-03-15,324999,224,7,
@nestjs/core,7.0.3,2020-03-17,325048,224,7,
@nestjs/core,7.0.4,2020-03-21,325047,224,7,
@nestjs/core,7.0.5,2020-03-22,325047,224,7,
@nestjs/core,7.0.6,2020-03-26,325633,224,7,
@nestjs/core,7.0.7,2020-03-29,325633,224,7,
@nestjs/core,7.0.8,2020-04-16,326189,224,7,20
@nestjs/core,7.0.9,2020-04-24,326372,224,7,
@nestjs/core,7.0.10,2020-05-12,326486,224,7,
@nestjs/core,7.0.11,2020-05-12,330110,228,7,
@nestjs/core,7.0.13,2020-05-15,330162,228,7,
@nestjs/core,7.1.0,2020-05-24,330232,228,7,
@nestjs/core,7.1.1,2020-05-28,330267,228,7,
@nestjs/core,7.1.2,2020-06-01,331116,228,7,
@nestjs/core,7.1.3,2020-06-03,331420,228,7,
@nestjs/core,7.2.0,2020-06-18,336235,228,7,
@nestjs/core,7.3.0,2020-07-01,336570,228,7,20
@nestjs/core,7.3.1,2020-07-02,336570,228,7,
@nestjs/core,7.3.2,2020-07-08,336960,228,7,
@nestjs/core,7.4.0,2020-07-29,337420,228,7,
@nestjs/core,7.4.1,2020-07-29,337420,228,7,
@nestjs/core,7.4.2,2020-07-30,337434,228,7,
@nestjs/core,7.4.3,2020-08-28,337629,228,7,
@nestjs/core,7.4.4,2020-08-31,337828,228,7,
@nestjs/core,7.5.0,2020-11-02,345701,232,7,20
@nestjs/core,7.5.1,2020-11-02,345701,232,7,
@nestjs/core,7.5.2,2020-11-13,346341,232,7,
@nestjs/core,7.5.3,2020-11-17,346341,232,7,
@nestjs/core,7.5.4,2020-11-18,346989,232,7,
@nestjs/core,7.5.5,2020-11-23,346989,232,7,
@nestjs/core,7.6.0,2020-12-10,348710,232,7,
@nestjs/core,7.6.1,2020-12-10,348710,232,7,
@nestjs/core,7.6.2,2020-12-17,348696,232,7,
@nestjs/core,7.6.3,2020-12-17,348804,232,7,
@nestjs/core,7.6.4,2020-12-21,348804,232,7,
@nestjs/core,7.6.5,2020-12-30,349037,232,7,
@nestjs/core,7.6.6,2021-01-26,349554,232,7,19
@nestjs/core,7.6.7,2021-01-27,349554,232,7,
@nestjs/core,7.6.8,2021-02-01,350552,232,7,
@nestjs/core,7.6.9,2021-02-02,351043,232,7,
@nestjs/core,7.6.10,2021-02-03,351045,232,7,
@nestjs/core,7.6.11,2021-02-03,351123,232,7,
@nestjs/core,7.6.12,2021-02-10,352014,232,7,
@nestjs/core,7.6.13,2021-02-22,352573,232,7,
@nestjs/core,7.6.14,2021-03-12,352870,232,7,
@nestjs/core,7.6.15,2021-03-22,352870,232,7,
@nestjs/core,7.6.16,2021-05-18,353911,232,7,19
@nestjs/core,7.6.17,2021-05-18,353951,232,7,
@nestjs/core,7.6.18,2021-06-17,354258,232,7,
@nestjs/core,8.0.0,2021-07-07,387602,252,7,19
@nestjs/core,8.0.1,2021-07-09,387643,252,7,
@nestjs/core,8.0.2,2021-07-12,387691,252,7,
@nestjs/core,8.0.3,2021-07-15,387710,252,7,
@nestjs/core,8.0.4,2021-07-16,387710,252,7,
@nestjs/core,8.0.5,2021-07-27,388913,252,7,
@nestjs/core,8.0.6,2021-08-05,389669,252,7,
@nestjs/core,8.0.7,2021-09-24,390344,252,7,
@nestjs/core,8.0.8,2021-09-28,390490,252,7,
@nestjs/core,8.0.9,2021-09-30,390517,252,7,
@nestjs/core,8.0.10,2021-10-05,390570,252,7,19
@nestjs/core,8.0.11,2021-10-06,390544,252,7,
@nestjs/core,8.1.0,2021-10-13,395983,254,7,
@nestjs/core,8.1.1,2021-10-14,394593,254,7,
@nestjs/core,8.1.2,2021-10-25,394575,254,7,
@nestjs/core,8.2.0,2021-11-08,394899,255,7,
@nestjs/core,8.2.1,2021-11-16,395067,255,7,
@nestjs/core,8.2.2,2021-11-18,395524,255,7,
@nestjs/core,8.2.3,2021-11-22,395849,255,7,
@nestjs/core,8.2.4,2021-12-17,401917,257,7,
@nestjs/core,8.2.5,2022-01-12,401881,257,7,19
@nestjs/core,8.2.6,2022-01-20,401881,257,7,
@nestjs/core,8.3.0,2022-02-14,404387,257,7,
@nestjs/core,8.3.1,2022-02-16,403113,257,7,
@nestjs/core,8.4.0,2022-03-01,405301,256,7,
@nestjs/core,8.4.1,2022-03-14,406622,256,7,
@nestjs/core,8.4.2,2022-03-21,406622,256,7,
@nestjs/core,8.4.3,2022-03-25,406622,256,7,
@nestjs/core,8.4.4,2022-04-07,406772,256,7,19
@nestjs/core,8.4.5,2022-05-13,407158,256,7,
@nestjs/core,8.4.6,2022-05-31,408334,256,7,
@nestjs/core,8.4.7,2022-06-14,408456,256,7,
@nestjs/core,9.0.0,2022-07-08,431051,288,7,19
@nestjs/core,9.0.1,2022-07-08,431051,288,7,
@nestjs/core,9.0.2,2022-07-11,431043,288,7,
@nestjs/core,9.0.3,2022-07-12,431087,288,7,
@nestjs/core,9.0.4,2022-07-18,432399,290,7,
@nestjs/core,9.0.5,2022-07-20,432399,290,7,
@nestjs/core,9.0.6,2022-07-28,434030,294,7,
@nestjs/core,9.0.7,2022-07-28,434025,294,7,
@nestjs/core,9.0.8,2022-08-03,434215,294,7,
@nestjs/core,9.0.9,2022-08-11,434261,294,7,
@nestjs/core,9.0.10,2022-08-16,434263,294,7,
@nestjs/core,9.0.11,2022-08-16,434263,294,7,
@nestjs/core,9.1.1,2022-09-19,435321,294,7,
@nestjs/core,9.1.2,2022-09-22,435321,294,7,
@nestjs/core,9.1.3,2022-10-05,435321,294,7,19
@nestjs/core,9.1.4,2022-10-05,435321,294,7,
@nestjs/core,9.1.5,2022-10-21,435345,294,7,
@nestjs/core,9.1.6,2022-10-24,436133,302,7,
@nestjs/core,9.2.0,2022-11-07,445779,306,7,
@nestjs/core,9.2.1,2022-11-29,446879,307,7,
@nestjs/core,9.3.0,2023-02-01,487421,329,7,19
@nestjs/core,9.3.1,2023-02-01,487421,329,7,
@nestjs/core,9.3.2,2023-02-03,488924,331,7,
@nestjs/core,9.3.3,2023-02-06,493292,331,6,
@nestjs/core,9.3.4,2023-02-07,493312,331,7,
@nestjs/core,9.3.5,2023-02-07,493312,331,7,
@nestjs/core,9.3.6,2023-02-08,494768,337,6,
@nestjs/core,9.3.7,2023-02-08,494752,337,6,
@nestjs/core,9.3.8,2023-02-10,495706,337,6,
@nestjs/core,9.3.9,2023-02-14,496048,337,6,
@nestjs/core,9.3.10,2023-03-15,500462,341,6,
@nestjs/core,9.3.11,2023-03-21,501086,341,6,
@nestjs/core,9.3.12,2023-03-22,501205,341,6,
@nestjs/core,9.4.0,2023-04-05,501203,341,6,19
@nestjs/core,9.4.1,2023-05-16,501888,345,6,
@nestjs/core,9.4.2,2023-05-23,502086,345,6,
@nestjs/core,9.4.3,2023-06-12,502086,345,6,
@nestjs/core,10.0.0,2023-06-15,502948,345,6,
@nestjs/core,10.0.1,2023-06-17,502948,345,6,
@nestjs/core,10.0.2,2023-06-19,503084,345,6,
@nestjs/core,10.0.3,2023-06-21,503251,345,6,
@nestjs/core,10.0.4,2023-06-29,503356,345,6,
@nestjs/core,10.0.5,2023-07-03,503356,345,6,19
@nestjs/core,10.1.0,2023-07-17,502514,347,6,
@nestjs/core,10.1.1,2023-07-24,502510,347,6,
@nestjs/core,10.1.2,2023-07-25,502510,347,6,
@nestjs/core,10.1.3,2023-07-31,503070,347,6,
@nestjs/core,10.2.0,2023-08-21,520098,349,6,
@nestjs/core,10.2.1,2023-08-22,520098,349,6,
@nestjs/core,10.2.2,2023-08-28,520311,349,6,
@nestjs/core,10.2.3,2023-08-30,520311,349,6,
@nestjs/core,10.2.4,2023-08-31,520311,349,6,
@nestjs/core,10.2.5,2023-09-11,520423,349,6,
@nestjs/core,10.2.6,2023-09-22,520804,349,6,
@nestjs/core,10.2.7,2023-10-05,520804,349,6,19
@nestjs/core,10.2.8,2023-11-02,521222,349,6,
@nestjs/core,10.2.9,2023-11-17,521933,349,6,
@nestjs/core,10.2.10,2023-11-20,521935,349,6,
@nestjs/core,10.3.0,2023-12-18,522300,349,6,
@nestjs/core,10.3.1,2024-01-23,522357,349,6,19
@nestjs/core,10.3.2,2024-02-07,522277,349,6,
@nestjs/core,10.3.3,2024-02-12,523124,349,6,
@nestjs/core,10.3.4,2024-03-18,531695,355,6,
@nestjs/core,10.3.5,2024-03-22,523522,349,6,
@nestjs/core,10.3.6,2024-03-27,523502,349,6,
@nestjs/core,10.3.7,2024-03-28,523502,349,6,
@nestjs/core,10.3.8,2024-04-19,523502,349,6,19
@nestjs/core,10.3.9,2024-06-03,523609,349,6,
@nestjs/core,10.3.10,2024-07-01,524709,349,6,19
@nestjs/core,10.4.0,2024-08-12,525262,349,6,
@nestjs/core,10.4.1,2024-08-13,525262,349,6,
@nestjs/core,10.4.2,2024-09-16,524277,349,6,
@nestjs/core,10.4.3,2024-09-17,524282,349,6,
@nestjs/core,10.4.4,2024-09-23,524282,349,6,
@nestjs/core,10.4.5,2024-10-16,524470,349,6,19
@nestjs/core,10.4.6,2024-10-23,524691,349,6,
@nestjs/core,10.4.7,2024-11-05,524691,349,6,
@nestjs/core,10.4.8,2024-11-15,527323,349,6,
@nestjs/core,10.4.9,2024-11-25,528160,349,6,
@nestjs/core,10.4.10,2024-11-27,536243,355,6,
@nestjs/core,10.4.11,2024-11-27,528162,349,6,
@nestjs/core,10.4.12,2024-11-29,539299,357,6,
@nestjs/core,10.4.13,2024-12-03,539299,357,6,
@nestjs/core,10.4.14,2024-12-09,539303,357,6,
@nestjs/core,10.4.15,2024-12-09,539303,357,6,
@nestjs/core,11.0.0,2025-01-16,545515,357,6,9
@nestjs/core,11.0.1,2025-01-16,545910,357,6,
@nestjs/core,11.0.2,2025-01-20,545910,357,6,
@nestjs/core,11.0.3,2025-01-20,545910,357,6,
@nestjs/core,11.0.4,2025-01-22,545910,357,6,
@nestjs/core,11.0.5,2025-01-23,542121,355,6,
@nestjs/core,11.0.6,2025-01-27,542284,355,6,
@nestjs/core,11.0.7,2025-01-31,542484,355,6,
@nestjs/core,11.0.8,2025-02-06,542484,355,6,
@nestjs/core,11.0.9,2025-02-10,545859,359,6,
@nestjs/core,11.0.10,2025-02-17,545861,359,6,
@nestjs/core,11.0.11,2025-02-28,545861,359,6,
@nestjs/core,11.0.12,2025-03-19,546586,359,6,
@nestjs/core,11.0.13,2025-04-03,548596,363,6,9
@nestjs/core,11.0.14,2025-04-09,548596,363,6,
@nestjs/core,11.0.15,2025-04-10,548596,363,6,
@nestjs/core,11.0.16,2025-04-11,548596,363,6,
@nestjs/core,10.4.16,2025-04-14,545787,365,6,
@nestjs/core,11.0.17,2025-04-14,552741,365,6,
@nestjs/core,10.4.17,2025-04-15,545787,365,6,
@nestjs/core,11.0.18,2025-04-15,552741,365,6,
@nestjs/core,11.0.19,2025-04-15,552741,365,6,
@nestjs/core,11.0.20,2025-04-16,552741,365,6,
@nestjs/core,11.0.21,2025-04-23,552741,365,6,
@nestjs/core,11.1.0,2025-04-23,552739,365,6,
@nestjs/core,11.1.1,2025-05-14,553023,365,6,
@nestjs/core,10.4.18,2025-05-26,545787,365,6,
@nestjs/core,11.1.2,2025-05-26,553023,365,6,
@nestjs/core,11.1.3,2025-06-06,553173,365,6,
@nestjs/core,10.4.19,2025-06-09,545787,365,6,
@nestjs/core,11.1.4,2025-07-16,563400,369,6,9
@nestjs/core,11.1.5,2025-07-18,563400,369,6,
@nestjs/core,10.4.20,2025-07-23,548940,369,6,
@nestjs/core,11.1.6,2025-08-07,564458,369,6,
@nestjs/core,11.1.7,2025-10-21,565666,369,6,9
@nestjs/core,11.1.8,2025-10-27,567362,369,6,
@nestjs/core,11.1.9,2025-11-14,567614,369,6,
@nestjs/core,11.1.10,2025-12-22,569602,369,6,
@nestjs/core,11.1.11,2025-12-29,569744,369,6,
@nestjs/core,10.4.21,2026-01-08,548998,369,6,19
@nestjs/core,10.4.22,2026-01-10,548998,369,6,
@nestjs/core,11.1.12,2026-01-15,570343,369,6,
@nestjs/core,11.1.13,2026-02-03,570510,369,6,
@nestjs/core,11.1.14,2026-02-17,563413,361,6,
@nestjs/core,11.1.15,2026-03-03,563413,361,6,
@nestjs/core,11.1.16,2026-03-05,563529,361,6,
@nestjs/core,11.1.17,2026-03-16,570424,369,6,
@nestjs/core,11.1.18,2026-04-03,570986,369,6,9
@nestjs/core,11.1.19,2026-04-13,570986,369,6,
@nestjs/core,11.1.20,2026-05-13,579741,369,6,
@nestjs/core,11.1.21,2026-05-14,579844,369,6,
@nestjs/core,11.1.22,2026-05-21,582460,369,6,
@nestjs/core,11.1.23,2026-05-21,582573,369,6,
@nestjs/core,11.1.24,2026-05-25,584218,369,6,
@nestjs/core,11.1.25,2026-06-08,609389,381,5,
@nestjs/core,11.1.26,2026-06-08,609472,381,5,
@nestjs/core,11.1.27,2026-06-15,610173,381,5,
@nestjs/core,11.1.28,2026-07-08,609071,381,5,7
astro,0.1.0,2021-03-13,284,2,0,1
astro,0.0.2,2021-04-10,316279,137,44,612
astro,0.0.3,2021-04-10,288910,131,38,
astro,0.0.4,2021-04-11,289259,131,38,
astro,0.0.5,2021-04-11,290247,132,38,
astro,0.0.6,2021-04-19,2232911,799,45,
astro,0.0.7,2021-04-23,2239302,805,47,
astro,0.0.8,2021-04-30,344749,151,47,
astro,0.0.9,2021-04-30,345523,152,47,
astro,0.0.10,2021-05-04,5238,6,50,
astro,0.0.11,2021-05-04,5411,6,52,
astro,0.0.12,2021-05-05,311761,64,52,
astro,0.10.0,2021-05-17,550551,69,60,
astro,0.11.0,2021-05-24,551697,68,62,
astro,0.12.0,2021-06-02,433063,70,60,
astro,0.12.1,2021-06-02,433151,70,60,
astro,0.12.2,2021-06-04,401804,64,56,
astro,0.12.3,2021-06-04,401973,64,56,
astro,0.12.4,2021-06-05,407687,66,56,
astro,0.12.5,2021-06-07,413784,68,56,
astro,0.12.6,2021-06-07,413888,68,56,
astro,0.12.10,2021-06-08,433940,68,56,
astro,0.12.7,2021-06-08,431289,68,56,
astro,0.12.8,2021-06-08,431353,68,56,
astro,0.12.9,2021-06-08,433444,68,56,
astro,0.13.0,2021-06-11,426158,68,56,
astro,0.13.1,2021-06-11,426620,68,56,
astro,0.13.2,2021-06-12,429218,68,56,
astro,0.13.3,2021-06-14,429846,68,56,
astro,0.13.4,2021-06-14,430188,68,56,
astro,0.13.5,2021-06-14,430278,68,56,
astro,0.13.6,2021-06-14,429915,68,56,
astro,0.13.7,2021-06-15,430048,68,56,
astro,0.13.10,2021-06-16,440169,68,56,
astro,0.13.8,2021-06-16,433764,68,56,
astro,0.13.9,2021-06-16,434462,68,56,
astro,0.13.11,2021-06-21,496183,73,56,
astro,0.13.12,2021-06-22,439731,68,56,
astro,0.14.0,2021-06-22,497874,73,56,
astro,0.14.1,2021-06-23,502385,75,56,
astro,0.15.0,2021-06-25,506171,75,56,
astro,0.15.1,2021-06-25,506256,75,56,
astro,0.15.2,2021-06-29,510774,75,56,
astro,0.15.3,2021-06-30,513643,75,56,
astro,0.15.4,2021-07-01,574529,79,56,734
astro,0.15.5,2021-07-01,580131,79,56,
astro,0.16.0,2021-07-01,565542,78,49,
astro,0.16.1,2021-07-01,581842,79,49,
astro,0.16.2,2021-07-07,569435,78,49,
astro,0.16.3,2021-07-08,569434,78,49,
astro,0.17.0,2021-07-08,571320,78,49,
astro,0.17.1,2021-07-09,572123,78,49,
astro,0.17.2,2021-07-12,574868,78,51,
astro,0.18.0-collections.1,2021-07-19,304361,113,53,
astro,0.17.3,2021-07-20,592481,79,51,
astro,0.18.0,2021-07-27,321579,114,53,
astro,0.18.1,2021-07-27,322022,114,53,
astro,0.18.2,2021-07-28,323053,114,53,
astro,0.18.3,2021-07-28,323153,114,53,
astro,0.18.4,2021-07-28,323253,114,53,
astro,0.18.5,2021-07-30,323418,114,53,
astro,0.18.6,2021-08-03,324012,114,53,
astro,0.18.7,2021-08-03,325865,114,53,
astro,0.18.8,2021-08-03,324446,114,53,
astro,0.18.9,2021-08-05,327841,114,54,
astro,0.0.0-routing-202176183324,2021-08-06,339867,115,55,
astro,0.0.0-routing-2021786728,2021-08-08,341113,117,54,
astro,0.0.0-202171022251,2021-08-10,344418,117,54,
astro,0.0.0-routing-2021711175453,2021-08-11,344593,117,54,
astro,0.0.0-routing-2021711181854,2021-08-11,355366,118,54,
astro,0.0.0-routing-2021711193725,2021-08-11,344573,117,54,
astro,0.18.10,2021-08-11,332142,114,54,
astro,0.18.11,2021-08-11,312195,66,54,
astro,0.18.12,2021-08-11,339187,115,54,
astro,0.18.13,2021-08-13,339344,115,54,
astro,0.19.0,2021-08-18,350732,120,54,
astro,0.19.1,2021-08-20,352627,120,54,
astro,0.19.2,2021-08-23,357940,122,54,
astro,0.19.3,2021-08-23,367547,125,55,
astro,0.19.4,2021-08-24,367810,125,55,
astro,0.20.0,2021-08-26,369149,125,54,
astro,0.20.1,2021-08-26,371936,127,56,
astro,0.20.2,2021-08-27,388780,129,56,
astro,0.20.3,2021-08-27,388950,129,56,
astro,0.20.4,2021-09-01,390344,129,56,
astro,0.20.5,2021-09-09,395008,130,57,
astro,0.20.6,2021-09-15,396742,130,58,
astro,0.20.7,2021-09-15,397172,130,58,
astro,0.0.0-compiler-2021821194359,2021-09-21,214733,85,35,
astro,0.0.0-compiler-20218212004,2021-09-21,214760,85,36,
astro,0.0.0-compiler-2021821205547,2021-09-21,214762,85,36,
astro,0.0.0-compiler-2021821224214,2021-09-21,214799,85,37,
astro,0.0.0-compiler-202182123352,2021-09-21,214882,85,37,
astro,0.0.0-compiler-202182320560,2021-09-23,216509,85,37,
astro,0.0.0-astro-check-2021824174150,2021-09-24,404326,132,59,
astro,0.0.0-compiler-2021824171345,2021-09-24,215458,83,37,
astro,0.20.8,2021-09-28,398064,130,58,
astro,0.0.0-compiler-20218291883,2021-09-29,215876,83,37,
astro,0.0.0-compiler-202183012586,2021-09-30,215869,83,37,
astro,0.0.0-compiler-202183013580,2021-09-30,215743,83,37,
astro,0.0.0-compiler-202183014611,2021-09-30,215801,83,39,
astro,0.20.9,2021-10-01,398673,130,59,875
astro,0.0.0-compiler-202194144128,2021-10-04,215801,83,39,
astro,0.0.0-compiler-202194164345,2021-10-04,215801,83,39,
astro,0.0.0-compiler-202195175150,2021-10-05,216011,83,39,
astro,0.0.0-compiler-202195175449,2021-10-05,216011,83,39,
astro,0.0.0-compiler-202195205134,2021-10-05,216635,83,39,
astro,0.0.0-compiler-202195205843,2021-10-05,216635,83,39,
astro,0.0.0-compiler-20219819163,2021-10-08,216843,83,39,
astro,0.20.10,2021-10-11,405238,132,60,
astro,0.0.0-compiler-2021912135149,2021-10-12,220287,87,39,
astro,0.0.0-compiler-2021912201024,2021-10-12,220729,87,41,
astro,0.20.11,2021-10-12,405368,132,60,
astro,0.0.0-compiler-2021913193713,2021-10-13,222542,89,41,
astro,0.0.0-compiler-2021913205815,2021-10-13,222542,89,41,
astro,0.0.0-compiler-202191418258,2021-10-14,223241,89,41,
astro,0.0.0-compiler-202191419857,2021-10-14,223236,89,41,
astro,0.20.12,2021-10-14,405683,132,60,
astro,0.0.0-compiler-20219160298,2021-10-16,220494,77,40,
astro,0.0.0-compiler-2021918182157,2021-10-18,220553,77,40,
astro,0.0.0-compiler-2021918205521,2021-10-18,221032,79,40,
astro,0.0.0-compiler-2021919122335,2021-10-19,13124757,117,40,
astro,0.0.0-compiler-2021919144253,2021-10-19,13124817,117,42,
astro,0.0.0-compiler-2021919173559,2021-10-19,13124817,117,42,
astro,0.0.0-compiler-202191918936,2021-10-19,13124968,117,42,
astro,0.0.0-compiler-2021922153359,2021-10-22,13243674,120,41,
astro,0.0.0-compiler-2021922171217,2021-10-22,13242983,120,41,
astro,0.0.0-compiler-202192217569,2021-10-22,13243240,120,41,
astro,0.0.0-compiler-202192218225,2021-10-22,13243356,120,41,
astro,0.0.0-compiler-2021922182313,2021-10-22,13244650,120,41,
astro,0.0.0-compiler-202192219270,2021-10-22,13244659,120,41,
astro,0.0.0-compiler-2021922192928,2021-10-22,13238612,120,41,
astro,0.0.0-compiler-2021922193128,2021-10-22,13239606,120,41,
astro,0.0.0-compiler-2021922194124,2021-10-22,13239610,120,41,
astro,0.0.0-compiler-202192219476,2021-10-22,13239532,120,41,
astro,0.0.0-compiler-202192222271,2021-10-22,13239528,120,41,
astro,0.0.0-compiler-202192513412,2021-10-25,13238856,120,41,
astro,0.0.0-compiler-2021925165634,2021-10-25,13239070,120,41,
astro,0.0.0-compiler-202192518234,2021-10-25,13239073,120,41,
astro,0.0.0-compiler-202192518814,2021-10-25,13239069,120,41,
astro,0.0.0-compiler-2021925192442,2021-10-25,13244001,120,42,
astro,0.0.0-compiler-202192519628,2021-10-25,13243878,120,42,
astro,0.0.0-compiler-2021925201936,2021-10-25,13244005,120,42,
astro,0.0.0-compiler-2021926152628,2021-10-26,13244793,120,43,
astro,0.0.0-compiler-2021926155820,2021-10-26,13241328,120,43,
astro,0.0.0-compiler-20219261822,2021-10-26,13241449,120,43,
astro,0.0.0-compiler-202192621387,2021-10-26,13241747,120,43,
astro,0.0.0-compiler-20219270206,2021-10-27,13241750,120,43,
astro,0.0.0-compiler-2021927151937,2021-10-27,13241791,120,43,
astro,0.0.0-compiler-2021927153828,2021-10-27,13241933,120,43,
astro,0.0.0-compiler-2021927154633,2021-10-27,13241965,120,43,
astro,0.0.0-compiler-2021927161216,2021-10-27,13242067,120,43,
astro,0.0.0-compiler-202192716846,2021-10-27,13241964,120,43,
astro,0.0.0-compiler-2021927182945,2021-10-27,13240932,120,43,
astro,0.0.0-compiler-202192718640,2021-10-27,13242070,120,43,
astro,0.0.0-compiler-202192719628,2021-10-27,13240957,120,43,
astro,0.0.0-compiler-202192719637,2021-10-27,13241006,120,44,
astro,0.0.0-compiler-2021927202748,2021-10-27,13241811,120,44,
astro,0.0.0-compiler-202192721226,2021-10-27,13241747,120,43,
astro,0.0.0-compiler-202192722619,2021-10-27,13241813,120,44,
astro,0.0.0-compiler-202192735230,2021-10-27,13241751,120,43,
astro,0.0.0-compiler-202192745537,2021-10-27,13241790,120,43,
astro,0.0.0-compiler-2021928141529,2021-10-28,13245286,122,44,
astro,0.0.0-compiler-2021928152710,2021-10-28,13245533,122,44,
astro,0.0.0-compiler-2021928182540,2021-10-28,13245533,122,44,
astro,0.0.0-compiler-2021928182623,2021-10-28,13245533,122,44,
astro,0.0.0-compiler-2021928195510,2021-10-28,13245533,122,44,
astro,0.0.0-compiler-202192918243,2021-10-29,13245638,122,44,
astro,0.21.0,2021-11-19,13365304,140,52,
astro,0.0.0-build-20211022224355,2021-11-22,13332204,143,54,
astro,0.0.0-build-20211022225750,2021-11-22,13332328,143,54,
astro,0.21.1,2021-11-22,13365775,140,52,
astro,0.21.2,2021-11-22,13370880,142,52,
astro,0.21.3,2021-11-23,13371738,142,52,
astro,0.21.4,2021-11-24,13371804,142,52,
astro,0.21.5,2021-11-29,13374044,142,52,
astro,0.21.6,2021-12-01,13330075,141,52,
astro,0.21.7,2021-12-02,13335188,141,52,
astro,0.21.8,2021-12-02,13335187,141,52,
astro,0.21.10,2021-12-03,13335176,141,52,
astro,0.21.9,2021-12-03,13335134,141,52,
astro,0.21.11,2021-12-06,13336045,141,53,
astro,0.21.12,2021-12-09,13337022,141,53,
astro,0.21.13,2021-12-16,13337204,141,54,
astro,0.22.1,2021-12-23,13364478,153,54,
astro,0.22.2,2021-12-30,13372104,155,54,
astro,0.22.3,2021-12-30,13364693,153,54,
astro,0.22.4,2022-01-04,13372271,155,54,501
astro,0.22.5,2022-01-04,13372271,155,54,
astro,0.22.6,2022-01-05,13372926,155,54,
astro,0.22.7,2022-01-06,13373042,155,54,
astro,0.22.8,2022-01-07,13379148,157,54,
astro,0.22.9,2022-01-07,13380214,157,55,
astro,0.22.10,2022-01-12,13381613,157,55,
astro,0.22.11,2022-01-13,13386066,159,55,
astro,0.22.12,2022-01-14,13387162,159,55,
astro,0.22.13,2022-01-14,13391367,161,55,
astro,0.22.14,2022-01-18,13391590,161,55,
astro,0.22.15,2022-01-20,13556555,161,55,
astro,0.22.16,2022-01-20,13556554,161,55,
astro,0.22.17,2022-01-21,13563034,163,55,
astro,0.22.18,2022-01-24,13563843,163,55,
astro,0.22.19,2022-01-27,13562008,161,54,
astro,0.22.20,2022-01-29,13565431,163,54,
astro,0.23.0,2022-02-18,590101,163,52,
astro,0.23.1,2022-02-24,590171,161,53,
astro,0.23.2,2022-02-25,594249,161,53,
astro,0.23.3,2022-02-28,594966,161,53,
astro,0.23.4,2022-03-02,601100,161,53,
astro,0.23.5,2022-03-03,601616,162,53,
astro,0.23.6,2022-03-04,601616,162,53,
astro,0.23.7,2022-03-04,601616,162,53,
astro,0.24.0,2022-03-11,656351,163,51,
astro,0.24.0-perf.1,2022-03-12,648187,162,51,
astro,0.24.1,2022-03-15,657265,163,51,
astro,0.24.2,2022-03-15,658390,165,52,
astro,0.24.3,2022-03-16,472988,165,52,
astro,0.25.0,2022-03-25,537433,200,56,
astro,0.25.1,2022-03-25,537433,200,57,
astro,0.25.2,2022-03-26,538350,200,57,
astro,0.25.3,2022-03-28,540005,200,57,
astro,0.25.4,2022-03-28,540060,200,57,
astro,0.26.0,2022-04-02,547252,202,60,503
astro,0.26.1,2022-04-04,548826,202,60,
astro,1.0.0,2022-08-09,540442,283,55,462
astro,1.0.1,2022-08-10,541005,283,55,
astro,1.0.2,2022-08-10,546430,283,55,
astro,1.0.3,2022-08-12,542220,283,55,
astro,1.0.4,2022-08-12,548029,281,55,
astro,1.0.5,2022-08-13,548004,283,55,
astro,0.0.0-20220816201344,2022-08-16,554336,283,55,
astro,1.0.6,2022-08-16,548568,283,55,
astro,1.0.7,2022-08-22,548971,283,55,
astro,1.0.8,2022-08-23,553988,283,55,
astro,1.0.9,2022-08-25,555518,283,55,
astro,1.1.0,2022-08-26,561096,286,55,
astro,1.1.1,2022-08-27,562294,287,55,
astro,1.1.2,2022-08-30,563198,287,55,
astro,1.1.3,2022-08-31,563873,287,55,
astro,1.1.4,2022-09-02,564336,287,54,
astro,1.1.5,2022-09-02,564710,287,54,
astro,1.1.6,2022-09-06,566104,287,54,
astro,1.1.7,2022-09-07,566935,287,54,
astro,1.1.8,2022-09-09,571258,297,57,
astro,1.2.0,2022-09-09,573980,297,57,
astro,1.2.1,2022-09-09,573980,297,57,
astro,1.2.2,2022-09-12,574002,297,57,
astro,1.2.3,2022-09-13,574702,297,57,
astro,0.0.0-wasm-20220914141542,2022-09-14,575763,297,57,
astro,0.0.0-wasm-20220914143627,2022-09-14,575763,297,57,
astro,0.0.0-wasm-20220914145350,2022-09-14,575763,297,57,
astro,1.2.4,2022-09-14,576745,297,57,
astro,1.2.5,2022-09-15,577547,297,57,
astro,1.2.6,2022-09-16,593478,305,57,
astro,1.2.7,2022-09-19,593574,305,57,
astro,1.2.8,2022-09-20,593718,305,57,
astro,0.0.0-wasm-20220921185024,2022-09-21,596525,305,57,
astro,1.3.0,2022-09-22,596114,305,58,
astro,1.3.1,2022-09-27,598007,305,58,
astro,0.0.0-imgcache-20220929145446,2022-09-29,610656,313,59,
astro,1.4.0,2022-09-29,610466,313,59,
astro,1.4.1,2022-09-30,610839,313,59,
astro,1.4.2,2022-09-30,611139,313,59,
astro,0.0.0-perf-2-20221003212959,2022-10-03,610336,313,59,520
astro,0.0.0-perf-20221003140654,2022-10-03,610560,313,59,
astro,1.4.3,2022-10-03,610210,313,59,
astro,1.4.4,2022-10-03,610204,313,59,
astro,1.4.5,2022-10-06,613718,311,59,
astro,1.4.6,2022-10-07,616089,315,59,
astro,1.4.7,2022-10-10,615235,315,59,
astro,0.0.0-node-standalone-20221011210529,2022-10-11,627030,317,59,
astro,1.5.0,2022-10-13,637326,319,61,
astro,0.0.0-include-files-20221014115259,2022-10-14,643806,335,61,
astro,0.0.0-include-files-20221014142503,2022-10-14,643806,335,61,
astro,1.5.1,2022-10-18,644800,335,61,
astro,1.5.2,2022-10-19,645028,335,61,
astro,0.0.0-hmr-recovery-20221026140530,2022-10-26,656663,363,61,
astro,1.5.3,2022-10-26,636644,333,61,
astro,0.0.0-hmr-recovery-20221027125930,2022-10-27,657396,363,61,
astro,1.6.0,2022-10-27,638888,333,62,
astro,1.6.1,2022-10-28,653039,348,62,
astro,1.6.2,2022-10-31,653039,348,62,
astro,0.0.0-config-errors-20221101194733,2022-11-01,678193,380,62,
astro,1.6.3,2022-11-03,674199,374,62,
astro,1.6.4,2022-11-07,676423,374,62,
astro,1.6.5,2022-11-08,676295,374,62,
astro,1.6.6,2022-11-10,700728,374,61,
astro,0.0.0-new-config-20221111232307,2022-11-11,704528,378,59,
astro,0.0.0-vercel-image-2-20221111232103,2022-11-11,704433,376,61,
astro,0.0.0-vercel-image-20221111225307,2022-11-11,704423,376,61,
astro,1.6.7,2022-11-11,702733,376,61,
astro,0.0.0-new-config-20221112181527,2022-11-12,705541,378,61,
astro,0.0.0-vercel-image-2-20221112151551,2022-11-12,704433,376,61,
astro,0.0.0-image-api-20221114180701,2022-11-14,704408,376,61,
astro,0.0.0-new-config-20221114154518,2022-11-14,706349,378,61,
astro,1.6.8,2022-11-14,704283,376,61,
astro,0.0.0-vercel-code-20221115163845,2022-11-15,706913,377,61,
astro,0.0.0-vercel-code-20221115172023,2022-11-15,707051,377,61,
astro,0.0.0-vercel-code-20221115191719,2022-11-15,745246,378,61,
astro,1.6.9,2022-11-16,753911,380,61,
astro,1.6.10,2022-11-17,754506,380,61,
astro,0.0.0-content-schemas-20221118232407,2022-11-18,787364,392,62,
astro,0.0.0-content-schemas-20221118233302,2022-11-18,787243,394,62,
astro,1.6.11,2022-11-24,773349,380,61,
astro,0.0.0-content-schemas-20221129235256,2022-11-29,783843,392,62,
astro,0.0.0-content-schemas-20221130135236,2022-11-30,786569,394,62,
astro,0.0.0-error-overlay-20221130171441,2022-11-30,788956,382,61,
astro,0.0.0-telefunc-20221130131719,2022-11-30,773946,380,61,
astro,1.6.12,2022-11-30,773319,382,61,
astro,0.0.0-set-cookie-20221202105120,2022-12-02,773380,382,61,
astro,0.0.0-set-cookie-20221202112631,2022-12-02,773380,382,61,
astro,0.0.0-error-overlay-20221203190718,2022-12-03,790100,384,61,
astro,0.0.0-content-schemas-20221205202838,2022-12-05,814985,402,63,
astro,1.6.13,2022-12-06,774312,386,60,
astro,0.0.0-content-schemas-20221207142945,2022-12-07,827929,420,62,
astro,0.0.0-join-base-20221208170220,2022-12-08,788486,404,60,
astro,0.0.0-join-base-20221208170900,2022-12-08,788486,404,60,
astro,1.6.14,2022-12-08,787360,404,60,
astro,0.0.0-content-schemas-20221209180144,2022-12-09,829777,420,62,
astro,1.6.15,2022-12-12,787499,404,60,
astro,0.0.0-content-collections-20221215161753,2022-12-15,858822,426,61,
astro,0.0.0-fixwin-20221216184820,2022-12-16,823563,412,60,
astro,1.7.0,2022-12-16,875546,434,61,
astro,1.7.1,2022-12-17,875519,434,61,
astro,1.7.2,2022-12-19,876537,434,61,
astro,1.8.0,2022-12-27,881356,436,63,
astro,1.9.0,2023-01-03,882400,436,63,475
astro,1.9.1,2023-01-05,882462,436,63,
astro,1.9.2,2023-01-11,882462,436,63,
astro,0.0.0-vercel-proc-bug-20230124214915,2023-01-24,856078,440,52,
astro,2.0.0,2023-01-24,855796,440,52,
astro,2.0.1,2023-01-25,855972,440,52,
astro,2.0.2,2023-01-26,856251,440,52,
astro,2.0.4,2023-01-30,859869,440,52,
astro,0.0.0-netlify-undici-fix-20230131152620,2023-01-31,860607,440,52,
astro,2.0.5,2023-02-01,861487,440,52,
astro,2.0.6,2023-02-02,862106,440,52,
astro,0.0.0-mdx-links-20230206150400,2023-02-06,873718,448,52,
astro,0.0.0-mdx-links-20230206172907,2023-02-06,879614,450,52,
astro,2.0.7,2023-02-07,883692,450,52,
astro,2.0.8,2023-02-07,883949,450,52,
astro,2.0.9,2023-02-08,884722,450,52,
astro,0.0.0-shiki-vercel-20230209184129,2023-02-09,883827,450,52,
astro,2.0.10,2023-02-09,883720,450,52,
astro,0.0.0-headbody-20230210211128,2023-02-10,883956,450,52,
astro,0.0.0-headbody-20230210211734,2023-02-10,884146,450,52,
astro,2.0.11,2023-02-13,883855,450,52,
astro,0.0.0-markdoc-20230214163516,2023-02-14,890303,452,52,
astro,0.0.0-markdoc-20230214185115,2023-02-14,892150,454,52,
astro,0.0.0-markdoc-20230215220218,2023-02-15,890303,452,52,
astro,2.0.12,2023-02-15,886728,450,52,
astro,2.0.13,2023-02-16,886786,450,52,
astro,0.0.0-head-bubbling-20230217175534,2023-02-17,887416,450,52,
astro,2.0.14,2023-02-17,886846,450,52,
astro,0.0.0-loaders-20230222215040,2023-02-22,889395,450,52,
astro,2.0.15,2023-02-23,889705,450,52,
astro,0.0.0-check-watch-20230227144241,2023-02-27,898575,450,52,
astro,0.0.0-vercel-fix-20230227212924,2023-02-27,890901,450,52,
astro,0.0.0-vercel-fix-20230227213700,2023-02-27,890901,450,52,
astro,0.0.0-vercel-fix-20230227215002,2023-02-27,891726,450,52,
astro,2.0.16,2023-02-27,889845,450,52,
astro,0.0.0-markdoc-20230228222248,2023-02-28,893693,452,52,
astro,0.0.0-markdoc-20230302210326,2023-03-02,893822,452,52,
astro,2.0.17,2023-03-02,894594,452,52,
astro,0.0.0-check-watch-20230303211357,2023-03-03,904908,452,53,
astro,0.0.0-cloudcannon-fix-20230306211609,2023-03-06,893667,452,52,
astro,0.0.0-ssr-manifest-20230306183729,2023-03-06,900093,454,52,
astro,2.0.18,2023-03-06,894521,452,52,
astro,2.1.0,2023-03-07,6619748,534,54,
astro,2.1.1,2023-03-08,6625504,534,54,
astro,2.1.2,2023-03-08,6625564,534,54,
astro,0.0.0-image-image-size-20230309180922,2023-03-09,6626206,534,54,
astro,0.0.0-vercel-clientaddress-20230309142435,2023-03-09,6626321,534,54,
astro,0.0.0-vercel-json-20230313191807,2023-03-13,6635279,540,54,
astro,0.0.0-vercel-json-20230313193421,2023-03-13,6635279,540,54,
astro,0.0.0-vercel-json-20230313194145,2023-03-13,6635279,540,54,
astro,0.0.0-vercel-json-20230313200730,2023-03-13,6635279,540,54,
astro,0.0.0-vercel-json-20230313201834,2023-03-13,6635279,540,54,
astro,2.1.3,2023-03-13,6635660,544,54,
astro,2.1.4,2023-03-21,6699151,588,53,
astro,2.1.5,2023-03-22,6700610,588,53,
astro,0.0.0-head-prop-20230323183456,2023-03-23,6666900,588,53,
astro,2.1.6,2023-03-24,6702395,588,53,
astro,2.1.7,2023-03-24,6701203,586,53,
astro,2.1.8,2023-03-28,6705483,586,53,
astro,0.0.0-middleware-20230331181015,2023-03-31,6722306,586,53,
astro,2.1.9,2023-03-31,6713675,584,53,
astro,0.0.0-schema-image-20230401003731,2023-04-01,6709019,582,53,426
astro,0.0.0-schema-image-20230401013700,2023-04-01,6709120,582,53,
astro,0.0.0-middleware-20230403121346,2023-04-03,6723935,588,53,
astro,0.0.0-middleware-20230405160200,2023-04-05,6727712,592,53,
astro,2.2.0,2023-04-05,6716204,582,53,
astro,0.0.0-scopedStyleStrategy-20230406135310,2023-04-06,6717994,582,53,
astro,2.2.1,2023-04-07,6718783,584,53,
astro,0.0.0-image-wasm-ssr-20230411145607,2023-04-11,13785371,602,53,
astro,0.0.0-middleware-20230411150403,2023-04-11,6732614,592,53,
astro,2.2.2,2023-04-11,6718651,584,53,
astro,0.0.0-middleware-20230412124602,2023-04-12,6732829,594,53,
astro,2.2.3,2023-04-12,13785173,602,53,
astro,2.3.0,2023-04-13,13786604,602,53,
astro,0.0.0-data-collections-20230418125011,2023-04-18,13810430,602,53,
astro,0.0.0-middleware-20230418135507,2023-04-18,13803757,612,53,
astro,2.3.1,2023-04-25,13786721,602,53,
astro,2.3.2,2023-04-27,13786726,602,53,
astro,0.0.0-vercel-image-20230428112211,2023-04-28,13790157,602,53,
astro,2.3.3,2023-05-01,13789772,602,53,
astro,2.3.4,2023-05-02,13789815,602,53,
astro,2.4.0,2023-05-04,13794770,611,53,
astro,2.4.1,2023-05-04,13794960,611,53,
astro,2.4.2,2023-05-05,13795283,611,53,
astro,0.0.0-multi-chunk-20230508112531,2023-05-08,13795812,611,53,
astro,2.4.3,2023-05-08,13795452,611,53,
astro,2.4.4,2023-05-09,13800476,611,53,
astro,0.0.0-redirects-20230511203938,2023-05-11,13804124,611,53,
astro,2.4.5,2023-05-11,13800594,611,53,
astro,0.0.0-outlet-20230516145630,2023-05-16,13804112,614,53,
astro,2.5.0,2023-05-18,13850752,621,55,
astro,0.0.0-content-serial-20230519093503,2023-05-19,13850787,621,55,
astro,0.0.0-spa-20230519211519,2023-05-19,13859459,625,56,
astro,2.5.1,2023-05-20,13853806,623,55,
astro,0.0.0-content-serial-20230522100058,2023-05-22,13854217,623,56,
astro,2.5.2,2023-05-22,13855343,625,55,
astro,2.5.3,2023-05-22,13857370,625,55,
astro,2.5.4,2023-05-23,13857466,627,56,
astro,2.5.5,2023-05-23,13855653,627,56,
astro,0.0.0-nested-hydrate-20230524151829,2023-05-24,13856159,627,56,
astro,0.0.0-redirects-20230524173123,2023-05-24,13859889,635,57,
astro,2.5.6,2023-05-30,13863427,629,56,
astro,2.5.7,2023-06-02,13868121,631,56,
astro,2.6.0,2023-06-06,13873402,639,57,
astro,2.6.1,2023-06-06,13873273,639,57,
astro,0.0.0-markdoc-import-urls-20230607221652,2023-06-07,13873572,639,57,
astro,2.6.2,2023-06-09,13876702,639,57,
astro,2.6.3,2023-06-10,13880399,639,57,
astro,0.0.0-simple-nested-hydration-20230612101258,2023-06-12,13879869,636,57,
astro,0.0.0-tailwind-config-20230612122302,2023-06-12,13880804,639,57,
astro,2.6.4,2023-06-13,13880942,639,57,
astro,2.6.5,2023-06-19,13881203,639,57,
astro,0.0.0-pm-fix-20230620192750,2023-06-20,13881624,637,57,
astro,0.0.0-pm-fix-20230620193235,2023-06-20,13881624,637,57,
astro,2.6.6,2023-06-20,13881822,639,57,
astro,2.7.0,2023-06-22,13901205,637,57,
astro,0.0.0-markdoc-config-changes-20230626153541,2023-06-26,13901848,637,55,
astro,0.0.0-vercel-edge-middleware-20230627120036,2023-06-27,13904693,637,57,
astro,0.0.0-vercel-edge-middleware-20230627124653,2023-06-27,13904693,637,57,
astro,2.7.1,2023-06-27,13896551,637,55,
astro,0.0.0-view-transitions-20230628153446,2023-06-28,13902295,641,55,
astro,0.0.0-view-transitions-20230628195252,2023-06-28,13902352,641,55,
astro,0.0.0-vercel-edge-middleware-20230629145510,2023-06-29,13907351,637,57,
astro,0.0.0-vercel-split-20230629135007,2023-06-29,13896438,632,55,
astro,2.7.2,2023-06-29,13896563,632,55,
astro,0.0.0-vercel-edge-middleware-20230630125718,2023-06-30,13900291,632,55,
astro,0.0.0-view-transitions-20230630132601,2023-06-30,13901299,636,55,
astro,2.7.3,2023-07-03,13894988,632,55,445
astro,2.7.4,2023-07-05,13892127,634,55,
astro,2.8.0,2023-07-06,13899404,634,56,
astro,0.0.0-view-transitions-20230711174903,2023-07-11,13910734,646,58,
astro,2.8.1,2023-07-11,13900202,638,56,
astro,0.0.0-netlify-edge-middleware-20230712131416,2023-07-12,13900391,638,56,
astro,0.0.0-view-transitions-20230712192012,2023-07-12,13912332,646,58,
astro,0.0.0-view-transitions-20230713155729,2023-07-13,13917387,660,58,
astro,2.8.2,2023-07-13,13902893,650,56,
astro,0.0.0-netlify-edge-middleware-20230714102302,2023-07-14,13904998,652,56,
astro,0.0.0-netlify-edge-middleware-20230714113609,2023-07-14,13904998,652,56,
astro,0.0.0-netlify-edge-middleware-20230714115436,2023-07-14,13904998,652,56,
astro,0.0.0-netlify-edge-middleware-20230714125239,2023-07-14,13904998,652,56,
astro,0.0.0-netlify-edge-middleware-20230714131425,2023-07-14,13904998,652,56,
astro,2.8.3,2023-07-14,13904905,652,56,
astro,0.0.0-view-transitions-20230717132542,2023-07-17,13922231,660,58,
astro,2.8.4,2023-07-18,13907005,652,56,
astro,2.8.5,2023-07-19,13907983,654,56,
astro,2.9.0,2023-07-20,13928365,660,58,
astro,2.9.1,2023-07-21,13931151,662,58,
astro,2.9.2,2023-07-24,13929669,662,58,
astro,2.9.3,2023-07-25,13926070,662,58,
astro,2.9.4,2023-07-27,13928555,662,58,
astro,0.0.0-view-transitions-20230728201237,2023-07-28,13929426,662,58,
astro,0.0.0-view-transitions-20230728205540,2023-07-28,13929452,662,58,
astro,0.0.0-view-transitions-20230728210014,2023-07-28,13929452,662,58,
astro,2.9.5,2023-07-28,13928727,662,58,
astro,2.9.6,2023-07-28,13929055,662,58,
astro,0.0.0-view-transitions-20230731172701,2023-07-31,13930981,662,58,
astro,2.9.7,2023-08-01,13930813,664,58,
astro,2.10.0,2023-08-03,13933100,664,58,
astro,2.10.1,2023-08-03,13933407,664,58,
astro,2.10.2,2023-08-07,13901348,664,58,
astro,2.10.3,2023-08-07,13901485,664,58,
astro,2.10.4,2023-08-09,13901634,664,58,
astro,2.10.5,2023-08-10,13903594,664,58,
astro,2.10.6,2023-08-11,13903536,662,58,
astro,2.10.7,2023-08-11,13903643,662,58,
astro,2.10.8,2023-08-15,13905777,662,57,
astro,2.10.9,2023-08-15,13905957,662,57,
astro,2.10.10,2023-08-18,13921711,666,58,
astro,2.10.11,2023-08-18,13921841,666,58,
astro,2.10.12,2023-08-18,13921868,666,58,
astro,2.10.13,2023-08-23,13930176,666,58,
astro,2.10.14,2023-08-24,13930677,666,58,
astro,2.10.15,2023-08-29,13930607,666,58,
astro,0.0.0-astro-check-fix-20230830133734,2023-08-30,13934914,681,56,
astro,0.0.0-vt-root-anim-20230830212133,2023-08-30,13935214,681,56,
astro,0.0.0-vt-root-anim-20230830212910,2023-08-30,13935222,681,56,
astro,3.0.0,2023-08-30,13934590,681,55,
astro,3.0.1,2023-08-30,13934858,681,56,
astro,3.0.2,2023-08-30,13935130,681,56,
astro,3.0.3,2023-08-30,13934232,681,56,
astro,0.0.0-vt-fallback-filter-20230831163443,2023-08-31,13935070,681,56,
astro,0.0.0-vt-fallback-filter-20230831170045,2023-08-31,13935406,681,56,
astro,3.0.4,2023-08-31,13934468,681,56,
astro,3.0.5,2023-08-31,13936742,681,56,
astro,0.0.0-sanitize-filenames-20230901201147,2023-09-01,13937848,681,56,
astro,0.0.0-sanitize-filenames-20230901203435,2023-09-01,13937848,681,56,
astro,0.0.0-symbolic-link-20230901124103,2023-09-01,13937050,681,56,
astro,0.0.0-vercel-symbolic-link-20230901110045,2023-09-01,13937085,681,56,
astro,3.0.6,2023-09-01,13936905,681,56,
astro,3.0.7,2023-09-01,13937626,681,56,
astro,0.0.0-fix-mime-20230904023307,2023-09-04,13937770,681,56,
astro,3.0.8,2023-09-04,13937650,681,56,
astro,0.0.0-vercel-speed-insights-20230905180431,2023-09-05,13937916,681,56,
astro,0.0.0-vercel-upgrade-20230905134302,2023-09-05,13937881,681,56,
astro,0.0.0-vercel-upgrade-20230905174009,2023-09-05,13937881,681,56,
astro,0.0.0-vercel-upgrade-20230905174957,2023-09-05,13937881,681,56,
astro,0.0.0-optional-sharp-20230906121801,2023-09-06,13937996,681,56,
astro,3.0.10,2023-09-06,13938188,681,56,
astro,3.0.9,2023-09-06,13938072,681,56,
astro,0.0.0-perf-20230907211008,2023-09-07,13938370,681,56,
astro,0.0.0-perf-20230907211643,2023-09-07,13938370,681,56,
astro,0.0.0-propagation-metadata-20230907173002,2023-09-07,13938681,681,56,
astro,0.0.0-propagation-metadata-20230907174633,2023-09-07,13939274,681,56,
astro,3.0.11,2023-09-08,13938255,681,56,
astro,3.0.12,2023-09-08,13939234,683,56,
astro,0.0.0-vercel-speed-insights-20230912155045,2023-09-12,13940479,683,56,
astro,3.0.13,2023-09-12,13940982,683,56,
astro,3.1.0,2023-09-14,13914444,639,57,
astro,3.1.1,2023-09-19,13914615,639,57,
astro,3.1.2,2023-09-21,13918258,639,57,
astro,0.0.0-picture-20230922101801,2023-09-22,13923502,640,57,
astro,3.1.3,2023-09-25,13918353,639,57,
astro,3.1.4,2023-09-25,13919090,639,57,
astro,0.0.0-picture-20230928151018,2023-09-28,13924931,640,57,
astro,3.2.0,2023-09-28,13917010,641,57,
astro,3.2.1,2023-10-02,13920291,645,57,495
astro,3.2.2,2023-10-02,13920446,645,57,
astro,3.2.3,2023-10-05,13918854,645,56,
astro,0.0.0-fragments-20231006200228,2023-10-06,13919186,645,56,
astro,0.0.0-picture-20231006201054,2023-10-06,13926166,646,56,
astro,0.0.0-picture-20231006201608,2023-10-06,13926166,646,56,
astro,0.0.0-picture-20231008095742,2023-10-08,13926177,646,56,
astro,3.2.4,2023-10-10,13919525,645,56,
astro,3.3.0,2023-10-12,13912122,644,56,
astro,0.0.0-concurrent-assets-20231013074530,2023-10-13,13912474,644,56,
astro,0.0.0-srcset-remote-20231013141048,2023-10-13,13911810,644,57,
astro,0.0.0-concurrent-assets-20231015171336,2023-10-15,13914640,644,57,
astro,0.0.0-concurrent-assets-20231015222920,2023-10-15,13915297,645,57,
astro,3.3.1,2023-10-16,13913730,645,57,
astro,0.0.0-fragments-20231017161931,2023-10-17,13914226,645,57,
astro,0.0.0-content-cache-20231018213727,2023-10-18,13931577,651,57,
astro,3.3.2,2023-10-18,13914805,645,57,
astro,0.0.0-content-cache-20231019190330,2023-10-19,13931493,651,57,
astro,0.0.0-integration-middleware-20231019151221,2023-10-19,13918426,647,57,
astro,0.0.0-react-children-client-20231023164643,2023-10-23,13917602,645,57,
astro,3.3.3,2023-10-23,13917417,645,57,
astro,3.3.4,2023-10-24,13917285,645,57,
astro,3.4.0,2023-10-26,13965696,667,58,
astro,0.0.0-extra-logging-20231030194239,2023-10-30,13967558,667,59,
astro,0.0.0-content-cache-20231101141140,2023-11-01,13988190,673,59,
astro,0.0.0-i18n-routing-20231101144500,2023-11-01,14010815,673,59,
astro,3.4.1,2023-11-01,13971015,669,59,
astro,3.4.2,2023-11-01,13972221,669,59,
astro,3.4.3,2023-11-02,13972319,669,59,
astro,0.0.0-content-cache-20231108193031,2023-11-08,14080388,685,59,
astro,3.4.4,2023-11-08,13994261,669,59,
astro,0.0.0-assets-uint8array-20231109073138,2023-11-09,14059624,681,59,
astro,3.5.0,2023-11-09,14081314,685,59,
astro,0.0.0-name-20231110143304,2023-11-10,14082209,685,59,
astro,3.5.1,2023-11-10,14082272,685,59,
astro,3.5.2,2023-11-10,14082556,685,59,
astro,3.5.3,2023-11-12,14083013,685,59,
astro,3.5.4,2023-11-14,14096820,693,59,
astro,3.5.5,2023-11-16,14106317,693,59,
astro,0.0.0-404-trailing-slash-20231117145629,2023-11-17,14110046,693,59,
astro,0.0.0-self-closing-children-20231120164333,2023-11-20,14109963,693,59,
astro,0.0.0-self-closing-children-20231120171409,2023-11-20,14109963,693,59,
astro,0.0.0-self-closing-children-20231120173528,2023-11-20,14109963,693,59,
astro,3.5.6,2023-11-21,14110420,693,59,
astro,3.5.7,2023-11-21,14110747,693,59,
astro,0.0.0-netlify-fix-20231122190344,2023-11-22,14123605,697,59,
astro,3.6.0,2023-11-22,14123450,697,59,
astro,3.6.1,2023-11-27,14123512,697,59,
astro,3.6.2,2023-11-28,14123551,697,59,
astro,3.6.3,2023-11-28,14123716,697,59,
astro,0.0.0-xray-20231129020246,2023-11-29,14124201,697,59,
astro,0.0.0-xray-20231129021231,2023-11-29,14124225,697,59,
astro,3.6.4,2023-11-30,14126206,697,59,
astro,4.0.0,2023-12-05,14208965,726,62,
astro,4.0.1,2023-12-05,14208876,726,62,
astro,4.0.2,2023-12-06,14208977,726,62,
astro,4.0.3,2023-12-06,14208987,726,62,
astro,0.0.0-add-stable-20231208215901,2023-12-08,14211431,726,62,
astro,4.0.4,2023-12-11,14211514,726,62,
astro,0.0.0-vt-partytown-20231212203707,2023-12-12,14212485,728,62,
astro,0.0.0-handle-unhandled-20231213142946,2023-12-13,14213315,728,62,
astro,0.0.0-handle-unhandled-20231213202808,2023-12-13,14214789,730,62,
astro,4.0.5,2023-12-14,14215105,730,62,
astro,4.0.6,2023-12-15,14216584,734,62,
astro,0.0.0-dupicate-content-entry-improved-message-20231220220040,2023-12-20,14221260,734,62,
astro,4.0.7,2023-12-20,14220730,734,62,
astro,4.0.8,2023-12-27,14221424,735,62,
astro,4.0.9,2024-01-02,14222489,735,62,479
astro,0.0.0-9591-20240103143428,2024-01-03,14230368,735,64,
astro,0.0.0-ssg-no-streaming-20240104090316,2024-01-04,14231399,735,64,
astro,0.0.0-ssg-no-streaming-20240104123901,2024-01-04,14231398,735,64,
astro,4.1.0,2024-01-04,14233538,735,64,
astro,0.0.0-9624-20240105191325,2024-01-05,14233941,735,64,
astro,4.1.1,2024-01-05,14233841,735,64,
astro,0.0.0-pin-sharp-20240109211958,2024-01-09,14234314,735,64,
astro,0.0.0-pin-sharp-20240109223023,2024-01-09,14234325,735,64,
astro,0.0.0-pin-sharp-20240109233547,2024-01-09,14234314,735,64,
astro,0.0.0-isr-20240110194136,2024-01-10,14241816,737,64,
astro,0.0.0-data-astro-transition-20240111220209,2024-01-11,14236187,735,64,
astro,4.1.2,2024-01-11,14236234,735,64,
astro,0.0.0-9685-20240112193246,2024-01-12,14237002,735,64,
astro,4.1.3,2024-01-16,14238020,735,64,
astro,4.2.0,2024-01-18,14285792,737,64,
astro,4.2.1,2024-01-18,14286017,737,64,
astro,4.2.2,2024-01-22,14289164,737,64,
astro,4.2.3,2024-01-22,14291551,737,64,
astro,4.2.4,2024-01-24,14291292,737,64,
astro,0.0.0-isr-20240125224234,2024-01-25,14295182,741,64,
astro,0.0.0-toolbar-absolute-paths-20240126155246,2024-01-26,14295637,739,64,
astro,4.2.5,2024-01-26,14295082,741,65,
astro,4.2.6,2024-01-26,14296371,741,65,
astro,4.2.7,2024-01-30,14296636,741,65,
astro,4.2.8,2024-01-31,14296558,741,65,
astro,0.0.0-improve-sync-errors-20240201210128,2024-02-01,14328162,741,65,
astro,4.3.0,2024-02-01,14327453,741,65,
astro,4.3.1,2024-02-01,14328193,741,65,
astro,0.0.0-cc-hmr-20240202221650,2024-02-02,14329903,745,65,
astro,4.3.2,2024-02-02,14328191,741,65,
astro,0.0.0-cc-hmr-20240205141934,2024-02-05,14329120,741,65,
astro,0.0.0-edge-middleware-verification-20240205180401,2024-02-05,14295307,741,64,
astro,4.3.3,2024-02-06,14330656,743,65,
astro,0.0.0-astro-content-fix-20240207175526,2024-02-07,14331344,744,65,
astro,0.0.0-cssesc-20240207003930,2024-02-07,14333553,745,64,
astro,0.0.0-cssesc-20240207015359,2024-02-07,14333843,745,64,
astro,0.0.0-edge-middleware-verification-20240207135919,2024-02-07,14331186,745,65,
astro,0.0.0-get-remote-dimensions-20240207162418,2024-02-07,14331132,741,65,
astro,4.3.4,2024-02-07,14327996,743,65,
astro,4.3.5,2024-02-07,14331179,744,65,
astro,0.0.0-debug-missing-endpoint-20240209155111,2024-02-09,14329914,744,65,
astro,0.0.0-debug-missing-endpoint-20240209211325,2024-02-09,14331635,744,65,
astro,0.0.0-island-loading-error-messages-20240209173859,2024-02-09,14330128,744,65,
astro,0.0.0-get-remote-dimensions-20240211001920,2024-02-11,14342796,743,65,
astro,4.3.6,2024-02-12,14330133,744,66,
astro,0.0.0-render-nodejs-20240213145612,2024-02-13,14333786,744,66,
astro,4.3.7,2024-02-13,14331181,744,66,
astro,0.0.0-node-crypto-error-20240214144952,2024-02-14,14331346,744,66,
astro,4.4.0,2024-02-15,14381767,796,66,
astro,4.4.1,2024-02-20,14376430,794,65,
astro,0.0.0-vite-runtime-api-20240221174846,2024-02-21,14375866,794,65,
astro,4.4.2,2024-02-21,14375598,794,65,
astro,0.0.0-allow-cc-20240222155628,2024-02-22,14376818,794,65,
astro,4.4.3,2024-02-22,14376538,794,65,
astro,0.0.0-audits-ui-20240223144827,2024-02-23,14387316,796,65,
astro,0.0.0-edge-nested-20240223135627,2024-02-23,14377597,794,65,
astro,0.0.0-no-error-in-stream-20240223180417,2024-02-23,14377884,794,65,
astro,0.0.0-no-error-in-stream-20240223204441,2024-02-23,14378080,794,65,
astro,0.0.0-no-error-in-stream-20240223213844,2024-02-23,14377863,794,65,
astro,4.4.4,2024-02-23,14377586,794,65,
astro,0.0.0-vite-runtime-api-20240224085712,2024-02-24,14378452,794,65,
astro,4.4.5,2024-02-26,14377804,794,65,
astro,0.0.0-direct-render-script-20240227141119,2024-02-27,14379523,798,65,
astro,0.0.0-svelte-editor-fix-20240227110032,2024-02-27,14378231,794,65,
astro,0.0.0-svelte-editor-fix-20240227111439,2024-02-27,14378231,794,65,
astro,4.4.6,2024-02-28,14378383,794,65,
astro,3.6.5,2024-03-01,14127227,697,59,
astro,4.4.7,2024-03-01,14380249,794,65,
astro,4.4.8,2024-03-01,14380387,794,65,
astro,4.4.9,2024-03-02,14379517,794,65,
astro,0.0.0-treeshake-scoped-css-20240304133731,2024-03-04,14383176,794,65,
astro,4.4.10,2024-03-04,14379982,794,65,
astro,4.4.11,2024-03-04,14380315,794,65,
astro,4.4.12,2024-03-06,14376905,792,65,
astro,4.4.13,2024-03-06,14376996,792,65,
astro,0.0.0-db-batch-20240307184301,2024-03-07,14375723,792,65,
astro,0.0.0-db-integrations-support-20240307152807,2024-03-07,14375781,792,65,
astro,0.0.0-db-integrations-support-20240307154857,2024-03-07,14375781,792,65,
astro,4.4.14,2024-03-07,14375591,792,65,
astro,0.0.0-non-admin-test-20240308195029,2024-03-08,14464844,808,65,
astro,4.4.15,2024-03-08,14377089,792,65,
astro,4.5.0,2024-03-11,14464604,808,65,
astro,4.5.1,2024-03-11,14464771,808,65,
astro,4.5.2,2024-03-12,14464879,808,65,
astro,4.5.3,2024-03-13,14429188,808,63,
astro,0.0.0-token-renewal-20240314134444,2024-03-14,14429436,808,63,
astro,0.0.0-token-renewal-20240314143823,2024-03-14,14429436,808,63,
astro,4.5.4,2024-03-14,14429291,808,63,
astro,0.0.0-token-renewal-20240315122343,2024-03-15,14429398,808,63,
astro,4.5.5,2024-03-15,14430476,808,63,
astro,4.5.6,2024-03-18,14432439,808,63,
astro,4.5.7,2024-03-20,14432437,808,63,
astro,4.5.8,2024-03-20,14432437,808,63,
astro,4.5.9,2024-03-22,14431540,808,63,
astro,0.0.0-inline-ccc-20240324145742,2024-03-24,14431407,808,63,
astro,4.5.10,2024-03-26,14432495,808,63,
astro,4.5.11,2024-03-28,14434991,810,63,
astro,4.5.12,2024-03-28,14434991,810,63,
astro,0.0.0-head-body-content-20240329190922,2024-03-29,14435185,810,63,
astro,4.5.13,2024-04-02,14439044,810,63,507
astro,4.5.14,2024-04-02,14440324,810,63,
astro,4.5.15,2024-04-03,14440462,810,63,
astro,4.5.16,2024-04-04,14440771,810,63,
astro,0.0.0-toolbar-improvements-20240405132324,2024-04-05,14445186,812,63,
astro,0.0.0-toolbar-improvements-20240405144822,2024-04-05,14445607,812,63,
astro,4.5.17,2024-04-09,14441316,814,63,
astro,0.0.0-10745-20240410180016,2024-04-10,14469179,818,63,
astro,4.5.18,2024-04-10,14441660,814,63,
astro,0.0.0-cc-invalid-20240411201909,2024-04-11,14472068,818,63,
astro,0.0.0-js-strictest-20240411160410,2024-04-11,14470187,818,63,
astro,4.6.0,2024-04-11,14469831,818,63,
astro,0.0.0-cc-invalid-20240412122639,2024-04-12,14472147,818,63,
astro,0.0.0-cc-invalid-20240412132855,2024-04-12,14472384,818,63,
astro,0.0.0-cc-invalid-20240412135055,2024-04-12,14472950,818,63,
astro,0.0.0-cc-invalid-20240412193835,2024-04-12,14472959,818,63,
astro,0.0.0-cc-invalid-20240412201943,2024-04-12,14473206,818,63,
astro,0.0.0-skew-protection-20240412093445,2024-04-12,14470277,818,63,
astro,4.6.1,2024-04-12,14470178,818,63,
astro,0.0.0-cc-invalid-20240416172341,2024-04-16,14473314,818,63,
astro,0.0.0-cc-invalid-20240416201000,2024-04-16,14473370,818,63,
astro,0.0.0-cc-invalid-20240416204410,2024-04-16,14473596,818,63,
astro,0.0.0-cc-invalid-20240416211001,2024-04-16,14473847,818,63,
astro,0.0.0-toolbar-improvements-20240416111002,2024-04-16,14481118,820,64,
astro,4.6.2,2024-04-16,14470706,818,64,
astro,0.0.0-cc-invalid-20240417185955,2024-04-17,14474248,818,63,
astro,0.0.0-cc-invalid-20240417202858,2024-04-17,14474297,818,63,
astro,4.6.3,2024-04-18,14476557,820,64,
astro,0.0.0-toolbar-improvements-20240420123233,2024-04-20,14482766,822,64,
astro,0.0.0-assets-vitest-20240422135148,2024-04-22,14477006,820,64,
astro,0.0.0-assets-vitest-20240422184742,2024-04-22,14477365,820,64,
astro,4.6.4,2024-04-23,14478540,820,64,
astro,0.0.0-actions-20240425172525,2024-04-25,14508582,844,64,
astro,0.0.0-actions-20240425190628,2024-04-25,14508831,845,64,
astro,4.7.0,2024-04-25,14495336,826,64,
astro,0.0.0-route-key-20240429105553,2024-04-29,14498579,826,64,
astro,0.0.0-route-key-20240430102522,2024-04-30,14498113,826,64,
astro,0.0.0-mdx-v3-20240502124041,2024-05-02,14506046,828,64,
astro,4.7.1,2024-05-02,14497968,826,64,
astro,0.0.0-actions-20240503212851,2024-05-03,14519011,845,64,
astro,0.0.0-actions-20240503214535,2024-05-03,14520198,846,64,
astro,0.0.0-vitals-fix-20240503214211,2024-05-03,14498279,826,64,
astro,0.0.0-actions-20240507170618,2024-05-07,14524985,848,64,
astro,0.0.0-astro-env-20240508155554,2024-05-08,14608649,870,64,
astro,4.8.0,2024-05-09,14550845,854,64,
astro,4.8.1,2024-05-09,14551292,854,64,
astro,4.8.2,2024-05-09,14551383,854,64,
astro,0.0.0-container-20240510081019,2024-05-10,14563573,858,64,
astro,0.0.0-container-20240510130526,2024-05-10,14563606,858,64,
astro,0.0.0-container-20240510131504,2024-05-10,14564065,858,64,
astro,0.0.0-container-20240513135547,2024-05-13,14567763,858,64,
astro,4.8.3,2024-05-13,14551367,854,64,
astro,0.0.0-astro-env-20240514162742,2024-05-14,14607549,870,64,
astro,0.0.0-astro-env-20240514163657,2024-05-14,14607553,870,64,
astro,0.0.0-astro-env-20240515145303,2024-05-15,14609724,870,64,
astro,0.0.0-astro-env-20240515154445,2024-05-15,14609724,870,64,
astro,0.0.0-container-20240515090348,2024-05-15,14574458,858,64,
astro,0.0.0-node-streaming-20240515211034,2024-05-15,14555992,854,64,
astro,4.8.4,2024-05-15,14555770,854,64,
astro,0.0.0-astro-env-20240516112520,2024-05-16,14610855,870,64,
astro,4.8.5,2024-05-16,14557988,854,64,
astro,4.8.6,2024-05-17,14558238,854,64,
astro,0.0.0-astro-env-20240522153443,2024-05-22,14628428,876,64,
astro,4.8.7,2024-05-22,14560079,854,64,
astro,4.9.0,2024-05-23,14573779,858,64,
astro,4.9.1,2024-05-23,14573778,858,64,
astro,0.0.0-container-20240524151016,2024-05-24,14574805,860,64,
astro,0.0.0-container-20240524153820,2024-05-24,14574807,860,64,
astro,0.0.0-container-20240524165819,2024-05-24,14575089,860,64,
astro,0.0.0-container-20240524171635,2024-05-24,14575285,860,64,
astro,0.0.0-container-20240524172326,2024-05-24,14575295,860,64,
astro,0.0.0-cf-build-option-20240527121008,2024-05-27,14574415,858,64,
astro,0.0.0-cf-build-option-20240527121327,2024-05-27,14574745,858,64,
astro,0.0.0-cf-build-option-20240527121637,2024-05-27,14574470,858,64,
astro,4.9.2,2024-05-27,14574171,858,64,
astro,0.0.0-ccc-scripts-20240531125856,2024-05-31,14574804,858,63,
astro,4.9.3,2024-06-05,14574722,858,63,
astro,4.10.0,2024-06-06,14637875,876,63,
astro,4.10.1,2024-06-08,14637673,876,63,
astro,0.0.0-vitest-config-20240611074527,2024-06-11,14638145,876,63,
astro,4.10.2,2024-06-11,14663398,876,63,
astro,4.10.3,2024-06-17,14663805,878,63,
astro,4.11.0,2024-06-20,14663624,880,63,
astro,0.0.0-server-islands-20240621194657,2024-06-21,14672991,888,63,
astro,4.11.1,2024-06-24,14655381,880,63,
astro,0.0.0-content-layer-20240626124519,2024-06-26,14674602,892,62,
astro,0.0.0-content-layer-20240626134837,2024-06-26,14675359,892,63,
astro,0.0.0-content-layer-20240626163213,2024-06-26,14677494,892,63,
astro,4.11.2,2024-06-26,14654620,882,62,
astro,4.11.3,2024-06-26,14654656,886,62,
astro,0.0.0-content-layer-20240628202150,2024-06-28,14682652,892,64,
astro,0.0.0-server-islands-20240703133809,2024-07-03,14675726,888,63,425
astro,4.11.4,2024-07-03,14654385,886,62,
astro,4.11.5,2024-07-03,14654715,886,62,
astro,0.0.0-server-islands-20240709194928,2024-07-09,14678522,888,63,
astro,0.0.0-contentlayer-20240715192053,2024-07-15,14700508,898,66,
astro,0.0.0-content-layer-images-20240717095022,2024-07-17,14711514,900,67,
astro,4.11.6,2024-07-17,14659427,886,62,
astro,0.0.0-noSync-20240718092432,2024-07-18,14681535,896,62,
astro,0.0.0-server-islands-20240718103853,2024-07-18,14681878,896,62,
astro,0.0.0-server-islands-20240718105514,2024-07-18,14681889,896,62,
astro,0.0.0-server-islands-20240718131003,2024-07-18,14681855,896,62,
astro,4.12.0,2024-07-18,14682620,898,62,
astro,4.12.1,2024-07-18,14685349,898,62,
astro,4.12.2,2024-07-19,14685794,898,62,
astro,0.0.0-contentlayer-20240720080804,2024-07-20,14743536,912,67,
astro,0.0.0-contentlayer-20240722101834,2024-07-22,14744830,912,67,
astro,0.0.0-contentlayer-20240722111913,2024-07-22,14744979,912,67,
astro,0.0.0-contentlayer-20240722121010,2024-07-22,14744934,912,67,
astro,0.0.0-contentlayer-20240722131255,2024-07-22,14744929,912,67,
astro,0.0.0-contentlayer-20240723102738,2024-07-23,14746692,912,67,
astro,0.0.0-dynamic-middleware-20240725083732,2024-07-25,14692119,900,62,
astro,0.0.0-contentlayer-20240730090456,2024-07-30,14747611,912,67,
astro,4.12.3,2024-07-30,14692766,898,62,
astro,4.13.0,2024-08-01,14685881,898,62,
astro,4.13.1,2024-08-02,14678429,896,61,
astro,0.0.0-content-collections-intellisense-20240808164539,2024-08-08,14682078,898,61,
astro,0.0.0-content-collections-intellisense-20240808220438,2024-08-08,14682200,898,61,
astro,0.0.0-content-collections-intellisense-20240808223933,2024-08-08,14682214,898,61,
astro,0.0.0-contentlayer-20240808151214,2024-08-08,14764951,912,66,
astro,4.13.2,2024-08-08,14679066,898,61,
astro,4.13.3,2024-08-09,14681513,898,61,
astro,0.0.0-server-island-regression-20240814104839,2024-08-14,14690006,900,61,
astro,0.0.0-si-crypto-reg-20240814162819,2024-08-14,14781311,916,66,
astro,4.13.4,2024-08-14,14686399,900,62,
astro,0.0.0-immutable-datastore-20240815133714,2024-08-15,14783197,918,66,
astro,0.0.0-si-get-20240815175345,2024-08-15,14784910,918,67,
astro,4.14.0,2024-08-15,14781898,916,66,
astro,4.14.1,2024-08-15,14783615,918,66,
astro,4.14.2,2024-08-15,14783024,918,67,
astro,4.14.3,2024-08-20,14783815,918,67,
astro,4.14.4,2024-08-21,14784270,918,67,
astro,0.0.0-mdx-layout-style-20240822115312,2024-08-22,14784861,918,67,
astro,4.14.5,2024-08-22,14784706,918,67,
astro,0.0.0-actions-bun-workaround-20240827210959,2024-08-27,14788297,918,67,
astro,4.14.6,2024-08-28,14786946,918,67,
astro,0.0.0-crypto-env-20240829194602,2024-08-29,14784976,916,66,
astro,0.0.0-dynamic-middleware-20240829171109,2024-08-29,14786913,918,65,
astro,4.15.0,2024-08-29,14782807,916,65,
astro,4.15.1,2024-08-29,14783431,916,66,
astro,4.15.2,2024-09-02,14778524,916,66,
astro,4.15.3,2024-09-05,14779168,916,66,
astro,4.15.4,2024-09-06,14781598,918,66,
astro,4.15.5,2024-09-13,14781871,918,65,
astro,4.15.6,2024-09-13,14782286,918,66,
astro,0.0.0-tw5-20240917210903,2024-09-17,14782516,918,66,
astro,4.15.7,2024-09-17,14782426,918,66,
astro,4.15.8,2024-09-19,14782844,918,65,
astro,4.15.9,2024-09-23,14784956,922,65,
astro,4.15.10,2024-10-01,14785583,922,65,393
astro,0.0.0-edge-middleware-regression-20241003093448,2024-10-03,14786016,922,65,
astro,4.15.11,2024-10-03,14785907,922,65,
astro,4.15.12,2024-10-07,14787504,922,64,
astro,0.0.0-test-apis-20241008195645,2024-10-08,14789201,922,64,
astro,4.16.0,2024-10-10,14792797,922,64,
astro,0.0.0-astro-url-fix-20241011143901,2024-10-11,14793717,922,62,
astro,4.16.1,2024-10-11,14793565,922,62,
astro,4.16.2,2024-10-12,14792236,922,62,
astro,0.0.0-env-override-20241014132224,2024-10-14,14792710,922,62,
astro,4.16.3,2024-10-14,14792330,922,62,
astro,0.0.0-env-override-20241015135436,2024-10-15,14792659,922,62,
astro,4.16.4,2024-10-15,14793697,924,62,
astro,4.16.5,2024-10-15,14793797,924,62,
astro,0.0.0-env-override-20241016131627,2024-10-16,14792717,924,62,
astro,4.16.6,2024-10-17,14794570,926,62,
astro,4.16.7,2024-10-22,14796160,926,62,
astro,0.0.0-env-middleware-20241031154019,2024-10-31,14796647,926,62,
astro,0.0.0-env-middleware-20241031155338,2024-10-31,14796710,926,62,
astro,4.16.8,2024-10-31,14796720,926,62,
astro,4.16.9,2024-11-04,14797045,924,62,
astro,0.0.0-env-middleware-20241105160737,2024-11-05,14798148,928,62,
astro,4.16.10,2024-11-06,14797925,926,62,
astro,4.16.11,2024-11-13,14801506,926,62,
astro,4.16.12,2024-11-13,14802202,926,62,
astro,0.0.0-env-race-condition-20241114151936,2024-11-14,14802062,928,62,
astro,4.16.13,2024-11-15,14801724,926,62,
astro,0.0.0-si-header-20241120183031,2024-11-20,14800947,926,62,
astro,0.0.0-si-header-20241120190819,2024-11-20,14801262,926,62,
astro,4.16.14,2024-11-21,14801076,926,62,
astro,0.0.0-sessions-20241122114539,2024-11-22,2083569,873,59,
astro,0.0.0-sessions-20241122143330,2024-11-22,2090894,925,59,
astro,0.0.0-sessions-20241125113325,2024-11-25,2085463,875,59,
astro,0.0.0-sessions-20241125115314,2024-11-25,2085488,875,59,
astro,4.16.15,2024-11-26,14801115,926,62,
astro,0.0.0-sessions-20241127112400,2024-11-27,2081108,874,59,
astro,4.16.16,2024-11-27,14801134,926,62,
astro,0.0.0-sessions-20241128091859,2024-11-28,2080460,872,59,
astro,0.0.0-sessions-20241128134018,2024-11-28,2080506,872,59,
astro,0.0.0-sessions-20241128161723,2024-11-28,2081664,872,59,
astro,0.0.0-sessions-20241128172109,2024-11-28,2081949,872,59,
astro,5.0.0,2024-12-03,2049070,870,58,
astro,5.0.1,2024-12-03,2049160,870,58,
astro,5.0.2,2024-12-03,2049247,870,58,
astro,0.0.0-sessions-20241205160628,2024-12-05,2084695,872,59,
astro,0.0.0-sessions-20241205161456,2024-12-05,2084428,872,59,
astro,0.0.0-sessions-20241205163205,2024-12-05,2084456,872,59,
astro,0.0.0-sessions-20241205172911,2024-12-05,2085372,874,59,
astro,0.0.0-sessions-20241205174618,2024-12-05,2084456,872,59,
astro,4.16.17,2024-12-05,14801637,926,62,
astro,5.0.3,2024-12-05,2052538,870,58,
astro,0.0.0-process-env-override-20241206130809,2024-12-06,2052751,872,58,
astro,0.0.0-routemanifest-refactor-20241209145150,2024-12-09,2052332,870,58,
astro,0.0.0-svg-leak-20241209134543,2024-12-09,2053829,872,58,
astro,5.0.4,2024-12-09,2052996,872,58,
astro,0.0.0-middleware-fix-20241210163342,2024-12-10,2053244,872,58,
astro,0.0.0-sessions-20241210200401,2024-12-10,2087523,874,59,
astro,0.0.0-atomic-writes-20241211112453,2024-12-11,2054328,872,58,
astro,0.0.0-atomic-writes-20241211120224,2024-12-11,2054192,872,58,
astro,5.0.5,2024-12-11,2053743,872,58,
astro,0.0.0-atomic-writes-20241212091949,2024-12-12,2054747,872,58,
astro,0.0.0-clean-sm-20241216182429,2024-12-16,2055076,870,58,
astro,0.0.0-sessions-20241216171652,2024-12-16,2088535,872,59,
astro,5.0.6,2024-12-16,2054970,870,58,
astro,5.0.7,2024-12-16,2054940,870,58,
astro,5.0.8,2024-12-16,2054852,870,58,
astro,5.0.9,2024-12-17,2054820,870,58,
astro,4.16.18,2024-12-18,14801297,926,62,
astro,5.1.0,2024-12-19,2094476,872,59,
astro,5.1.1,2024-12-20,2094356,872,59,
astro,5.1.2,2025-01-02,2096467,872,59,387
astro,0.0.0-render-type-20250103094003,2025-01-03,2098117,872,59,
astro,5.1.3,2025-01-06,2098647,872,59,
astro,0.0.0-data-store-location-20250109131010,2025-01-09,2103776,878,59,
astro,5.1.4,2025-01-09,2102298,874,59,
astro,5.1.5,2025-01-10,2103562,878,59,
astro,5.1.6,2025-01-13,2104451,878,59,
astro,5.1.7,2025-01-15,2105840,878,59,
astro,5.1.8,2025-01-20,2108546,880,59,
astro,0.0.0-alpine-scripts-20250121133658,2025-01-21,2109518,880,59,
astro,0.0.0-trailing-slash-redirect-20250121123511,2025-01-21,2111537,882,59,
astro,5.1.9,2025-01-23,2106571,880,59,
astro,5.1.10,2025-01-27,2106773,880,59,
astro,0.0.0-trailing-slash-redirect-20250128153540,2025-01-28,2112415,882,59,
astro,0.0.0-router-noexec-20250129135648,2025-01-29,2106340,878,59,
astro,5.2.0,2025-01-30,2124070,886,59,
astro,5.2.1,2025-01-30,2124163,886,59,
astro,5.2.2,2025-01-31,2124314,886,59,
astro,5.2.3,2025-01-31,2126089,886,59,
astro,5.2.4,2025-02-04,2126322,886,59,
astro,5.2.5,2025-02-04,2127759,886,59,
astro,0.0.0-adapter-sessions-20250206154954,2025-02-06,2129385,886,59,
astro,0.0.0-adapter-sessions-20250206155450,2025-02-06,2129385,886,59,
astro,0.0.0-adapter-sessions-20250207124230,2025-02-07,2129385,886,59,
astro,0.0.0-adapter-sessions-20250207124921,2025-02-07,2129385,886,59,
astro,5.2.6,2025-02-12,2127908,886,59,
astro,5.3.0,2025-02-13,2131685,886,59,
astro,5.3.1,2025-02-24,2132182,886,59,
astro,5.4.0,2025-02-27,2132100,884,59,
astro,5.4.1,2025-02-28,2133366,886,59,
astro,5.4.2,2025-03-04,2138047,886,59,
astro,5.4.3,2025-03-11,2140359,886,58,
astro,5.5.0,2025-03-13,2149189,886,58,
astro,5.5.1,2025-03-13,2149190,886,58,
astro,5.5.2,2025-03-13,2151070,886,58,
astro,5.5.3,2025-03-18,2155075,886,58,
astro,5.5.4,2025-03-21,2155989,886,57,
astro,5.5.5,2025-03-26,2156718,888,57,
astro,5.5.6,2025-03-31,2157397,888,57,
astro,5.6.0,2025-04-03,2136171,894,57,327
astro,5.6.1,2025-04-04,2136559,894,57,
astro,5.6.2,2025-04-14,2139738,894,57,
astro,5.7.0,2025-04-15,2251777,930,60,
astro,5.7.1,2025-04-16,2250712,930,59,
astro,5.7.2,2025-04-16,2253860,930,59,
astro,5.7.3,2025-04-17,2254139,930,59,
astro,5.7.4,2025-04-18,2255959,930,59,
astro,5.7.5,2025-04-23,2244107,930,59,
astro,5.7.6,2025-04-28,2244271,930,59,
astro,5.7.7,2025-04-28,2258098,964,59,
astro,5.7.8,2025-04-28,2258098,964,59,
astro,5.7.9,2025-04-29,2258113,964,59,
astro,5.7.10,2025-04-30,2258121,964,59,
astro,5.7.11,2025-05-06,2257909,964,59,
astro,5.7.12,2025-05-08,2263308,966,60,
astro,5.7.13,2025-05-13,2267151,969,60,
astro,5.7.14,2025-05-21,2267759,969,61,
astro,5.8.0,2025-05-22,2267738,969,61,
astro,5.8.1,2025-05-29,2270717,969,61,
astro,5.8.2,2025-06-04,2270848,969,61,
astro,5.9.0,2025-06-05,2328345,977,61,
astro,5.9.1,2025-06-07,2328562,977,61,
astro,5.9.2,2025-06-09,2328346,977,61,
astro,5.9.3,2025-06-13,2331652,977,61,
astro,5.9.4,2025-06-17,2331851,977,61,
astro,5.10.0,2025-06-19,2348193,981,61,
astro,5.10.1,2025-06-23,2350820,981,61,
astro,5.10.2,2025-07-01,2352681,981,61,354
astro,5.11.0,2025-07-03,2355994,981,61,
astro,5.11.1,2025-07-14,2356280,981,61,
astro,5.11.2,2025-07-16,2356346,981,61,
astro,5.12.0,2025-07-17,2359985,981,62,
astro,5.12.1,2025-07-21,2362217,983,62,
astro,5.12.2,2025-07-22,2363208,983,62,
astro,5.12.3,2025-07-23,2363496,983,62,
astro,5.12.4,2025-07-28,2361610,983,62,
astro,5.12.5,2025-07-29,2361765,983,62,
astro,5.12.6,2025-07-30,2361868,983,62,
astro,5.12.7,2025-07-31,2362291,983,62,
astro,5.12.8,2025-08-01,2362039,983,62,
astro,5.12.9,2025-08-08,2362611,983,62,
astro,5.13.0,2025-08-14,2366317,983,62,
astro,5.13.1,2025-08-15,2366496,983,62,
astro,5.13.2,2025-08-15,2366496,983,62,
astro,4.16.19,2025-08-19,14801978,926,62,
astro,5.13.3,2025-08-22,2367096,983,62,
astro,5.13.4,2025-08-27,2367584,983,62,
astro,5.13.5,2025-08-29,2370672,983,62,
astro,5.13.6,2025-09-08,2370723,983,63,
astro,5.13.7,2025-09-09,2370692,983,62,
astro,5.13.8,2025-09-17,2375948,983,62,
astro,5.13.9,2025-09-19,2375787,983,62,
astro,5.13.10,2025-09-22,2375391,983,62,
astro,5.13.11,2025-09-24,2380601,986,62,
astro,5.14.0,2025-09-25,2386536,988,62,
astro,5.14.1,2025-09-26,2386922,988,62,
astro,5.14.3,2025-10-09,2399769,994,62,348
astro,5.14.4,2025-10-10,2399769,994,62,
astro,5.14.5,2025-10-14,2400194,998,62,
astro,5.14.6,2025-10-17,2401079,999,62,
astro,5.14.7,2025-10-20,2402018,999,62,
astro,5.14.8,2025-10-21,2408324,1015,62,
astro,5.15.0,2025-10-23,2422961,1025,62,
astro,5.15.1,2025-10-23,2422862,1025,62,
astro,5.15.2,2025-10-28,2422900,1025,62,
astro,5.15.3,2025-10-30,2426191,1027,62,
astro,5.15.4,2025-11-06,2428138,1027,62,
astro,5.15.5,2025-11-10,2433571,1031,62,
astro,5.15.6,2025-11-13,2436416,1033,62,
astro,5.15.7,2025-11-14,2436527,1033,62,
astro,5.15.8,2025-11-15,2437261,1033,62,
astro,5.15.9,2025-11-17,2437848,1033,62,
astro,5.16.0,2025-11-20,2456223,1065,63,
astro,5.16.1,2025-11-26,2456485,1069,63,
astro,5.16.2,2025-11-27,2459326,1069,63,
astro,5.16.3,2025-11-29,2460779,1071,63,
astro,5.16.4,2025-12-03,2468485,1075,63,
astro,5.16.5,2025-12-10,2462309,1075,63,
astro,5.16.6,2025-12-16,2462471,1075,63,
astro,5.16.7,2026-01-07,2476135,1077,63,350
astro,5.16.8,2026-01-09,2476589,1077,63,
astro,5.16.9,2026-01-12,2493477,1061,63,
astro,5.16.10,2026-01-16,2495917,1061,63,
astro,5.16.11,2026-01-16,2496365,1061,63,
astro,5.16.12,2026-01-21,2504039,1063,63,
astro,5.16.13,2026-01-22,2509613,1067,63,
astro,5.16.14,2026-01-22,2472739,1067,63,
astro,5.16.15,2026-01-23,2454247,1067,63,
astro,5.16.16,2026-01-28,2455273,1067,63,
astro,5.17.0,2026-01-29,2460007,1067,63,
astro,5.17.1,2026-01-29,2455109,1063,63,
astro,5.17.2,2026-02-11,2458971,1065,63,
astro,5.17.3,2026-02-18,2464249,1065,63,
astro,5.18.0,2026-02-25,2466228,1065,63,
astro,5.18.1,2026-03-10,2466228,1065,63,
astro,6.0.0,2026-03-10,2587732,1179,55,
astro,6.0.1,2026-03-10,2587833,1179,55,
astro,6.0.2,2026-03-10,2587871,1179,55,
astro,6.0.3,2026-03-11,2591868,1179,55,
astro,6.0.4,2026-03-12,2599303,1179,55,
astro,6.0.5,2026-03-16,2599197,1179,55,
astro,6.0.6,2026-03-18,2601993,1179,55,
astro,6.0.7,2026-03-19,2610689,1181,55,
astro,6.0.8,2026-03-20,2613138,1181,55,
astro,6.1.0,2026-03-26,2644765,1195,55,
astro,6.1.1,2026-03-26,2645273,1195,55,
astro,6.1.2,2026-03-30,2646786,1195,55,
astro,6.1.3,2026-04-01,2647115,1197,55,325
astro,6.1.4,2026-04-06,2655986,1199,55,
astro,6.1.5,2026-04-08,2657497,1201,54,
astro,6.1.6,2026-04-13,2660345,1201,54,
astro,6.1.7,2026-04-15,2661502,1203,54,
astro,6.1.8,2026-04-18,2663921,1203,54,
astro,6.1.9,2026-04-22,2666940,1203,54,
astro,6.1.10,2026-04-28,2669107,1203,54,
astro,6.2.0,2026-04-30,2704391,1235,54,
astro,6.2.1,2026-04-30,2705420,1235,54,
astro,6.2.2,2026-05-04,2711095,1235,55,
astro,6.3.0,2026-05-07,2783669,1279,55,
astro,6.3.1,2026-05-07,2784551,1281,55,
astro,6.3.2,2026-05-13,2789779,1281,55,
astro,6.3.3,2026-05-14,2789815,1281,55,
astro,6.3.4,2026-05-18,2795667,1283,55,
astro,6.3.5,2026-05-18,2796364,1283,55,
astro,6.3.6,2026-05-20,2799490,1283,55,
astro,6.3.7,2026-05-21,2800138,1283,55,
astro,5.18.2,2026-05-26,2466517,1065,63,
astro,6.3.8,2026-05-26,2803705,1283,55,
astro,6.4.0,2026-05-28,2810711,1283,55,
astro,6.4.1,2026-05-28,2819617,1285,55,
astro,6.4.2,2026-05-28,2822390,1285,55,
astro,6.4.3,2026-06-02,2825011,1285,55,
astro,6.4.4,2026-06-03,2828666,1287,55,
astro,6.4.5,2026-06-09,2828883,1287,55,
astro,6.4.6,2026-06-10,2830835,1287,55,
astro,6.4.7,2026-06-15,2832965,1287,55,
astro,6.4.8,2026-06-17,2834045,1287,55,
astro,7.0.0,2026-06-22,2796057,1281,56,
astro,7.0.1,2026-06-23,2797910,1281,56,
astro,7.0.2,2026-06-23,2797910,1281,56,
astro,7.0.3,2026-06-25,2803565,1287,56,
astro,7.0.4,2026-06-30,2805502,1287,56,
astro,7.0.5,2026-07-01,2810901,1289,53,286
astro,7.0.6,2026-07-02,2817464,1289,53,
astro,7.0.7,2026-07-08,2820750,1289,53,
astro,7.0.8,2026-07-13,2821272,1289,53,
astro,7.0.9,2026-07-13,2821134,1289,53,
astro,7.1.0,2026-07-16,2873305,1295,53,
astro,7.1.1,2026-07-17,2873622,1295,53,
astro,7.1.2,2026-07-20,2873663,1295,53,
astro,7.1.3,2026-07-20,2873672,1295,53,
astro,7.1.4,2026-07-27,2877096,1296,53,
axios,0.18.0,2018-02-19,307840,40,2,3
axios,0.19.0,2019-05-30,329975,40,2,5
axios,0.18.1,2019-06-01,293785,39,2,
axios,0.19.1,2020-01-07,348347,42,1,4
axios,0.19.2,2020-01-22,346079,41,1,
axios,0.20.0-0,2020-07-15,366154,41,1,2
axios,0.20.0,2020-08-21,366242,41,1,
axios,0.21.0,2020-10-23,366821,41,1,2
axios,0.21.1,2020-12-22,371182,42,1,
axios,0.21.2,2021-09-04,372594,44,1,2
axios,0.21.3,2021-09-04,373047,44,1,
axios,0.21.4,2021-09-06,375349,44,1,
axios,0.22.0,2021-10-01,385333,46,1,2
axios,0.23.0,2021-10-12,388462,48,1,
axios,0.24.0,2021-10-25,388976,48,1,
axios,0.25.0,2022-01-18,396102,49,1,2
axios,0.26.0,2022-02-13,396948,49,1,
axios,0.26.1,2022-03-09,398302,50,1,
axios,0.27.0,2022-04-25,608129,51,2,25
axios,0.27.1,2022-04-26,683820,51,2,
axios,0.27.2,2022-04-27,445714,52,2,
axios,1.0.0,2022-10-04,1297906,77,3,26
axios,1.1.0,2022-10-06,1301740,77,3,
axios,1.1.1,2022-10-07,1300723,77,3,
axios,1.1.2,2022-10-07,1300731,77,3,
axios,1.1.3,2022-10-15,1311679,77,3,
axios,1.2.0,2022-11-22,1632778,80,3,
axios,1.2.1,2022-12-05,1644553,80,3,
axios,1.2.2,2022-12-29,1679761,76,3,
axios,1.2.3,2023-01-17,1680874,76,3,26
axios,1.2.4,2023-01-24,1676740,75,3,
axios,1.2.5,2023-01-26,1679167,75,3,
axios,1.2.6,2023-01-28,1680691,75,3,
axios,1.3.0,2023-01-31,1716407,78,3,
axios,1.3.1,2023-02-01,1718219,78,3,
axios,1.3.2,2023-02-03,1719158,78,3,
axios,1.3.3,2023-02-13,1722523,78,3,
axios,1.3.4,2023-02-22,1725978,79,3,
axios,1.3.5,2023-04-05,1729516,79,3,26
axios,1.3.6,2023-04-19,1732124,79,3,
axios,1.4.0,2023-04-27,1744876,80,3,
axios,1.5.0,2023-08-26,1752636,80,3,26
axios,1.5.1,2023-09-26,1769525,80,3,
axios,1.6.0,2023-10-26,1785881,80,3,26
axios,1.6.1,2023-11-08,1797707,81,3,
axios,1.6.2,2023-11-14,1797704,81,3,
axios,1.6.3,2023-12-26,1798922,81,3,
axios,1.6.4,2024-01-03,1802694,81,3,26
axios,1.6.5,2024-01-05,1804160,81,3,
axios,1.6.6,2024-01-24,1840271,81,3,
axios,1.6.7,2024-01-25,1841701,81,3,
axios,0.28.0,2024-02-12,878279,70,3,
axios,1.6.8,2024-03-15,1843235,81,3,
axios,0.28.1,2024-03-28,882525,70,3,
axios,1.7.0,2024-05-19,2067880,86,3,26
axios,1.7.1,2024-05-20,2075224,86,3,
axios,1.7.2,2024-05-21,2076796,86,3,
axios,1.7.3,2024-08-01,2116388,86,3,26
axios,1.7.4,2024-08-13,2117448,86,3,
axios,1.7.5,2024-08-23,2124343,86,3,
axios,1.7.6,2024-08-30,2133026,86,3,
axios,1.7.7,2024-08-31,2141088,86,3,
axios,0.29.0,2024-11-21,864467,70,3,26
axios,1.7.8,2024-11-25,2114636,86,3,
axios,1.7.9,2024-12-04,2131753,86,3,
axios,1.8.0,2025-02-26,2149568,85,3,26
axios,1.8.1,2025-02-26,2140813,85,3,
axios,1.8.2,2025-03-07,2140651,85,3,
axios,1.8.3,2025-03-12,2142312,85,3,
axios,1.8.4,2025-03-19,2142875,85,3,
axios,0.30.0,2025-03-26,869071,70,3,
axios,1.9.0,2025-04-24,2155396,85,3,26
axios,1.10.0,2025-06-14,2165128,85,3,
axios,1.11.0,2025-07-23,2177355,85,3,26
axios,0.30.1,2025-08-04,869150,70,3,
axios,1.12.0,2025-09-11,2237771,86,3,
axios,1.12.1,2025-09-12,2238457,86,3,
axios,1.12.2,2025-09-14,2241796,86,3,
axios,0.30.2,2025-09-27,872037,72,3,
axios,1.13.0,2025-10-27,2291032,86,3,26
axios,1.13.1,2025-10-28,2291796,86,3,
axios,1.13.2,2025-11-04,2292298,86,3,
axios,1.13.3,2026-01-25,2333939,86,3,26
axios,1.13.4,2026-01-27,2333264,86,3,
axios,1.13.5,2026-02-08,2338733,86,3,
axios,0.30.3,2026-02-18,874741,72,3,
axios,1.13.6,2026-02-27,2423319,86,3,
axios,1.14.0,2026-03-27,2408136,86,3,
axios,1.15.0,2026-04-08,2445962,87,3,26
axios,0.31.0,2026-04-12,886532,74,3,
axios,0.31.1,2026-04-19,912411,74,3,
axios,1.15.1,2026-04-19,2503738,87,3,
axios,1.15.2,2026-04-21,2535735,87,3,
axios,1.16.0,2026-05-02,2763426,87,3,
axios,0.32.0,2026-05-04,963808,77,3,
axios,1.16.1,2026-05-13,2813064,88,4,
axios,1.17.0,2026-06-03,1652671,85,4,
axios,0.33.0,2026-06-14,990575,77,3,
axios,1.18.0,2026-06-14,1745809,85,4,
axios,1.18.1,2026-06-22,1772607,85,4,30
chalk,2.3.1,2018-02-11,24721,6,3,7
chalk,2.3.2,2018-03-02,24713,6,3,
chalk,2.4.0,2018-04-17,27005,7,3,7
chalk,2.4.1,2018-04-26,26917,7,3,
chalk,2.4.2,2019-01-05,26924,7,3,7
chalk,3.0.0,2019-11-09,32729,7,2,6
chalk,4.0.0,2020-04-02,33203,7,2,6
chalk,4.1.0,2020-06-09,33631,7,2,
chalk,4.1.1,2021-04-21,34823,7,2,6
chalk,4.1.2,2021-07-30,35047,7,2,6
chalk,5.0.0,2021-11-26,41306,12,0,1
chalk,5.0.1,2022-03-08,41336,12,0,1
chalk,5.1.0,2022-10-05,41604,12,0,1
chalk,5.1.1,2022-10-12,43787,12,0,
chalk,5.1.2,2022-10-12,43787,12,0,
chalk,5.2.0,2022-12-08,43568,12,0,
chalk,5.3.0,2023-06-29,43736,12,0,1
chalk,5.4.0,2024-12-18,44129,12,0,1
chalk,5.4.1,2024-12-21,44242,12,0,
chalk,5.5.0,2025-08-03,44295,12,0,1
chalk,5.6.0,2025-08-17,44342,12,0,
chalk,5.6.2,2025-09-08,44342,12,0,
chalk,6.0.0,2026-07-26,56029,12,0,1
esbuild,0.0.11,2020-04-07,327,1,3,4
esbuild,0.0.12,2020-04-07,327,1,3,
esbuild,0.0.13,2020-04-07,1783,2,0,
esbuild,0.0.14,2020-04-07,2199,2,0,
esbuild,0.0.15,2020-04-07,2463,3,0,
esbuild,0.0.4,2020-04-07,2375,3,0,
esbuild,0.0.16,2020-04-09,2463,3,0,
esbuild,0.1.0,2020-04-13,2462,3,0,
esbuild,0.1.1,2020-04-13,2462,3,0,
esbuild,0.1.2,2020-04-13,2462,3,0,
esbuild,0.1.3,2020-04-13,2462,3,0,
esbuild,0.1.4,2020-04-15,2462,3,0,
esbuild,0.1.5,2020-04-15,2462,3,0,
esbuild,0.1.6,2020-04-16,2462,3,0,
esbuild,0.1.7,2020-04-16,2462,3,0,
esbuild,0.1.8,2020-04-16,2462,3,0,
esbuild,0.1.10,2020-04-18,2463,3,0,
esbuild,0.1.9,2020-04-18,2462,3,0,
esbuild,0.1.11,2020-04-19,2463,3,0,
esbuild,0.1.12,2020-04-19,2463,3,0,
esbuild,0.1.13,2020-04-20,2463,3,0,
esbuild,0.1.14,2020-04-21,2463,3,0,
esbuild,0.1.15,2020-04-22,2463,3,0,
esbuild,0.1.16,2020-04-23,2463,3,0,
esbuild,0.1.17,2020-04-29,2567,4,0,
esbuild,0.1.18,2020-04-30,2567,4,0,
esbuild,0.1.19,2020-05-01,2567,4,0,
esbuild,0.1.20,2020-05-02,2567,4,0,
esbuild,0.1.21,2020-05-02,8647,6,0,
esbuild,0.1.22,2020-05-03,8647,6,0,
esbuild,0.1.23,2020-05-03,8647,6,0,
esbuild,0.1.24,2020-05-04,8702,6,0,
esbuild,0.1.25,2020-05-05,9534,6,0,
esbuild,0.1.26,2020-05-05,9534,6,0,
esbuild,0.2.0,2020-05-05,17481,6,0,
esbuild,0.2.1,2020-05-05,17481,6,0,
esbuild,0.2.2,2020-05-06,17627,6,0,
esbuild,0.2.3,2020-05-06,17627,6,0,
esbuild,0.2.4,2020-05-06,17632,6,0,
esbuild,0.2.5,2020-05-06,18443,6,0,
esbuild,0.2.6,2020-05-06,18441,6,0,
esbuild,0.2.7,2020-05-07,18773,6,0,
esbuild,0.2.8,2020-05-07,18773,6,0,
esbuild,0.2.9,2020-05-08,18773,6,0,
esbuild,0.2.10,2020-05-09,18774,6,0,
esbuild,0.2.11,2020-05-10,18774,6,0,
esbuild,0.2.12,2020-05-13,18774,6,0,
esbuild,0.3.0,2020-05-13,18773,6,0,
esbuild,0.3.1,2020-05-14,18773,6,0,
esbuild,0.3.2,2020-05-14,19025,6,0,
esbuild,0.3.3,2020-05-17,19025,6,0,
esbuild,0.3.4,2020-05-18,19025,6,0,
esbuild,0.3.5,2020-05-18,19025,6,0,
esbuild,0.3.6,2020-05-21,19025,6,0,
esbuild,0.3.7,2020-05-21,19334,6,0,
esbuild,0.3.8,2020-05-22,19394,6,0,
esbuild,0.3.9,2020-05-23,19406,6,0,
esbuild,0.4.0,2020-05-26,19674,6,0,
esbuild,0.4.1,2020-05-26,19831,6,0,
esbuild,0.4.2,2020-05-26,19831,6,0,
esbuild,0.4.3,2020-05-28,20198,6,0,
esbuild,0.4.4,2020-06-03,20349,6,0,
esbuild,0.4.5,2020-06-04,20349,6,0,
esbuild,0.4.6,2020-06-05,20349,6,0,
esbuild,0.4.7,2020-06-05,20349,6,0,
esbuild,0.4.8,2020-06-05,20805,6,0,
esbuild,0.4.9,2020-06-07,20805,6,0,
esbuild,0.4.10,2020-06-08,20806,6,0,
esbuild,0.4.11,2020-06-08,20806,6,0,
esbuild,0.4.12,2020-06-09,20806,6,0,
esbuild,0.4.13,2020-06-09,20806,6,0,
esbuild,0.4.14,2020-06-11,20806,6,0,
esbuild,0.5.0,2020-06-11,19309,6,0,
esbuild,0.5.1,2020-06-11,19309,6,0,
esbuild,0.5.2,2020-06-12,19309,6,0,
esbuild,0.5.3,2020-06-12,19309,6,0,
esbuild,0.5.4,2020-06-19,19309,6,0,
esbuild,0.5.5,2020-06-20,19309,6,0,
esbuild,0.5.6,2020-06-20,19309,6,0,
esbuild,0.5.7,2020-06-21,19309,6,0,
esbuild,0.5.8,2020-06-21,19309,6,0,
esbuild,0.5.9,2020-06-22,19550,6,0,
esbuild,0.5.10,2020-06-23,19532,6,0,
esbuild,0.5.11,2020-06-23,19983,6,0,
esbuild,0.5.12,2020-06-24,19983,6,0,
esbuild,0.5.13,2020-06-27,19983,6,0,
esbuild,0.5.14,2020-06-28,19983,6,0,
esbuild,0.5.15,2020-06-30,20063,6,0,
esbuild,0.5.16,2020-06-30,20142,6,0,
esbuild,0.5.17,2020-07-02,20142,6,0,1
esbuild,0.5.18,2020-07-02,20142,6,0,
esbuild,0.5.19,2020-07-02,20142,6,0,
esbuild,0.5.20,2020-07-04,20142,6,0,
esbuild,0.5.21,2020-07-05,20721,6,0,
esbuild,0.5.22,2020-07-06,21882,6,0,
esbuild,0.5.23,2020-07-06,21950,6,0,
esbuild,0.5.24,2020-07-07,21950,6,0,
esbuild,0.5.25,2020-07-08,22174,6,0,
esbuild,0.5.26,2020-07-09,22174,6,0,
esbuild,0.6.0,2020-07-11,23659,6,0,
esbuild,0.6.1,2020-07-11,24405,6,0,
esbuild,0.6.2,2020-07-12,25029,6,0,
esbuild,0.6.3,2020-07-16,25029,6,0,
esbuild,0.6.4,2020-07-19,24327,6,0,
esbuild,0.6.5,2020-07-20,24327,6,0,
esbuild,0.6.6,2020-07-25,25505,6,0,
esbuild,0.6.7,2020-07-25,25634,6,0,
esbuild,0.6.8,2020-07-27,26902,6,0,
esbuild,0.6.10,2020-07-29,29538,6,0,
esbuild,0.6.9,2020-07-29,29537,6,0,
esbuild,0.6.11,2020-07-30,48302,7,0,
esbuild,0.6.12,2020-07-31,48302,7,0,
esbuild,0.6.13,2020-07-31,29538,6,0,
esbuild,0.6.14,2020-08-02,29538,6,0,
esbuild,0.6.15,2020-08-03,29538,6,0,
esbuild,0.6.16,2020-08-03,29538,6,0,
esbuild,0.6.17,2020-08-05,31022,6,0,
esbuild,0.6.18,2020-08-07,32153,6,0,
esbuild,0.6.19,2020-08-10,32153,6,0,
esbuild,0.6.20,2020-08-11,32153,6,0,
esbuild,0.6.21,2020-08-12,32153,6,0,
esbuild,0.6.22,2020-08-13,32114,6,0,
esbuild,0.6.23,2020-08-14,32114,6,0,
esbuild,0.6.24,2020-08-15,32114,6,0,
esbuild,0.6.25,2020-08-17,32114,6,0,
esbuild,0.6.26,2020-08-18,32114,6,0,
esbuild,0.6.27,2020-08-21,32114,6,0,
esbuild,0.6.28,2020-08-27,31204,6,0,
esbuild,0.6.29,2020-09-02,31204,6,0,
esbuild,0.6.30,2020-09-03,31226,6,0,
esbuild,0.6.31,2020-09-06,31226,6,0,
esbuild,0.6.32,2020-09-07,31228,6,0,
esbuild,0.6.33,2020-09-09,31228,6,0,
esbuild,0.6.34,2020-09-11,31228,6,0,
esbuild,0.7.0,2020-09-12,37430,6,0,
esbuild,0.7.1,2020-09-12,37430,6,0,
esbuild,0.7.2,2020-09-19,37430,6,0,
esbuild,0.7.3,2020-09-23,38316,6,0,
esbuild,0.7.4,2020-09-23,38150,6,0,
esbuild,0.7.5,2020-09-24,38150,6,0,
esbuild,0.7.6,2020-09-26,38150,6,0,
esbuild,0.7.7,2020-09-27,38150,6,0,
esbuild,0.7.8,2020-09-29,38158,6,0,
esbuild,0.7.9,2020-10-03,38158,6,0,1
esbuild,0.7.10,2020-10-06,38164,6,0,
esbuild,0.7.11,2020-10-07,38164,6,0,
esbuild,0.7.12,2020-10-08,38783,6,0,
esbuild,0.7.13,2020-10-08,38776,6,0,
esbuild,0.7.14,2020-10-10,38776,6,0,
esbuild,0.7.15,2020-10-13,38776,6,0,
esbuild,0.7.16,2020-10-16,39014,6,0,
esbuild,0.7.17,2020-10-18,39339,6,0,
esbuild,0.7.18,2020-10-20,39554,6,0,
esbuild,0.7.19,2020-10-21,39691,6,0,
esbuild,0.7.20,2020-10-25,39872,6,0,
esbuild,0.7.21,2020-10-25,39872,6,0,
esbuild,0.7.22,2020-10-28,40832,6,0,
esbuild,0.8.0,2020-10-28,40347,6,0,
esbuild,0.8.1,2020-11-01,49854,6,0,
esbuild,0.8.2,2020-11-01,49998,6,0,
esbuild,0.8.3,2020-11-03,50738,6,0,
esbuild,0.8.4,2020-11-05,50746,6,0,
esbuild,0.8.5,2020-11-07,51054,6,0,
esbuild,0.8.6,2020-11-11,51196,6,0,
esbuild,0.8.7,2020-11-13,50289,6,0,
esbuild,0.8.8,2020-11-16,50557,6,0,
esbuild,0.8.9,2020-11-17,50606,6,0,
esbuild,0.8.10,2020-11-18,50882,6,0,
esbuild,0.8.11,2020-11-18,50882,6,0,
esbuild,0.8.12,2020-11-21,56341,6,0,
esbuild,0.8.13,2020-11-23,56336,6,0,
esbuild,0.8.14,2020-11-24,56336,6,0,
esbuild,0.8.15,2020-11-25,56336,6,0,
esbuild,0.8.16,2020-11-26,57210,6,0,
esbuild,0.8.17,2020-11-29,57252,6,0,
esbuild,0.8.18,2020-12-04,57252,6,0,
esbuild,0.8.19,2020-12-05,57855,6,0,
esbuild,0.8.20,2020-12-06,58281,6,0,
esbuild,0.8.21,2020-12-08,58550,6,0,
esbuild,0.8.22,2020-12-12,62543,6,0,
esbuild,0.8.23,2020-12-14,60018,6,0,
esbuild,0.8.24,2020-12-18,61507,6,0,
esbuild,0.8.25,2020-12-20,61513,6,0,
esbuild,0.8.26,2020-12-21,61645,6,0,
esbuild,0.8.27,2020-12-29,61842,6,0,
esbuild,0.8.28,2020-12-31,61842,6,0,
esbuild,0.8.29,2021-01-02,61842,6,0,1
esbuild,0.8.30,2021-01-06,61842,6,0,
esbuild,0.8.31,2021-01-07,61851,6,0,
esbuild,0.8.32,2021-01-14,63777,6,0,
esbuild,0.8.33,2021-01-18,64262,6,0,
esbuild,0.8.34,2021-01-21,64262,6,0,
esbuild,0.8.35,2021-01-26,64262,6,0,
esbuild,0.8.36,2021-01-26,64262,6,0,
esbuild,0.8.37,2021-01-30,64262,6,0,
esbuild,0.8.38,2021-01-31,69309,6,0,
esbuild,0.8.39,2021-02-01,68320,6,0,
esbuild,0.8.40,2021-02-04,68676,6,0,
esbuild,0.8.41,2021-02-04,68676,6,0,
esbuild,0.8.42,2021-02-05,69088,6,0,
esbuild,0.8.43,2021-02-08,69656,6,0,
esbuild,0.8.44,2021-02-11,71605,6,0,
esbuild,0.8.45,2021-02-13,71765,6,0,
esbuild,0.8.46,2021-02-14,71765,6,0,
esbuild,0.8.47,2021-02-18,71318,6,0,
esbuild,0.8.48,2021-02-18,71318,6,0,
esbuild,0.8.49,2021-02-19,71318,6,0,
esbuild,0.8.50,2021-02-21,71318,6,0,
esbuild,0.8.51,2021-02-23,71344,6,0,
esbuild,0.8.52,2021-02-25,71470,6,0,
esbuild,0.8.53,2021-02-27,71788,6,0,
esbuild,0.8.54,2021-03-01,71788,6,0,
esbuild,0.8.55,2021-03-04,71788,6,0,
esbuild,0.8.56,2021-03-05,71919,6,0,
esbuild,0.8.57,2021-03-08,70386,6,0,
esbuild,0.9.0,2021-03-09,69973,6,0,
esbuild,0.9.1,2021-03-12,70208,6,0,
esbuild,0.9.2,2021-03-12,70208,6,0,
esbuild,0.9.3,2021-03-17,70211,6,0,
esbuild,0.9.4,2021-03-19,70447,6,0,
esbuild,0.9.5,2021-03-19,70447,6,0,
esbuild,0.9.6,2021-03-20,75405,6,0,
esbuild,0.9.7,2021-03-24,75618,6,0,
esbuild,0.10.0,2021-03-25,77082,6,0,
esbuild,0.10.1,2021-03-26,80720,6,0,
esbuild,0.10.2,2021-03-27,80720,6,0,
esbuild,0.11.0,2021-03-29,81010,6,0,
esbuild,0.11.1,2021-03-29,81010,6,0,
esbuild,0.11.2,2021-03-30,81010,6,0,
esbuild,0.11.3,2021-04-02,81020,6,0,1
esbuild,0.11.4,2021-04-03,81029,6,0,
esbuild,0.11.5,2021-04-03,81483,6,0,
esbuild,0.11.6,2021-04-07,81483,6,0,
esbuild,0.11.7,2021-04-10,81483,6,0,
esbuild,0.11.8,2021-04-11,81483,6,0,
esbuild,0.11.9,2021-04-12,81483,6,0,
esbuild,0.11.10,2021-04-13,81512,6,0,
esbuild,0.11.11,2021-04-15,81512,6,0,
esbuild,0.11.12,2021-04-17,81512,6,0,
esbuild,0.11.13,2021-04-23,81679,6,0,
esbuild,0.11.14,2021-04-24,81679,6,0,
esbuild,0.11.15,2021-04-26,86371,6,0,
esbuild,0.11.16,2021-04-28,86499,6,0,
esbuild,0.11.17,2021-05-01,86497,6,0,
esbuild,0.11.18,2021-05-02,86519,6,0,
esbuild,0.11.19,2021-05-06,87278,6,0,
esbuild,0.11.20,2021-05-08,87986,6,0,
esbuild,0.11.21,2021-05-14,87986,6,0,
esbuild,0.11.22,2021-05-15,87986,6,0,
esbuild,0.11.23,2021-05-16,87986,6,0,
esbuild,0.12.0,2021-05-18,87979,6,0,
esbuild,0.12.1,2021-05-19,88232,6,0,
esbuild,0.12.2,2021-05-25,88232,6,0,
esbuild,0.12.3,2021-05-26,88232,6,0,
esbuild,0.12.4,2021-05-27,89646,6,0,
esbuild,0.12.5,2021-05-28,89646,6,0,
esbuild,0.12.6,2021-06-04,88232,6,0,
esbuild,0.12.7,2021-06-08,88233,6,0,
esbuild,0.12.8,2021-06-09,88440,6,0,
esbuild,0.12.9,2021-06-16,88440,6,0,
esbuild,0.12.10,2021-06-27,88447,6,0,
esbuild,0.12.11,2021-06-28,88455,6,0,
esbuild,0.12.12,2021-06-28,88455,6,0,
esbuild,0.12.13,2021-07-01,88700,6,0,1
esbuild,0.12.14,2021-07-01,88700,6,0,
esbuild,0.12.15,2021-07-06,88700,6,0,
esbuild,0.12.16,2021-07-26,88875,6,0,
esbuild,0.12.17,2021-07-29,88875,6,0,
esbuild,0.12.18,2021-08-05,88875,6,0,
esbuild,0.12.19,2021-08-07,88875,6,0,
esbuild,0.12.20,2021-08-12,88875,6,0,
esbuild,0.12.21,2021-08-18,88920,6,0,
esbuild,0.12.22,2021-08-21,88920,6,0,
esbuild,0.12.23,2021-08-26,89145,6,0,
esbuild,0.12.24,2021-08-27,89145,6,0,
esbuild,0.12.25,2021-09-02,89183,6,0,
esbuild,0.12.26,2021-09-09,92451,6,0,
esbuild,0.12.27,2021-09-13,92451,6,0,
esbuild,0.12.28,2021-09-14,92451,6,0,
esbuild,0.12.29,2021-09-22,92169,6,0,
esbuild,0.13.0,2021-09-22,92264,6,16,
esbuild,0.13.1,2021-09-23,93232,6,16,
esbuild,0.13.2,2021-09-23,93232,6,16,
esbuild,0.13.3,2021-09-28,93232,6,16,
esbuild,0.13.4,2021-10-05,99751,6,16,17
esbuild,0.13.5,2021-10-13,99751,6,16,
esbuild,0.13.6,2021-10-14,99919,6,17,
esbuild,0.13.7,2021-10-15,99919,6,17,
esbuild,0.13.8,2021-10-17,99927,6,17,
esbuild,0.13.9,2021-10-23,99959,6,17,
esbuild,0.13.10,2021-10-28,104366,6,17,
esbuild,0.13.11,2021-10-30,104558,6,17,
esbuild,0.13.12,2021-10-31,104366,6,17,
esbuild,0.13.13,2021-11-09,104366,6,17,
esbuild,0.13.14,2021-11-16,104295,6,17,
esbuild,0.13.15,2021-11-20,104295,6,17,
esbuild,0.14.0,2021-11-26,104346,6,17,
esbuild,0.14.1,2021-11-30,104346,6,17,
esbuild,0.14.2,2021-12-04,104384,6,17,
esbuild,0.14.3,2021-12-12,105202,6,17,
esbuild,0.14.4,2021-12-14,105641,6,17,
esbuild,0.14.5,2021-12-14,105641,6,17,
esbuild,0.14.6,2021-12-20,105641,6,17,
esbuild,0.14.7,2021-12-21,105641,6,17,
esbuild,0.14.8,2021-12-23,108210,6,18,
esbuild,0.14.9,2021-12-29,108396,6,18,
esbuild,0.14.10,2021-12-31,108715,6,18,
esbuild,0.14.11,2022-01-09,108983,6,18,19
esbuild,0.14.12,2022-01-20,108983,6,18,
esbuild,0.14.13,2022-01-22,113459,6,18,
esbuild,0.14.14,2022-01-25,113479,6,18,
esbuild,0.14.15,2022-01-31,114064,6,18,
esbuild,0.14.16,2022-02-01,114064,6,18,
esbuild,0.14.17,2022-02-02,114069,6,18,
esbuild,0.14.18,2022-02-02,115613,6,18,
esbuild,0.14.19,2022-02-06,115613,6,18,
esbuild,0.14.20,2022-02-07,115613,6,18,
esbuild,0.14.21,2022-02-09,115794,6,19,
esbuild,0.14.22,2022-02-16,115958,6,19,
esbuild,0.14.23,2022-02-18,115958,6,19,
esbuild,0.14.24,2022-03-03,117579,6,20,
esbuild,0.14.25,2022-03-04,117579,6,20,
esbuild,0.14.26,2022-03-14,117579,6,20,
esbuild,0.14.27,2022-03-14,116734,6,20,
esbuild,0.14.28,2022-03-26,116734,6,20,
esbuild,0.14.29,2022-03-30,116873,6,20,
esbuild,0.14.30,2022-04-02,116873,6,20,21
esbuild,0.14.31,2022-04-04,116873,6,20,
esbuild,0.14.32,2022-04-06,117438,6,20,
esbuild,0.14.33,2022-04-07,117438,6,20,
esbuild,0.14.34,2022-04-07,117438,6,20,
esbuild,0.14.35,2022-04-12,117438,6,20,
esbuild,0.14.36,2022-04-12,117438,6,20,
esbuild,0.14.37,2022-04-21,117438,6,20,
esbuild,0.14.38,2022-04-21,117438,6,20,
esbuild,0.14.39,2022-05-11,117438,6,20,
esbuild,0.14.40,2022-05-27,117438,6,20,
esbuild,0.14.41,2022-05-27,117438,6,20,
esbuild,0.14.42,2022-05-29,117840,6,20,
esbuild,0.14.43,2022-06-08,118909,7,20,
esbuild,0.14.44,2022-06-15,118960,7,20,
esbuild,0.14.45,2022-06-17,119190,7,20,
esbuild,0.14.46,2022-06-18,117974,7,20,
esbuild,0.14.47,2022-06-20,117974,7,20,
esbuild,0.14.48,2022-06-30,118027,7,20,
esbuild,0.14.49,2022-07-10,118029,7,20,21
esbuild,0.14.50,2022-07-25,118546,7,20,
esbuild,0.14.51,2022-07-28,119021,7,20,
esbuild,0.14.52,2022-08-02,119585,7,21,
esbuild,0.14.53,2022-08-02,119589,7,21,
esbuild,0.14.54,2022-08-08,119589,7,21,
esbuild,0.15.0,2022-08-10,119556,7,21,
esbuild,0.15.1,2022-08-10,119556,7,21,
esbuild,0.15.2,2022-08-12,119556,7,21,
esbuild,0.15.3,2022-08-14,119556,7,21,
esbuild,0.15.4,2022-08-16,119556,7,21,
esbuild,0.15.5,2022-08-17,119556,7,21,
esbuild,0.15.6,2022-08-30,119818,7,21,
esbuild,0.15.7,2022-09-04,119851,7,21,
esbuild,0.15.8,2022-09-18,117577,7,22,
esbuild,0.15.9,2022-09-22,120481,7,22,
esbuild,0.15.10,2022-09-29,120692,7,22,
esbuild,0.15.11,2022-10-14,120692,7,22,23
esbuild,0.15.12,2022-10-19,120692,7,22,
esbuild,0.15.13,2022-11-03,120692,7,22,
esbuild,0.15.14,2022-11-15,120692,7,22,
esbuild,0.15.15,2022-11-21,120851,7,22,
esbuild,0.15.16,2022-11-27,121210,7,22,
esbuild,0.15.17,2022-12-04,121336,7,22,
esbuild,0.15.18,2022-12-05,121336,7,22,
esbuild,0.16.0,2022-12-07,122784,7,22,
esbuild,0.16.1,2022-12-07,122784,7,22,
esbuild,0.16.2,2022-12-08,122899,7,22,
esbuild,0.16.3,2022-12-08,122899,7,22,
esbuild,0.16.4,2022-12-10,122899,7,22,
esbuild,0.16.5,2022-12-13,123113,7,22,
esbuild,0.16.6,2022-12-14,123167,7,22,
esbuild,0.16.7,2022-12-14,123183,7,22,
esbuild,0.16.8,2022-12-16,123183,7,22,
esbuild,0.16.9,2022-12-18,123193,7,22,
esbuild,0.16.10,2022-12-19,123442,7,22,
esbuild,0.16.11,2022-12-27,123442,7,22,
esbuild,0.16.12,2022-12-28,123442,7,22,
esbuild,0.16.13,2023-01-02,124252,7,22,23
esbuild,0.16.14,2023-01-04,126604,7,22,
esbuild,0.16.15,2023-01-07,126636,7,22,
esbuild,0.16.16,2023-01-08,126746,7,22,
esbuild,0.16.17,2023-01-11,127275,7,22,
esbuild,0.17.0,2023-01-14,126932,7,22,
esbuild,0.17.1,2023-01-16,129063,7,22,
esbuild,0.17.2,2023-01-17,129705,7,22,
esbuild,0.17.3,2023-01-18,129705,7,22,
esbuild,0.17.4,2023-01-22,129705,7,22,
esbuild,0.17.5,2023-01-27,129705,7,22,
esbuild,0.17.6,2023-02-06,129954,7,22,
esbuild,0.17.7,2023-02-09,129954,7,22,
esbuild,0.17.8,2023-02-13,129954,7,22,
esbuild,0.17.9,2023-02-19,129954,7,22,
esbuild,0.17.10,2023-02-20,129990,7,22,
esbuild,0.17.11,2023-03-03,130127,7,22,
esbuild,0.17.12,2023-03-17,130127,7,22,
esbuild,0.17.13,2023-03-24,130127,7,22,
esbuild,0.17.14,2023-03-26,130127,7,22,
esbuild,0.17.15,2023-04-01,130127,7,22,23
esbuild,0.17.16,2023-04-10,130127,7,22,
esbuild,0.17.17,2023-04-16,130127,7,22,
esbuild,0.17.18,2023-04-22,130127,7,22,
esbuild,0.17.19,2023-05-13,130127,7,22,
esbuild,0.18.0,2023-06-09,130436,7,22,
esbuild,0.18.1,2023-06-12,130436,7,22,
esbuild,0.18.2,2023-06-13,130436,7,22,
esbuild,0.18.3,2023-06-15,130436,7,22,
esbuild,0.18.4,2023-06-16,130436,7,22,
esbuild,0.18.5,2023-06-20,130436,7,22,
esbuild,0.18.6,2023-06-20,130436,7,22,
esbuild,0.18.7,2023-06-24,130655,7,22,
esbuild,0.18.8,2023-06-25,130655,7,22,
esbuild,0.18.10,2023-06-26,130687,7,22,
esbuild,0.18.9,2023-06-26,130655,7,22,
esbuild,0.18.11,2023-07-01,130687,7,22,23
esbuild,0.18.12,2023-07-13,130687,7,22,
esbuild,0.18.13,2023-07-15,131049,7,22,
esbuild,0.18.14,2023-07-18,131063,7,22,
esbuild,0.18.15,2023-07-20,131238,7,22,
esbuild,0.18.16,2023-07-23,131238,7,22,
esbuild,0.18.17,2023-07-26,131238,7,22,
esbuild,0.18.18,2023-08-05,131238,7,22,
esbuild,0.18.19,2023-08-07,131272,7,22,
esbuild,0.18.20,2023-08-08,131272,7,22,
esbuild,0.19.0,2023-08-08,131240,7,22,
esbuild,0.19.1,2023-08-11,131511,7,22,
esbuild,0.19.2,2023-08-14,131511,7,22,
esbuild,0.19.3,2023-09-14,131520,7,22,
esbuild,0.19.4,2023-09-28,131520,7,22,
esbuild,0.19.5,2023-10-17,131520,7,22,23
esbuild,0.19.6,2023-11-19,131964,7,22,
esbuild,0.19.7,2023-11-21,132099,7,22,
esbuild,0.19.8,2023-11-26,132099,7,22,
esbuild,0.19.9,2023-12-10,132099,7,22,
esbuild,0.19.10,2023-12-19,132288,7,23,
esbuild,0.19.11,2023-12-29,133381,7,23,
esbuild,0.19.12,2024-01-23,133381,7,0,24
esbuild,0.20.0,2024-01-27,133669,7,0,
esbuild,0.20.1,2024-02-19,133669,7,0,
esbuild,0.20.2,2024-03-14,134527,7,0,
esbuild,0.21.0,2024-05-07,132781,7,0,24
esbuild,0.21.1,2024-05-07,132781,7,0,
esbuild,0.21.2,2024-05-12,132781,7,0,
esbuild,0.21.3,2024-05-15,132781,7,0,
esbuild,0.21.4,2024-05-25,133372,7,0,
esbuild,0.21.5,2024-06-09,133372,7,0,
esbuild,0.22.0,2024-06-30,133567,7,0,
esbuild,0.23.0,2024-07-02,133567,7,0,25
esbuild,0.23.1,2024-08-16,133628,7,0,
esbuild,0.24.0,2024-09-22,133628,7,0,
esbuild,0.24.1,2024-12-20,133805,7,0,26
esbuild,0.24.2,2024-12-20,133805,7,0,
esbuild,0.25.0,2025-02-08,133970,7,0,26
esbuild,0.25.1,2025-03-10,133970,7,0,
esbuild,0.25.2,2025-03-30,134169,7,0,
esbuild,0.25.3,2025-04-23,134169,7,0,26
esbuild,0.25.4,2025-05-06,134494,7,0,
esbuild,0.25.5,2025-05-27,134494,7,0,
esbuild,0.25.6,2025-07-07,134996,7,0,27
esbuild,0.25.7,2025-07-18,135307,7,0,
esbuild,0.25.8,2025-07-19,135307,7,0,
esbuild,0.25.9,2025-08-12,135307,7,0,
esbuild,0.25.10,2025-09-17,135343,7,0,
esbuild,0.25.11,2025-10-15,135343,7,0,27
esbuild,0.25.12,2025-11-01,135343,7,0,
esbuild,0.26.0,2025-11-09,135307,7,0,
esbuild,0.27.0,2025-11-09,135307,7,0,
esbuild,0.27.1,2025-12-03,135307,7,0,
esbuild,0.27.2,2025-12-17,135307,7,0,
esbuild,0.27.3,2026-02-05,135307,7,0,27
esbuild,0.27.4,2026-03-12,143795,7,0,
esbuild,0.27.5,2026-04-02,143823,7,0,27
esbuild,0.27.7,2026-04-02,143823,7,0,
esbuild,0.28.0,2026-04-02,146927,7,0,
esbuild,0.28.1,2026-06-11,146953,7,0,27
eslint,4.18.0,2018-02-16,2434242,356,37,135
eslint,4.18.1,2018-02-20,2434528,356,37,
eslint,4.18.2,2018-03-02,2435075,355,37,
eslint,4.19.0,2018-03-16,2441128,355,38,
eslint,4.19.1,2018-03-22,2442274,355,38,
eslint,5.0.0,2018-06-23,2492298,360,38,213
eslint,5.0.1,2018-06-26,2492535,360,38,
eslint,5.1.0,2018-07-08,2492619,360,39,214
eslint,5.2.0,2018-07-21,2497330,361,39,
eslint,5.3.0,2018-08-04,2539240,370,39,
eslint,5.4.0,2018-08-18,2540956,369,38,
eslint,5.5.0,2018-09-01,2543078,369,38,
eslint,5.6.0,2018-09-15,2545355,369,38,
eslint,5.6.1,2018-09-28,2549226,369,38,
eslint,5.7.0,2018-10-12,2552909,369,38,123
eslint,5.8.0,2018-10-26,2556006,369,38,
eslint,5.9.0,2018-11-09,2575881,369,38,
eslint,5.10.0,2018-12-08,2583694,370,37,
eslint,5.11.0,2018-12-23,2593521,371,37,
eslint,5.11.1,2018-12-27,2593760,371,37,
eslint,5.12.0,2019-01-04,2595311,371,37,122
eslint,5.12.1,2019-01-18,2620409,372,37,
eslint,5.13.0,2019-02-01,2614807,372,36,
eslint,5.14.0,2019-02-15,2626844,372,36,
eslint,5.14.1,2019-02-18,2627151,372,36,
eslint,5.15.0,2019-03-02,2632350,373,36,
eslint,5.15.1,2019-03-05,2632836,373,36,
eslint,5.15.2,2019-03-15,2635935,373,36,
eslint,5.15.3,2019-03-18,2630892,373,36,
eslint,5.16.0,2019-03-30,2633398,374,36,
eslint,6.0.0,2019-06-22,2712308,381,36,123
eslint,6.0.1,2019-06-25,2714664,382,36,
eslint,6.1.0,2019-07-21,2730537,382,37,121
eslint,6.2.0,2019-08-18,2757257,383,37,
eslint,6.2.1,2019-08-20,2758055,383,37,
eslint,6.2.2,2019-08-24,2758739,383,37,
eslint,6.3.0,2019-08-30,2766118,383,37,
eslint,6.4.0,2019-09-14,2790679,386,37,
eslint,6.5.0,2019-09-29,2809501,387,37,
eslint,6.5.1,2019-10-01,2810330,387,37,121
eslint,6.6.0,2019-10-25,2825311,387,37,
eslint,6.7.0,2019-11-22,2891267,392,37,
eslint,6.7.1,2019-11-25,2890767,392,37,
eslint,6.7.2,2019-11-30,2894018,392,37,
eslint,6.8.0,2019-12-20,2902396,392,37,
eslint,7.0.0,2020-05-08,3065740,399,36,127
eslint,7.1.0,2020-05-23,3081521,400,36,
eslint,7.2.0,2020-06-05,3092409,400,36,
eslint,7.3.0,2020-06-19,3109211,402,36,
eslint,7.3.1,2020-06-23,3109564,402,36,
eslint,7.4.0,2020-07-03,3117857,402,36,103
eslint,7.5.0,2020-07-18,3145462,403,36,
eslint,7.6.0,2020-07-31,3148333,403,36,
eslint,7.7.0,2020-08-14,3153364,403,36,
eslint,7.8.0,2020-08-31,3156892,400,37,
eslint,7.8.1,2020-09-01,3156834,400,37,
eslint,7.9.0,2020-09-12,3160693,401,37,
eslint,7.10.0,2020-09-26,3163568,401,37,
eslint,7.11.0,2020-10-09,3166712,401,37,106
eslint,7.12.0,2020-10-24,3075736,393,37,
eslint,7.12.1,2020-10-27,3076480,393,37,
eslint,7.13.0,2020-11-07,3077671,393,37,
eslint,7.14.0,2020-11-20,3085570,394,37,
eslint,7.15.0,2020-12-05,3093813,395,37,
eslint,7.16.0,2020-12-18,3096502,395,37,
eslint,7.17.0,2021-01-02,3102895,395,37,105
eslint,7.18.0,2021-01-15,3107143,395,37,
eslint,7.19.0,2021-01-31,3114575,395,37,
eslint,7.20.0,2021-02-12,3117052,395,37,
eslint,7.21.0,2021-02-27,3121513,395,37,
eslint,7.22.0,2021-03-12,3123425,395,37,
eslint,7.23.0,2021-03-26,3128684,395,37,
eslint,7.24.0,2021-04-09,3132864,395,37,116
eslint,7.25.0,2021-04-23,3135156,395,37,
eslint,7.26.0,2021-05-08,3137622,395,37,
eslint,7.27.0,2021-05-22,3146771,393,39,
eslint,7.28.0,2021-06-04,3155327,393,39,
eslint,7.29.0,2021-06-18,3161228,393,39,
eslint,7.30.0,2021-07-02,3187242,397,40,119
eslint,7.31.0,2021-07-17,3189148,397,40,
eslint,7.32.0,2021-07-30,3192089,397,40,
eslint,8.0.0,2021-10-09,2624576,395,38,89
eslint,8.0.1,2021-10-14,2624454,395,38,
eslint,8.1.0,2021-10-22,2632684,396,38,
eslint,8.2.0,2021-11-05,2634578,396,38,
eslint,8.3.0,2021-11-21,2643113,396,38,
eslint,8.4.0,2021-12-04,2678444,398,38,
eslint,8.4.1,2021-12-07,2677742,398,38,
eslint,8.5.0,2021-12-17,2690451,399,38,
eslint,8.6.0,2021-12-31,2691443,399,38,
eslint,8.7.0,2022-01-16,2635274,393,35,84
eslint,8.8.0,2022-01-28,2639048,393,35,
eslint,8.9.0,2022-02-12,2680807,394,35,
eslint,8.10.0,2022-02-25,2685953,394,35,
eslint,8.11.0,2022-03-11,2694590,394,35,
eslint,8.12.0,2022-03-25,2694873,394,35,
eslint,8.13.0,2022-04-08,2695566,394,35,84
eslint,8.14.0,2022-04-22,2715139,395,35,
eslint,8.15.0,2022-05-06,2716448,395,35,
eslint,8.16.0,2022-05-20,2720354,395,35,
eslint,8.17.0,2022-06-03,2722494,395,35,
eslint,8.18.0,2022-06-17,2721921,395,35,
eslint,8.19.0,2022-07-02,2725164,395,35,84
eslint,8.20.0,2022-07-16,2726375,395,35,
eslint,8.21.0,2022-08-01,2794513,397,39,
eslint,8.22.0,2022-08-14,2796986,397,39,
eslint,8.23.0,2022-08-26,2803896,397,39,
eslint,8.23.1,2022-09-12,2805313,397,39,
eslint,8.24.0,2022-09-23,2826709,398,39,
eslint,8.25.0,2022-10-07,2827626,398,38,112
eslint,8.26.0,2022-10-21,2831587,398,39,
eslint,8.27.0,2022-11-06,2843650,400,39,
eslint,8.28.0,2022-11-18,2845523,400,39,
eslint,8.29.0,2022-12-02,2849250,400,39,
eslint,8.30.0,2022-12-16,2853264,401,39,
eslint,8.31.0,2022-12-31,2856992,401,39,
eslint,8.32.0,2023-01-15,2862957,402,39,99
eslint,8.33.0,2023-01-28,2867260,402,39,
eslint,8.34.0,2023-02-10,2868415,402,39,
eslint,8.35.0,2023-02-26,2866303,400,40,
eslint,8.36.0,2023-03-10,2869269,400,40,
eslint,8.37.0,2023-03-28,2875833,401,40,
eslint,8.38.0,2023-04-07,2877449,401,40,99
eslint,8.39.0,2023-04-21,2877254,401,40,
eslint,8.40.0,2023-05-05,2882890,404,40,
eslint,8.41.0,2023-05-19,2883057,404,39,
eslint,8.42.0,2023-06-02,2884115,404,39,
eslint,8.43.0,2023-06-16,2886769,404,39,
eslint,8.44.0,2023-06-30,2887145,404,39,
eslint,8.45.0,2023-07-14,2886975,404,37,98
eslint,8.46.0,2023-07-28,2901467,406,37,
eslint,8.47.0,2023-08-11,2902000,406,37,
eslint,8.48.0,2023-08-25,2909645,406,37,
eslint,8.49.0,2023-09-08,2925558,406,37,
eslint,8.50.0,2023-09-22,2957015,407,37,
eslint,8.51.0,2023-10-06,3003538,407,37,98
eslint,8.52.0,2023-10-20,3012122,407,38,
eslint,8.53.0,2023-11-03,3021968,407,38,
eslint,8.54.0,2023-11-17,3029455,407,38,
eslint,8.55.0,2023-12-01,3031350,407,38,
eslint,8.56.0,2023-12-15,3034634,408,38,
eslint,8.57.0,2024-02-23,3037098,408,38,99
eslint,9.0.0,2024-04-05,3025150,398,34,89
eslint,9.1.0,2024-04-19,3034432,398,34,
eslint,9.1.1,2024-04-22,3034460,398,34,
eslint,9.2.0,2024-05-03,3026906,397,34,
eslint,9.3.0,2024-05-17,3037492,398,34,
eslint,9.4.0,2024-05-31,3039365,398,34,
eslint,9.5.0,2024-06-14,3062616,402,34,
eslint,9.6.0,2024-06-28,3067589,403,34,
eslint,9.7.0,2024-07-12,3071366,403,34,89
eslint,9.8.0,2024-07-26,3073181,403,34,
eslint,9.9.0,2024-08-09,3078278,403,34,
eslint,9.9.1,2024-08-23,3080094,404,34,
eslint,9.10.0,2024-09-06,3288062,416,34,
eslint,8.57.1,2024-09-16,3042582,408,38,
eslint,9.11.0,2024-09-20,3297399,419,34,
eslint,9.11.1,2024-09-23,3299259,419,37,
eslint,9.12.0,2024-10-04,3320189,420,35,88
eslint,9.13.0,2024-10-18,3332171,420,35,
eslint,9.14.0,2024-11-01,3337162,420,35,
eslint,9.15.0,2024-11-15,3341911,423,34,
eslint,9.16.0,2024-11-29,3343338,423,34,
eslint,9.17.0,2024-12-13,3370234,423,34,
eslint,9.18.0,2025-01-10,3370922,423,34,86
eslint,9.19.0,2025-01-24,3382283,424,34,
eslint,9.20.0,2025-02-07,3387714,425,34,
eslint,9.20.1,2025-02-11,3388029,425,34,
eslint,9.21.0,2025-02-21,3465019,426,34,
eslint,9.22.0,2025-03-07,3466276,420,35,
eslint,9.23.0,2025-03-21,2896473,420,35,
eslint,9.24.0,2025-04-04,2913009,421,35,87
eslint,9.25.0,2025-04-18,2916934,421,35,
eslint,9.25.1,2025-04-21,2918794,421,35,
eslint,9.26.0,2025-05-02,2927149,423,37,
eslint,9.27.0,2025-05-16,2923133,420,35,
eslint,9.28.0,2025-05-30,2945185,421,35,
eslint,9.29.0,2025-06-13,2951771,423,35,
eslint,9.30.0,2025-06-27,2951619,423,35,
eslint,9.30.1,2025-07-01,2951629,423,35,87
eslint,9.31.0,2025-07-11,2952715,423,35,
eslint,9.32.0,2025-07-25,2957501,423,35,
eslint,9.33.0,2025-08-08,2961356,423,35,
eslint,9.34.0,2025-08-22,2985600,425,35,
eslint,9.35.0,2025-09-05,3003017,426,35,
eslint,9.36.0,2025-09-19,3006378,426,35,
eslint,9.37.0,2025-10-03,3016166,426,35,88
eslint,9.38.0,2025-10-17,3007466,426,34,
eslint,9.39.0,2025-10-31,2993043,426,34,
eslint,9.39.1,2025-11-03,2992814,426,34,
eslint,9.39.2,2025-12-12,2993852,426,34,
eslint,10.0.0,2026-02-06,2885619,419,30,69
eslint,10.0.1,2026-02-20,2884675,417,30,
eslint,9.39.3,2026-02-20,3008750,426,34,
eslint,10.0.2,2026-02-23,2889032,417,30,
eslint,10.0.3,2026-03-06,2889145,417,30,
eslint,9.39.4,2026-03-06,3008750,426,34,
eslint,10.1.0,2026-03-20,2891983,418,30,
eslint,10.2.0,2026-04-03,2897265,419,30,69
eslint,10.2.1,2026-04-17,2898156,419,30,
eslint,10.3.0,2026-05-01,2906075,419,30,
eslint,10.4.0,2026-05-15,2907462,419,30,
eslint,10.4.1,2026-05-29,2908776,419,30,
eslint,10.5.0,2026-06-12,2908864,420,30,
eslint,10.6.0,2026-06-26,2912597,420,30,
eslint,10.7.0,2026-07-10,2921008,420,30,69
eslint,9.39.5,2026-07-10,3008896,426,34,
eslint,10.8.0,2026-07-24,2921452,420,30,69
express,4.16.3,2018-03-12,205577,16,30,50
express,4.16.4,2018-10-11,206123,16,30,48
express,4.17.0,2019-05-17,208134,16,30,50
express,4.17.1,2019-05-26,208133,16,30,
express,4.17.2,2021-12-17,209594,16,30,50
express,4.17.3,2022-02-17,209842,16,30,50
express,4.18.0,2022-04-25,213532,16,31,71
express,4.18.1,2022-04-29,213619,16,31,
express,4.18.2,2022-10-08,213863,16,31,71
express,4.18.3,2024-02-29,214068,16,31,71
express,4.19.0,2024-03-20,214897,16,31,
express,4.19.1,2024-03-20,215018,16,31,
express,4.19.2,2024-03-25,214763,16,31,
express,4.20.0,2024-09-10,220461,16,31,77
express,5.0.0,2024-09-10,195793,11,32,
express,4.21.0,2024-09-11,220827,16,31,
express,4.21.1,2024-10-08,220949,16,31,72
express,5.0.1,2024-10-08,195997,11,32,
express,4.21.2,2024-12-05,221226,16,31,
express,5.1.0,2025-03-31,197014,11,27,70
express,4.22.0,2025-12-01,221525,16,31,72
express,4.22.1,2025-12-01,221757,16,31,
express,5.2.0,2025-12-01,75426,10,28,
express,5.2.1,2025-12-01,75429,10,28,
express,4.22.2,2026-05-11,222519,16,31,71
fastify,1.0.0,2018-03-06,549973,123,12,59
fastify,1.1.0,2018-03-07,552751,123,12,
fastify,1.1.1,2018-03-08,557084,123,12,
fastify,1.2.0,2018-03-26,562991,122,12,
fastify,1.2.1,2018-04-03,563647,122,12,59
fastify,1.3.0,2018-04-19,572021,122,12,
fastify,1.3.1,2018-04-26,576745,123,12,
fastify,1.4.0,2018-05-04,579945,124,12,
fastify,1.5.0,2018-05-21,588388,124,12,
fastify,1.6.0,2018-06-11,596187,127,12,
fastify,1.7.0,2018-06-25,614063,129,12,
fastify,1.8.0,2018-07-09,626810,130,12,59
fastify,1.9.0,2018-07-23,634950,130,12,
fastify,1.10.0,2018-08-22,645374,131,13,
fastify,1.11.0,2018-08-27,646894,130,13,
fastify,1.11.1,2018-08-29,646973,130,13,
fastify,1.11.2,2018-09-06,647891,131,13,
fastify,1.12.0,2018-09-24,661990,133,13,
fastify,1.12.1,2018-09-25,662157,133,13,
fastify,1.13.0,2018-10-31,680620,144,13,65
fastify,1.13.1,2018-11-29,682193,146,13,
fastify,1.13.2,2018-12-14,682195,146,13,
fastify,1.13.3,2018-12-21,687101,147,13,
fastify,1.13.4,2019-01-11,688962,147,13,65
fastify,1.14.0,2019-02-05,696562,148,14,
fastify,1.14.1,2019-02-05,697493,148,14,
fastify,1.14.2,2019-02-25,709248,149,14,
fastify,2.0.0,2019-02-25,807148,139,13,
fastify,1.14.3,2019-03-06,712616,149,14,
fastify,2.0.1,2019-03-06,818005,142,13,
fastify,1.14.4,2019-03-15,714655,149,14,
fastify,2.1.0,2019-03-15,852697,145,14,
fastify,1.14.5,2019-04-05,714544,149,14,66
fastify,2.2.0,2019-04-05,860552,148,14,
fastify,1.14.6,2019-04-18,715106,149,15,
fastify,2.3.0,2019-04-18,888139,152,14,
fastify,2.4.0,2019-05-22,905471,160,14,
fastify,2.4.1,2019-05-22,898756,155,14,
fastify,2.5.0,2019-06-12,905144,155,14,
fastify,2.6.0,2019-06-25,916201,156,14,
fastify,2.7.0,2019-07-27,924147,157,14,46
fastify,2.7.1,2019-07-31,929002,157,14,
fastify,2.8.0,2019-08-30,934047,157,14,
fastify,2.9.0,2019-09-30,959692,159,14,
fastify,2.10.0,2019-10-11,962454,159,14,46
fastify,2.11.0,2019-12-08,994772,159,14,
fastify,2.12.0,2020-02-06,1022190,164,14,46
fastify,2.12.1,2020-02-28,1026067,164,14,
fastify,2.13.0,2020-03-20,1030983,164,14,
fastify,2.13.1,2020-04-12,1032633,165,14,46
fastify,2.14.0,2020-04-28,1034642,167,14,
fastify,2.14.1,2020-05-08,1041570,167,14,
fastify,2.15.0,2020-06-20,1060377,169,14,
fastify,2.15.1,2020-06-29,1059957,169,14,
fastify,3.0.0,2020-07-07,1164328,193,14,51
fastify,3.0.1,2020-07-11,1168640,192,14,
fastify,3.0.2,2020-07-11,1169402,192,14,
fastify,2.15.2,2020-07-14,1061046,169,14,
fastify,3.0.3,2020-07-15,1173218,192,14,
fastify,3.1.0,2020-07-17,1177818,193,14,
fastify,3.1.1,2020-07-17,1177818,193,14,
fastify,2.15.3,2020-08-06,1061612,169,14,
fastify,3.2.0,2020-08-06,1193477,194,15,
fastify,3.2.1,2020-08-17,1200410,197,15,
fastify,3.3.0,2020-08-25,1211522,198,15,
fastify,3.4.0,2020-09-14,1228133,198,15,
fastify,3.4.1,2020-09-14,1228412,198,15,
fastify,3.5.0,2020-09-30,1243618,201,16,
fastify,3.5.1,2020-10-04,1245735,201,16,53
fastify,3.6.0,2020-10-11,1252355,202,16,
fastify,3.7.0,2020-10-19,1257157,203,16,
fastify,3.8.0,2020-11-09,1281123,204,16,
fastify,3.9.0,2020-12-02,1294291,204,16,
fastify,3.9.1,2020-12-02,2176079,206,16,
fastify,3.9.2,2020-12-16,1324810,207,16,
fastify,3.10.0,2021-01-15,1347033,208,16,53
fastify,3.10.1,2021-01-15,1347585,208,16,
fastify,3.11.0,2021-01-25,1359457,209,16,
fastify,3.12.0,2021-02-13,2255514,212,16,
fastify,3.13.0,2021-03-02,1401771,211,16,
fastify,3.14.0,2021-03-11,1424874,211,16,
fastify,3.14.1,2021-03-26,1436681,211,16,
fastify,3.14.2,2021-04-07,1440255,211,16,53
fastify,3.15.0,2021-04-21,1437949,211,16,
fastify,3.15.1,2021-04-30,1440186,210,16,
fastify,3.16.0,2021-05-25,7374567,212,16,
fastify,3.16.1,2021-05-25,1457788,211,16,
fastify,3.16.2,2021-05-26,1458268,211,16,
fastify,3.17.0,2021-05-29,1459132,211,16,
fastify,3.18.0,2021-06-16,1463390,210,16,
fastify,3.18.1,2021-06-29,1467934,210,16,
fastify,3.19.0,2021-07-09,1473071,210,16,54
fastify,3.19.1,2021-07-12,1473173,210,16,
fastify,3.19.2,2021-07-21,1477523,211,16,
fastify,3.20.0,2021-08-02,1492500,211,16,
fastify,3.20.1,2021-08-03,1493137,211,16,
fastify,3.20.2,2021-08-13,1496604,211,16,
fastify,3.21.0,2021-09-06,1511859,219,16,
fastify,3.21.1,2021-09-14,1519813,219,16,
fastify,3.21.2,2021-09-17,1522735,220,16,
fastify,3.21.3,2021-09-17,1524665,220,16,
fastify,3.21.4,2021-09-22,1526235,220,16,
fastify,3.21.5,2021-09-22,1528561,220,16,
fastify,3.21.6,2021-09-23,1528713,220,16,
fastify,3.22.0,2021-09-30,1589075,222,16,
fastify,3.22.1,2021-10-19,1540718,221,15,49
fastify,3.23.0,2021-11-04,1547877,222,15,
fastify,3.23.1,2021-11-07,1609383,223,15,
fastify,3.24.0,2021-11-15,1558292,223,15,
fastify,3.24.1,2021-11-29,1568970,223,15,
fastify,3.25.0,2021-12-14,1588557,225,15,
fastify,3.25.1,2021-12-21,1592490,226,15,
fastify,3.25.2,2021-12-23,1594389,227,15,
fastify,3.25.3,2021-12-28,1594389,227,15,
fastify,3.26.0,2022-01-18,1617148,233,15,48
fastify,3.27.0,2022-01-19,1621427,235,15,
fastify,3.27.1,2022-02-03,1624890,235,15,
fastify,3.27.2,2022-02-18,1627122,235,15,
fastify,3.27.3,2022-03-07,1627171,235,15,
fastify,3.27.4,2022-03-09,1627099,235,15,
fastify,3.28.0,2022-04-05,1649220,236,15,48
fastify,3.29.0,2022-04-28,1649233,236,15,
fastify,4.0.0,2022-06-08,1791141,252,14,
fastify,4.0.1,2022-06-10,1791156,253,14,
fastify,4.0.2,2022-06-13,1791933,254,15,
fastify,4.0.3,2022-06-15,1799473,254,14,
fastify,4.1.0,2022-06-21,1806949,254,14,
fastify,4.2.0,2022-06-28,1815307,256,14,
fastify,3.29.1,2022-07-01,1651255,236,15,48
fastify,4.2.1,2022-07-12,1817809,256,14,
fastify,4.3.0,2022-07-21,1881456,258,14,
fastify,4.4.0,2022-08-08,1897685,268,14,
fastify,4.5.0,2022-08-17,1905120,269,14,
fastify,4.5.1,2022-08-18,1906176,269,14,
fastify,4.5.2,2022-08-18,1908006,269,14,
fastify,4.5.3,2022-08-26,1908701,269,14,
fastify,3.29.2,2022-08-30,1652312,236,15,
fastify,4.6.0,2022-09-14,1914820,270,14,
fastify,4.7.0,2022-09-30,1931608,272,14,
fastify,3.29.3,2022-10-10,1653841,236,15,48
fastify,4.8.0,2022-10-10,1946631,273,14,
fastify,4.8.1,2022-10-10,1948067,273,14,
fastify,4.9.0,2022-10-17,1968825,274,14,
fastify,4.9.1,2022-10-17,1970664,274,14,
fastify,4.9.2,2022-10-18,1970019,274,14,
fastify,4.10.0,2022-11-16,2000711,275,14,
fastify,3.29.4,2022-11-21,1661386,236,16,
fastify,4.10.1,2022-11-21,2000931,275,14,
fastify,4.10.2,2022-11-21,2008337,275,15,
fastify,4.11.0,2023-01-01,2016170,275,15,60
fastify,3.29.5,2023-01-21,1662332,236,16,
fastify,4.12.0,2023-01-21,2020638,275,15,
fastify,4.13.0,2023-02-09,2037928,277,15,
fastify,4.14.0,2023-03-03,2052390,277,15,
fastify,4.14.1,2023-03-06,2054116,278,15,
fastify,4.15.0,2023-03-20,2066221,278,15,
fastify,4.16.0,2023-04-25,2092223,281,15,60
fastify,4.16.1,2023-04-26,2092223,281,15,
fastify,4.16.2,2023-04-26,2092223,281,15,
fastify,4.16.3,2023-04-26,2092223,281,16,
fastify,4.17.0,2023-04-27,2092657,281,16,
fastify,4.18.0,2023-06-09,2126390,283,16,
fastify,4.19.0,2023-06-30,2160915,286,16,
fastify,4.19.1,2023-07-02,2164489,286,16,60
fastify,4.19.2,2023-07-03,2170356,286,16,
fastify,4.20.0,2023-07-17,2238339,293,16,
fastify,4.21.0,2023-07-27,2241870,293,16,
fastify,4.22.0,2023-08-27,2253809,293,16,
fastify,4.22.1,2023-08-31,3162810,295,16,
fastify,4.22.2,2023-09-01,2254475,294,16,
fastify,4.23.0,2023-09-11,2289095,296,16,
fastify,4.23.1,2023-09-13,2289480,296,16,
fastify,4.23.2,2023-09-14,2289612,296,16,
fastify,4.24.0,2023-10-11,2307352,302,16,60
fastify,4.24.1,2023-10-13,2317990,323,16,
fastify,4.24.2,2023-10-15,2318134,323,16,
fastify,4.24.3,2023-10-19,2318260,323,16,
fastify,4.25.0,2023-12-13,2371706,324,16,
fastify,4.25.1,2023-12-15,2372278,324,16,
fastify,4.25.2,2023-12-24,2373031,324,16,
fastify,4.26.0,2024-01-29,2416645,331,16,58
fastify,4.26.1,2024-02-12,2417129,331,16,
fastify,4.26.2,2024-03-03,2421829,332,16,
fastify,4.27.0,2024-05-07,2440019,335,16,49
fastify,5.0.0-aplha.1,2024-05-07,2446602,336,16,
fastify,4.28.0,2024-06-14,6380505,697,16,
fastify,4.28.1,2024-06-29,2443192,335,16,
fastify,5.0.0,2024-09-17,2485313,344,15,49
fastify,5.1.0,2024-10-31,2553782,349,15,49
fastify,4.29.0,2024-12-04,2459906,336,16,
fastify,5.2.0,2024-12-14,2569844,349,15,
fastify,5.2.1,2025-01-06,2572065,347,15,49
fastify,5.2.2,2025-03-25,2567846,350,15,
fastify,5.3.0,2025-04-12,2587370,349,15,49
fastify,5.3.1,2025-04-18,2597846,350,15,
fastify,5.3.2,2025-04-18,2597732,349,15,
fastify,4.29.1,2025-04-28,2463825,336,16,
fastify,5.3.3,2025-05-13,2618099,349,15,
fastify,5.4.0,2025-06-12,2643541,347,15,
fastify,5.5.0,2025-08-11,2664815,350,15,49
fastify,5.6.0,2025-09-05,2665718,349,15,
fastify,5.6.1,2025-09-22,2673742,350,15,
fastify,5.6.2,2025-11-09,2687420,350,15,50
fastify,5.7.0,2026-01-15,3386328,359,15,50
fastify,5.7.1,2026-01-16,2711933,351,15,
fastify,5.7.2,2026-01-26,2721896,358,15,
fastify,5.7.3,2026-02-02,2732290,353,15,
fastify,5.7.4,2026-02-02,2732290,353,15,
fastify,5.8.0,2026-03-05,2773209,355,15,
fastify,5.8.1,2026-03-05,2775017,355,15,
fastify,5.8.2,2026-03-07,2768014,354,15,
fastify,5.8.3,2026-03-23,2783281,355,15,
fastify,5.8.4,2026-03-23,2783281,355,15,
fastify,5.8.5,2026-04-14,2777550,355,15,50
fastify,5.9.0,2026-06-28,2834533,358,15,
fastify,5.10.0,2026-07-05,2868322,359,15,49
jest,22.2.0,2018-02-07,2619,4,2,610
jest,22.2.1,2018-02-07,2619,4,2,
jest,22.2.2,2018-02-09,2619,4,2,
jest,22.3.0,2018-02-13,2619,4,2,
jest,22.4.0,2018-02-20,2619,4,2,
jest,22.4.1,2018-02-22,2622,4,2,
jest,22.4.2,2018-02-22,2622,4,2,
jest,22.4.3,2018-03-21,2622,4,2,
jest,23.0.0-charlie.0,2018-05-02,2234,7,2,615
jest,23.0.0-charlie.1,2018-05-03,2234,7,2,
jest,23.0.0-charlie.2,2018-05-15,2234,7,2,
jest,22.4.4,2018-05-18,2622,4,2,
jest,23.0.0-charlie.3,2018-05-22,2234,7,2,
jest,23.0.0-charlie.4,2018-05-23,2234,7,2,
jest,23.0.0,2018-05-24,2214,7,2,
jest,23.0.1,2018-05-27,2206,7,2,
jest,23.1.0,2018-05-30,2206,7,2,
jest,23.2.0,2018-06-25,2206,7,2,
jest,23.3.0,2018-07-04,2192,7,2,615
jest,23.4.0,2018-07-10,2167,7,2,
jest,23.4.1,2018-07-13,2167,4,2,
jest,23.4.2,2018-07-27,2167,4,2,
jest,23.5.0,2018-08-10,2167,4,2,
jest,23.6.0,2018-09-10,2167,4,2,
jest,24.0.0,2019-01-25,3363,5,2,548
jest,24.1.0,2019-02-05,3363,5,2,
jest,24.3.0,2019-03-07,4572,8,2,
jest,24.3.1,2019-03-07,4572,8,2,
jest,24.4.0,2019-03-11,4572,8,2,
jest,24.5.0,2019-03-12,3473,7,2,
jest,24.6.0,2019-04-01,247666,9,2,548
jest,24.7.0,2019-04-03,222664,9,2,
jest,24.7.1,2019-04-04,222664,9,2,
jest,24.8.0,2019-05-05,225370,9,2,
jest,24.9.0,2019-08-16,3311,9,2,548
jest,25.0.0,2019-08-22,4393,7,2,
jest,25.1.0,2020-01-22,3531,6,3,506
jest,25.2.0,2020-03-25,4607,7,3,
jest,25.2.1,2020-03-26,4985,8,3,
jest,25.2.2,2020-03-26,4985,8,3,
jest,25.2.3,2020-03-26,5082,8,3,
jest,25.2.4,2020-03-29,5082,8,3,
jest,25.2.6,2020-04-02,5082,8,3,506
jest,25.2.7,2020-04-03,5082,8,3,
jest,25.3.0,2020-04-08,5082,8,3,
jest,25.4.0,2020-04-19,4776,7,3,
jest,25.5.0,2020-04-28,4776,7,3,
jest,25.5.1,2020-04-29,4776,7,3,
jest,25.5.2,2020-04-29,4776,7,3,
jest,25.5.3,2020-04-30,4776,7,3,
jest,25.5.4,2020-05-02,4776,7,3,
jest,26.0.0,2020-05-04,4341,6,3,
jest,26.0.1,2020-05-05,4341,6,3,
jest,26.1.0,2020-06-23,4341,6,3,
jest,26.2.0,2020-07-30,4341,6,3,482
jest,26.2.1,2020-07-30,4341,6,3,
jest,26.2.2,2020-07-31,4341,6,3,
jest,26.3.0,2020-08-10,4341,6,3,
jest,26.4.0,2020-08-12,4341,6,3,
jest,26.4.1,2020-08-20,4341,6,3,
jest,26.4.2,2020-08-22,4341,6,3,
jest,26.5.0,2020-10-05,4341,6,3,482
jest,26.5.2,2020-10-06,4341,6,3,
jest,26.5.3,2020-10-11,4341,6,3,
jest,26.6.0,2020-10-19,4341,6,3,
jest,26.6.1,2020-10-23,4341,6,3,
jest,26.6.2,2020-11-02,4341,6,3,
jest,26.6.3,2020-11-04,4341,6,3,
jest,27.0.0,2021-05-25,4668,6,3,336
jest,27.0.1,2021-05-25,4668,6,3,
jest,27.0.2,2021-05-29,4668,6,3,
jest,27.0.3,2021-05-29,4668,6,3,
jest,27.0.4,2021-06-03,4668,6,3,
jest,27.0.5,2021-06-22,4679,6,3,
jest,27.0.6,2021-06-28,4679,6,3,
jest,27.1.0,2021-08-27,4679,6,3,336
jest,27.1.1,2021-09-08,4679,6,3,
jest,27.2.0,2021-09-13,4679,6,3,
jest,27.2.1,2021-09-20,4679,6,3,
jest,27.2.2,2021-09-25,4679,6,3,
jest,27.2.3,2021-09-28,4679,6,3,
jest,27.2.4,2021-09-29,4679,6,3,
jest,27.2.5,2021-10-08,4679,6,3,336
jest,27.3.0,2021-10-17,4679,6,3,
jest,27.3.1,2021-10-19,4679,6,3,
jest,27.4.0,2021-11-29,4740,6,3,
jest,27.4.1,2021-11-30,4740,6,3,
jest,27.4.2,2021-11-30,4740,6,3,
jest,27.4.3,2021-12-01,4740,6,3,
jest,27.4.4,2021-12-10,4740,6,3,
jest,27.4.5,2021-12-13,4740,6,3,
jest,27.4.6,2022-01-04,4740,6,3,336
jest,27.4.7,2022-01-05,4740,6,3,
jest,27.5.0,2022-02-05,4740,6,3,
jest,27.5.1,2022-02-08,4740,6,3,
jest,28.0.0,2022-04-25,4838,6,3,271
jest,28.0.1,2022-04-26,4838,6,3,
jest,28.0.2,2022-04-27,4838,6,3,
jest,28.0.3,2022-04-29,4838,6,3,
jest,28.1.0,2022-05-06,4838,6,3,
jest,28.1.1,2022-06-07,5062,6,4,
jest,28.1.2,2022-06-29,5062,6,4,
jest,28.1.3,2022-07-13,5062,6,4,271
jest,29.0.0,2022-08-25,5050,6,4,
jest,29.0.1,2022-08-26,5050,6,4,
jest,29.0.2,2022-09-03,5050,6,4,
jest,29.0.3,2022-09-10,5050,6,4,
jest,29.1.0,2022-09-28,5050,6,4,
jest,29.1.1,2022-09-28,5050,6,4,
jest,29.1.2,2022-09-30,5050,6,4,
jest,29.2.0,2022-10-14,5044,6,4,270
jest,29.2.1,2022-10-18,5044,6,4,
jest,29.2.2,2022-10-24,5044,6,4,
jest,29.3.0,2022-11-07,5044,6,4,
jest,29.3.1,2022-11-08,5044,6,4,
jest,29.4.0,2023-01-24,5396,7,4,270
jest,29.4.1,2023-01-26,5396,7,4,
jest,29.4.2,2023-02-07,5044,6,4,
jest,29.4.3,2023-02-15,5008,6,4,
jest,29.5.0,2023-03-06,5008,6,4,
jest,29.6.0,2023-07-04,5008,6,4,270
jest,29.6.1,2023-07-06,5008,6,4,
jest,29.6.2,2023-07-27,5008,6,4,
jest,29.6.3,2023-08-21,5006,6,4,
jest,29.6.4,2023-08-24,5006,6,4,
jest,29.7.0,2023-09-12,5006,6,4,
jest,30.0.0,2025-06-10,5977,7,4,328
jest,30.0.1,2025-06-18,5977,7,4,
jest,30.0.2,2025-06-19,5977,7,4,
jest,30.0.3,2025-06-25,6322,8,4,
jest,30.0.4,2025-07-02,6322,8,4,328
jest,30.0.5,2025-07-22,6322,8,4,
jest,30.1.0,2025-08-27,6322,8,4,
jest,30.1.1,2025-08-27,6322,8,4,
jest,30.1.2,2025-09-01,6322,8,4,
jest,30.1.3,2025-09-02,6322,8,4,
jest,30.2.0,2025-09-28,6322,8,4,
jest,30.3.0,2026-03-10,6590,7,4,323
jest,30.4.0,2026-05-07,6698,7,4,324
jest,30.4.1,2026-05-08,6698,7,4,
jest,30.4.2,2026-05-09,6698,7,4,324
koa,2.5.0,2018-02-11,65518,8,24,58
koa,1.6.0,2018-02-12,58267,8,23,
koa,2.5.1,2018-04-26,65761,8,24,58
koa,2.5.2,2018-07-12,68379,8,24,60
koa,1.6.1,2018-09-11,58476,8,23,
koa,1.6.2,2018-09-11,58880,8,23,
koa,2.5.3,2018-09-11,68804,8,24,
koa,0.21.1,2018-09-12,43788,8,23,
koa,2.6.0,2018-10-23,69537,8,24,60
koa,2.6.1,2018-10-23,69807,8,24,
koa,2.6.2,2018-11-09,71068,8,24,
koa,2.7.0,2019-01-28,74812,8,24,60
koa,2.8.0,2019-08-19,79086,8,24,60
koa,2.8.1,2019-08-19,79334,8,24,
koa,2.8.2,2019-09-28,79985,8,25,
koa,2.10.0,2019-10-12,80891,8,25,63
koa,2.9.0,2019-10-12,80631,8,25,
koa,1.7.0,2019-10-16,59154,8,23,
koa,2.11.0,2019-10-28,83842,8,24,
koa,2.12.0,2020-05-17,86055,8,23,61
koa,2.12.1,2020-06-13,87190,8,23,
koa,2.13.0,2020-06-21,88372,9,23,
koa,2.13.1,2021-01-04,89882,9,23,61
koa,2.13.2,2021-09-24,93015,9,23,59
koa,2.13.3,2021-09-24,93612,9,23,
koa,2.13.4,2021-10-19,93918,9,23,59
koa,2.14.0,2022-12-06,94806,9,23,59
koa,2.14.1,2022-12-07,95114,9,23,
koa,2.14.2,2023-04-12,61113,8,23,59
koa,2.15.0,2023-12-29,61113,8,23,59
koa,2.15.1,2024-03-15,96079,9,23,59
koa,2.15.2,2024-03-21,96293,9,23,
koa,2.15.3,2024-04-11,96553,9,23,59
koa,0.21.2,2025-02-11,38052,7,23,37
koa,1.7.1,2025-02-11,50191,7,23,
koa,2.15.4,2025-02-11,61774,8,23,
koa,2.16.0,2025-02-27,61785,8,23,
koa,2.16.1,2025-04-06,61753,8,23,59
koa,3.0.0,2025-04-28,63619,11,19,
koa,3.0.1,2025-07-27,64181,11,18,37
koa,2.16.2,2025-07-30,62243,8,23,
koa,3.0.2,2025-10-17,64224,11,18,37
koa,2.16.3,2025-10-18,62101,8,23,
koa,3.0.3,2025-10-18,64093,11,18,
koa,3.1.0,2025-10-26,64557,11,18,
koa,3.1.1,2025-10-27,64656,11,18,
koa,2.16.4,2026-02-25,62445,8,23,59
koa,3.1.2,2026-02-25,64964,11,18,
koa,3.2.0,2026-03-28,64952,11,18,
koa,3.2.1,2026-05-21,65032,11,18,36
lodash,4.17.10,2018-04-24,1399800,1049,0,1
lodash,4.17.9,2018-04-24,1399757,1049,0,
lodash,4.17.11,2018-09-12,1399577,1049,0,1
lodash,4.17.12,2019-07-09,1402075,1050,0,1
lodash,4.17.13,2019-07-09,1402106,1050,0,
lodash,4.17.14,2019-07-10,1403248,1051,0,
lodash,4.17.15,2019-07-19,1401029,1049,0,
lodash,4.17.16,2020-07-08,588290,628,0,1
lodash,4.17.17,2020-07-08,1200157,1044,0,
lodash,4.17.18,2020-07-08,1273063,1046,0,
lodash,4.17.19,2020-07-08,1401746,1049,0,
lodash,4.17.20,2020-08-13,1406354,1049,0,
lodash,4.17.21,2021-02-20,1412415,1054,0,1
lodash,4.17.23,2026-01-21,1411664,1051,0,1
lodash,4.18.0,2026-03-31,1413943,1051,0,
lodash,4.18.1,2026-04-01,1413741,1051,0,1
mocha,5.0.1,2018-02-13,849711,54,10,24
mocha,5.0.2,2018-03-06,848834,54,10,
mocha,5.0.3,2018-03-07,850386,54,10,
mocha,5.0.4,2018-03-07,852246,54,10,
mocha,5.0.5,2018-03-23,772000,52,10,
mocha,5.1.0,2018-04-12,785155,53,11,24
mocha,5.1.1,2018-04-18,785244,51,11,
mocha,5.2.0,2018-05-18,798159,49,11,
mocha,6.0.0-0,2019-01-01,915961,62,23,302
mocha,6.0.0-1,2019-01-02,916378,63,23,
mocha,6.0.0,2019-02-18,966593,63,23,
mocha,6.0.1,2019-02-21,967427,63,23,
mocha,6.0.2,2019-02-25,968724,63,23,
mocha,6.1.0,2019-04-07,1011532,63,23,198
mocha,6.1.1,2019-04-07,990868,63,23,
mocha,6.1.2,2019-04-08,982373,63,23,
mocha,6.1.3,2019-04-12,982755,63,23,
mocha,6.1.4,2019-04-18,983078,63,23,
mocha,6.2.0,2019-07-18,990727,65,23,198
mocha,6.2.1,2019-09-29,991571,65,23,
mocha,6.2.2,2019-10-18,993172,65,23,172
mocha,7.0.0,2020-01-04,1001522,64,24,187
mocha,7.0.0-esm1,2020-01-12,1010496,65,24,
mocha,7.0.1,2020-01-26,918405,64,24,
mocha,7.1.0,2020-02-26,904532,65,24,
mocha,7.1.1,2020-03-18,905159,65,24,
mocha,6.2.3,2020-03-25,994991,65,23,
mocha,7.1.2,2020-04-26,902565,65,24,187
mocha,7.2.0,2020-05-23,943056,65,24,
mocha,8.0.0,2020-06-10,975538,70,25,
mocha,8.0.1,2020-06-10,976666,70,25,
mocha,8.1.0,2020-07-30,2682024,73,25,205
mocha,8.1.1,2020-08-04,2682170,73,25,
mocha,8.1.2,2020-08-25,2685685,73,25,
mocha,8.1.3,2020-08-28,2690545,74,25,
mocha,8.2.0,2020-10-16,3034007,75,25,102
mocha,8.2.1,2020-11-02,3041743,75,25,
mocha,8.3.0,2021-02-11,3072252,75,25,92
mocha,8.3.1,2021-03-06,3071677,75,25,
mocha,8.3.2,2021-03-12,3072626,75,25,
mocha,8.4.0,2021-05-07,3069049,75,25,92
mocha,9.0.0,2021-06-07,3097053,75,25,
mocha,9.0.1,2021-06-18,3740939,76,25,
mocha,9.0.2,2021-07-03,3752405,76,25,93
mocha,9.0.3,2021-07-25,3753609,76,25,
mocha,9.1.0,2021-08-20,3767845,76,25,
mocha,9.1.1,2021-08-28,3782696,76,25,
mocha,9.1.2,2021-09-25,3796208,76,24,
mocha,9.1.3,2021-10-15,3793784,76,24,80
mocha,9.1.4,2022-01-14,3753869,75,24,80
mocha,9.2.0,2022-01-24,3774137,75,24,
mocha,9.2.1,2022-02-19,3776602,75,24,
mocha,9.2.2,2022-03-11,3907386,75,24,
mocha,10.0.0,2022-05-01,2081880,70,22,79
mocha,10.1.0,2022-10-15,2085866,70,21,78
mocha,10.2.0,2022-12-11,2086789,70,21,
mocha,10.3.0,2024-02-08,2087412,70,20,73
mocha,10.4.0,2024-03-26,2091793,70,20,
mocha,10.5.0,2024-06-24,2085109,69,20,73
mocha,10.5.1,2024-06-25,2087617,69,20,
mocha,10.5.2,2024-06-26,2090350,69,20,
mocha,10.6.0,2024-07-02,2116314,69,20,72
mocha,10.6.1,2024-07-20,2117138,69,20,
mocha,10.7.0,2024-07-20,2119572,69,20,
mocha,10.7.3,2024-08-09,2122977,69,20,
mocha,10.8.0,2024-10-29,2127484,69,20,72
mocha,10.8.1,2024-10-29,2128018,69,20,
mocha,10.8.2,2024-10-30,2128443,69,20,
mocha,11.0.0,2024-11-11,2128664,69,20,
mocha,11.0.1,2024-12-02,2128916,69,20,
mocha,11.0.2,2024-12-09,2131865,69,20,
mocha,11.1.0,2025-01-02,2132107,69,20,107
mocha,11.2.0,2025-03-17,2137739,69,20,
mocha,11.2.1,2025-04-10,2137703,69,20,107
mocha,11.2.2,2025-04-10,2138785,69,20,
mocha,11.3.0,2025-05-16,2139641,69,20,
mocha,11.4.0,2025-05-19,2305397,69,20,
mocha,11.5.0,2025-05-23,2305401,69,20,
mocha,11.6.0,2025-06-09,2305401,69,20,
mocha,11.7.0,2025-06-18,2306396,69,20,
mocha,11.7.1,2025-06-24,2306325,69,20,
mocha,11.7.2,2025-09-01,2296617,70,20,93
mocha,11.7.3,2025-09-30,2297298,70,20,
mocha,11.7.4,2025-10-01,2304819,70,21,94
mocha,11.7.5,2025-11-05,2305043,70,21,
mocha,11.7.6,2026-05-21,2309588,70,21,94
next,5.1.0,2018-03-26,378268,72,54,707
next,6.0.0,2018-04-29,402699,78,52,729
next,6.0.1,2018-05-11,403552,79,53,
next,6.0.2,2018-05-13,403839,79,53,
next,6.0.3,2018-05-16,405680,79,53,
next,6.1.0,2018-06-27,416235,82,53,
next,6.1.1,2018-06-29,418159,82,53,
next,6.1.2,2018-09-07,418159,82,53,788
next,7.0.0,2018-09-19,452282,89,54,
next,7.0.1,2018-09-29,458551,91,53,
next,7.0.2,2018-10-11,458001,91,53,756
next,7.0.3,2019-02-10,485004,96,58,754
next,8.0.0,2019-02-11,328378,81,58,
next,8.0.1,2019-02-13,329326,81,58,
next,8.0.2,2019-02-21,334023,85,57,
next,8.0.3,2019-02-22,333418,85,56,
next,8.0.4,2019-04-02,413092,105,45,703
next,8.1.0,2019-04-17,460586,113,45,
next,9.0.0,2019-07-08,459288,203,46,664
next,9.0.1,2019-07-11,464715,203,46,
next,9.0.2,2019-07-16,470111,203,46,
next,9.0.3,2019-08-01,487028,207,47,
next,9.0.4,2019-08-19,491470,214,45,
next,9.0.5,2019-08-24,461966,204,47,
next,9.0.6,2019-09-17,633790,301,59,
next,9.0.7,2019-09-28,662973,309,69,
next,9.0.8,2019-10-06,676197,316,69,800
next,9.1.0,2019-10-07,676426,316,69,
next,9.1.1,2019-10-08,676462,316,69,
next,9.1.2,2019-10-29,686803,318,71,
next,9.1.3,2019-11-08,696059,322,72,
next,9.1.4,2019-11-18,708861,329,72,
next,9.1.5,2019-12-09,723585,333,79,
next,9.1.6,2019-12-17,747406,355,81,
next,9.1.7,2020-01-03,763931,355,83,833
next,9.2.0,2020-01-15,667903,348,84,
next,9.2.1,2020-01-23,683775,366,86,
next,9.2.2,2020-02-18,722147,369,92,
next,9.3.0,2020-03-09,753739,381,90,
next,9.3.1,2020-03-17,758925,383,90,
next,9.3.2,2020-03-26,785476,393,90,
next,9.3.3,2020-03-30,785729,393,90,
next,9.3.4,2020-04-01,5891307,512,40,678
next,9.3.5,2020-04-15,5916122,524,42,
next,9.3.6,2020-04-28,5932703,523,43,
next,9.4.0,2020-05-11,6004513,523,50,
next,9.4.1,2020-05-16,5649885,529,50,
next,9.4.2,2020-05-20,7087463,720,51,
next,9.4.3,2020-05-28,7259382,727,51,
next,9.4.4,2020-05-28,7259333,727,51,
next,9.5.0,2020-07-27,5891430,771,51,896
next,9.5.1,2020-07-30,5939895,777,55,
next,9.5.2,2020-08-10,5492938,786,60,
next,9.5.3,2020-09-01,5936495,802,59,
next,9.5.4,2020-10-07,5958252,792,59,731
next,9.5.5,2020-10-10,6008398,801,60,
next,10.0.0,2020-10-27,6222164,814,61,
next,10.0.1,2020-11-03,6230567,812,61,
next,10.0.2,2020-11-18,7888844,853,45,
next,10.0.3,2020-11-24,7839667,850,45,
next,10.0.4,2020-12-22,7844060,868,47,
next,10.0.5,2021-01-06,8203656,866,47,651
next,10.0.6,2021-01-29,16383535,914,38,
next,10.0.7,2021-02-15,22119082,936,37,
next,10.0.8,2021-03-05,24030829,982,37,
next,10.0.9,2021-03-15,24049626,1003,37,
next,10.1.0,2021-03-29,24173209,1015,54,
next,10.1.1,2021-03-29,24173211,1015,54,
next,10.1.2,2021-03-30,24152692,1009,50,
next,10.1.3,2021-04-02,24170978,1009,50,288
next,10.2.0,2021-04-28,25532590,1038,50,
next,10.2.1,2021-05-19,25562318,1035,50,
next,10.2.2,2021-05-20,25566219,1035,50,
next,10.2.3,2021-05-24,25568543,1035,50,
next,11.0.0,2021-06-15,25630156,1037,50,
next,11.0.1,2021-06-22,28433412,1038,50,
next,11.1.0,2021-08-11,29003655,1084,50,277
next,11.1.1,2021-08-30,41617594,1104,54,
next,11.1.2,2021-08-31,41618023,1104,54,
next,12.0.0,2021-10-26,28907504,1215,59,259
next,12.0.1,2021-10-27,28986828,1236,62,
next,12.0.2,2021-10-31,29064528,1243,60,
next,12.0.3,2021-11-05,29073508,1252,60,
next,12.0.4,2021-11-15,29211243,1276,60,
next,12.0.5,2021-12-03,29242745,1272,60,
next,11.1.3,2021-12-04,41668795,1104,54,
next,12.0.6,2021-12-04,29242734,1272,60,
next,12.0.7,2021-12-05,29237975,1272,60,
next,12.0.8,2022-01-12,30349316,1559,22,53
next,12.0.9,2022-01-26,31315287,1605,16,
next,11.1.4,2022-01-27,41756034,1104,54,
next,12.0.10,2022-02-01,31336717,1608,16,
next,12.1.0,2022-02-17,31444831,1621,16,
next,12.1.1,2022-03-25,31472080,1655,17,
next,12.1.2,2022-03-28,31476939,1658,17,
next,12.1.3,2022-03-30,31501012,1664,16,
next,12.1.4,2022-03-31,31502361,1664,16,
next,12.1.5,2022-04-12,31562793,1664,16,20
next,12.1.6,2022-05-02,32133082,1702,16,
next,12.2.0,2022-06-28,24731380,1781,19,
next,12.2.1,2022-07-07,24834884,1796,19,24
next,12.2.2,2022-07-09,24836766,1796,19,
next,12.2.3,2022-07-22,26073864,1822,19,
next,12.2.4,2022-08-04,26115154,1844,19,
next,12.2.5,2022-08-12,26936761,1867,19,
next,12.3.0,2022-09-08,24016646,1885,19,
next,12.3.1,2022-09-19,24389715,1893,19,
next,12.2.6,2022-09-29,26941802,1867,19,
next,13.0.0,2022-10-25,34085112,3102,19,25
next,12.3.2,2022-10-30,24391084,1893,19,
next,13.0.1,2022-10-31,34125166,3141,19,
next,13.0.2,2022-11-04,34250936,3148,19,
next,12.3.3,2022-11-09,24403592,1893,19,
next,13.0.3,2022-11-11,34364047,3153,19,
next,13.0.4,2022-11-18,34413400,3153,19,
next,12.3.4,2022-11-21,24404094,1893,19,
next,13.0.5,2022-11-23,34817422,3156,18,
next,13.0.6,2022-12-02,34778707,3161,18,
next,13.0.7,2022-12-15,34535605,3197,18,
next,13.1.0,2022-12-22,34528172,3202,18,
next,13.1.1,2022-12-24,34529035,3202,18,
next,13.1.2,2023-01-12,37482170,3297,18,24
next,13.1.3,2023-01-20,37518251,3303,18,
next,13.1.4,2023-01-20,37518275,3303,18,
next,13.1.5,2023-01-23,37524946,3303,18,
next,13.1.6,2023-01-28,38013289,3548,18,
next,13.2.0,2023-02-23,42502118,4191,18,
next,13.2.1,2023-02-24,42506541,4191,18,
next,13.2.2,2023-03-01,42576292,4203,18,
next,13.2.3,2023-03-01,42570971,4193,18,
next,13.2.4,2023-03-10,42902697,4246,18,
next,13.3.0,2023-04-06,44290252,4664,15,22
next,13.3.1,2023-04-21,43178363,4670,15,
next,13.3.2,2023-04-29,50405286,4814,15,
next,13.3.3,2023-05-01,50413215,4814,15,
next,13.3.4,2023-05-01,50413465,4814,15,
next,13.4.0,2023-05-04,51434001,4874,16,
next,13.4.1,2023-05-05,51467801,4879,16,
next,13.4.2,2023-05-11,51562687,4898,16,
next,13.4.3,2023-05-19,51522670,4873,16,
next,13.4.4,2023-05-25,51545568,4888,16,
next,13.4.5,2023-06-10,51993598,4910,17,
next,13.4.6,2023-06-15,51996210,4910,17,
next,13.4.7,2023-06-21,52005213,4910,17,
next,13.4.8,2023-07-03,52153067,4947,17,26
next,13.4.9,2023-07-06,52294654,4954,17,
next,13.4.10,2023-07-14,53734431,4978,17,
next,13.4.11,2023-07-21,53819333,4989,17,
next,13.4.12,2023-07-21,53830040,4994,17,
next,13.4.13,2023-08-07,54100044,5109,17,
next,13.4.15,2023-08-14,54141127,5134,17,
next,13.4.16,2023-08-15,54183314,5170,17,
next,13.4.17,2023-08-17,54288092,5192,17,
next,13.4.18,2023-08-18,54286601,5193,17,
next,13.4.19,2023-08-19,54265265,5193,17,
next,13.5.0,2023-09-19,56358387,5518,17,
next,13.5.1,2023-09-19,56358387,5518,17,
next,13.5.2,2023-09-20,56825935,5529,17,
next,13.5.3,2023-09-25,56808917,5555,17,
next,13.5.4,2023-10-03,68930465,5575,16,25
next,13.5.5,2023-10-16,72270167,5781,16,
next,13.5.6,2023-10-18,72344021,5781,16,
next,14.0.0,2023-10-26,73639488,5882,16,
next,14.0.1,2023-10-30,73646664,5882,16,
next,14.0.2,2023-11-09,85713935,6011,16,
next,14.0.3,2023-11-16,85784923,6004,16,
next,14.0.4,2023-12-07,86085752,6037,17,
next,14.1.0,2024-01-18,86361382,6170,16,23
next,14.1.1,2024-02-29,86402265,6130,16,
next,14.1.2,2024-03-04,86411247,6130,16,
next,14.1.3,2024-03-06,86420406,6127,16,
next,14.1.4,2024-03-20,86408606,6127,16,
next,14.2.0,2024-04-11,85909997,6283,7,24
next,14.2.1,2024-04-12,85912091,6283,7,
next,14.2.2,2024-04-18,85945748,6303,7,
next,14.2.3,2024-04-24,86210851,6303,7,
next,14.2.4,2024-06-11,85998424,6303,7,
next,14.2.5,2024-07-10,86017256,6303,7,24
next,14.2.6,2024-08-21,86013472,6303,7,
next,14.2.7,2024-08-27,85960564,6308,7,
next,14.2.8,2024-09-04,86121266,6347,7,
next,14.2.9,2024-09-09,86119376,6347,7,
next,14.2.10,2024-09-11,86106039,6347,7,
next,14.2.11,2024-09-12,86128782,6348,7,
next,13.5.7,2024-09-17,72356183,5793,16,
next,14.2.12,2024-09-17,86128452,6348,7,
next,14.2.13,2024-09-20,86149577,6348,7,
next,14.2.14,2024-10-01,86175765,6358,7,24
next,14.2.15,2024-10-08,86261612,6363,7,
next,15.0.0,2024-10-21,102702810,6721,7,
next,14.2.16,2024-10-23,86273228,6363,7,
next,15.0.1,2024-10-23,102932614,6732,7,
next,15.0.2,2024-10-29,117548524,6768,7,
next,14.2.17,2024-11-05,86272442,6358,7,
next,15.0.3,2024-11-07,117939399,6790,7,
next,14.2.18,2024-11-13,86273300,6358,7,
next,14.2.19,2024-12-03,86272246,6358,7,
next,14.2.20,2024-12-04,86384364,6368,7,
next,15.0.4,2024-12-05,117939421,6790,7,
next,15.1.0,2024-12-10,120563156,6873,7,
next,15.1.1,2024-12-17,120566250,6873,7,
next,14.2.21,2024-12-19,86414084,6368,7,
next,15.1.2,2024-12-19,120581261,6873,7,
next,13.5.8,2024-12-21,72384747,5793,16,
next,14.2.22,2024-12-26,86417757,6368,7,
next,15.1.3,2024-12-26,120585709,6873,7,
next,14.2.23,2025-01-07,86457853,6373,7,24
next,15.1.4,2025-01-07,120619382,6873,7,
next,15.1.5,2025-01-17,119733058,6873,7,
next,15.1.6,2025-01-22,119732123,6873,7,
next,14.2.24,2025-02-11,86466614,6373,7,
next,15.1.7,2025-02-11,119740029,6873,7,
next,15.2.0,2025-02-26,111066647,7205,7,
next,15.2.1,2025-03-03,111959027,7280,7,
next,15.2.2,2025-03-11,111018792,7277,7,
next,14.2.25,2025-03-17,86472223,6373,7,
next,15.2.3,2025-03-18,111032825,7277,7,
next,13.5.9,2025-03-22,72397556,5793,16,
next,12.3.5,2025-03-23,24405207,1893,19,
next,12.3.6,2025-03-24,24402185,1893,13,
next,13.5.10,2025-03-24,72388753,5793,16,
next,14.2.26,2025-03-24,86461869,6373,7,
next,15.2.4,2025-03-24,111023124,7277,7,
next,13.5.11,2025-03-27,72388978,5793,16,
next,12.3.7,2025-03-28,24402434,1893,19,
next,14.2.27,2025-04-07,86466975,6373,7,24
next,14.2.28,2025-04-08,86475598,6373,7,
next,15.2.5,2025-04-08,111019415,7272,7,
next,15.3.0,2025-04-09,127428735,7342,7,
next,15.3.1,2025-04-17,127435926,7342,7,
next,15.3.2,2025-05-06,127439487,7342,7,
next,14.2.29,2025-05-20,86476612,6373,7,
next,15.1.8,2025-05-22,119749341,6874,7,
next,15.3.3,2025-05-29,127458903,7342,7,
next,15.4.0,2025-05-30,127901954,7485,5,
next,14.2.30,2025-06-12,86488705,6378,7,
next,15.3.4,2025-06-18,127420104,7342,7,
next,15.3.5,2025-07-03,127477420,7342,7,51
next,15.4.1,2025-07-14,134032178,7188,5,
next,15.4.2,2025-07-18,134065689,7188,5,
next,15.4.3,2025-07-22,134072977,7193,5,
next,15.4.4,2025-07-24,134074747,7193,5,
next,15.4.5,2025-07-29,134074515,7193,5,
next,14.2.31,2025-07-30,86495173,6378,7,
next,15.4.6,2025-08-06,134077872,7193,5,
next,14.2.32,2025-08-18,86497986,6378,7,
next,15.4.7,2025-08-18,134082449,7193,5,
next,15.5.0,2025-08-20,137723288,7252,5,
next,15.5.1,2025-08-26,137740770,7252,5,
next,15.5.2,2025-08-26,137737908,7252,5,
next,15.5.3,2025-09-10,137738110,7252,5,
next,14.2.33,2025-09-23,86507004,6384,7,
next,15.5.4,2025-09-23,137741871,7252,5,
next,15.5.5,2025-10-13,137790055,7255,5,48
next,15.5.6,2025-10-17,137790049,7255,5,
next,16.0.0,2025-10-22,139478426,7368,5,
next,16.0.1,2025-10-28,139644337,7374,5,
next,16.0.2,2025-11-12,139644337,7374,5,
next,16.0.3,2025-11-13,138804235,7399,5,
next,16.0.4,2025-11-24,138804217,7399,5,
next,16.0.5,2025-11-26,138804263,7399,5,
next,16.0.6,2025-11-30,138809253,7399,5,
next,15.0.5,2025-12-03,117644746,6790,7,
next,15.1.9,2025-12-03,120339311,6874,7,
next,15.2.6,2025-12-03,111604831,7272,7,
next,15.3.6,2025-12-03,128028131,7342,7,
next,15.4.8,2025-12-03,134509132,7193,5,
next,15.5.7,2025-12-03,138078311,7255,5,
next,16.0.7,2025-12-03,139208337,7399,5,
next,16.0.8,2025-12-08,139208337,7399,5,
next,14.2.34,2025-12-11,86657159,6384,7,
next,14.2.35,2025-12-11,86662079,6384,7,
next,15.0.6,2025-12-11,117734773,6790,7,
next,15.0.7,2025-12-11,117739607,6790,7,
next,15.1.10,2025-12-11,120429045,6874,7,
next,15.1.11,2025-12-11,120433879,6874,7,
next,15.2.7,2025-12-11,111697064,7272,7,
next,15.2.8,2025-12-11,111701954,7272,7,
next,15.3.7,2025-12-11,128113526,7342,7,
next,15.3.8,2025-12-11,128118196,7342,7,
next,15.4.10,2025-12-11,134660780,7193,5,
next,15.4.9,2025-12-11,134657667,7193,5,
next,15.5.8,2025-12-11,138328042,7255,5,
next,15.5.9,2025-12-11,138331126,7255,5,
next,16.0.10,2025-12-11,139350991,7399,5,
next,16.0.9,2025-12-11,139347872,7399,5,
next,16.1.0,2025-12-18,140724498,7449,6,
next,16.1.1,2025-12-22,140729855,7449,6,
next,16.1.2,2026-01-14,140729861,7449,6,49
next,16.1.3,2026-01-16,140731491,7449,6,
next,16.1.4,2026-01-19,140734184,7449,6,
next,15.0.8,2026-01-26,118283051,6790,7,
next,15.1.12,2026-01-26,120977659,6874,7,
next,15.2.9,2026-01-26,112244820,7272,7,
next,15.3.9,2026-01-26,128655163,7342,7,
next,15.4.11,2026-01-26,134978625,7193,5,
next,15.5.10,2026-01-26,138668341,7255,5,
next,16.0.11,2026-01-26,139668640,7399,5,
next,16.1.5,2026-01-26,141203577,7454,6,
next,16.1.6,2026-01-27,141568876,7454,6,
next,15.5.11,2026-01-28,139244189,7255,5,
next,15.5.12,2026-02-04,139244203,7255,5,
next,15.5.13,2026-03-16,139244526,7255,5,
next,16.1.7,2026-03-16,141645327,7464,6,
next,16.2.0,2026-03-18,154191716,8035,6,
next,15.5.14,2026-03-19,139277222,7260,5,
next,16.2.1,2026-03-20,154203160,8035,6,
next,16.2.2,2026-04-01,154333771,8064,6,49
next,15.5.15,2026-04-08,139276668,7260,5,
next,16.2.3,2026-04-08,154361847,8065,6,
next,16.2.4,2026-04-15,154364352,8065,6,
next,15.5.16,2026-05-06,139438862,7270,5,
next,16.2.5,2026-05-06,154840819,8070,6,
next,15.5.18,2026-05-07,139438862,7270,5,
next,16.2.6,2026-05-07,154840819,8070,6,
next,15.5.19,2026-06-01,139468164,7270,5,
next,16.2.7,2026-06-01,155026772,8076,6,
next,16.2.8,2026-06-09,155026784,8076,6,
next,16.2.9,2026-06-09,155026772,8076,6,
next,15.5.20,2026-07-01,139460023,7270,5,48
next,16.2.10,2026-07-01,155058895,8077,6,
next,15.5.21,2026-07-21,139701401,7270,5,
next,16.2.11,2026-07-21,155295672,8077,6,
next,15.5.22,2026-07-25,139709191,7270,5,
next,16.2.12,2026-07-25,155398744,8094,6,49
nuxt,1.4.0,2018-03-01,232269,61,62,1198
nuxt,1.4.1,2018-06-06,232270,61,62,1198
nuxt,1.4.2,2018-08-01,232270,61,62,1198
nuxt,2.0.0,2018-09-21,1202321,74,66,
nuxt,2.1.0,2018-09-30,1214794,74,67,
nuxt,2.2.0,2018-10-13,1236893,74,67,1088
nuxt,1.4.4,2018-10-19,232384,61,62,
nuxt,2.3.0,2018-11-16,3179,4,6,
nuxt,2.3.1,2018-11-16,18607,6,6,
nuxt,2.3.2,2018-11-20,15982,6,6,
nuxt,2.3.3,2018-11-26,16303,6,7,
nuxt,2.3.4,2018-11-26,15991,6,7,
nuxt,1.4.5,2018-11-27,232399,61,62,
nuxt,2.4.0,2019-01-28,16476,6,6,1271
nuxt,2.4.1,2019-01-30,15815,6,6,
nuxt,2.4.2,2019-01-30,18059,6,6,
nuxt,2.4.3,2019-02-06,18191,6,6,
nuxt,2.4.5,2019-02-26,18323,6,6,
nuxt,2.5.0,2019-03-21,18158,6,7,
nuxt,2.5.1,2019-03-21,18290,6,7,
nuxt,2.6.0,2019-04-04,18681,6,7,1270
nuxt,2.6.1,2019-04-04,18813,6,7,
nuxt,2.6.2,2019-04-15,18504,5,7,
nuxt,2.6.3,2019-04-25,18504,5,7,
nuxt,2.7.0,2019-05-14,18504,5,7,
nuxt,2.7.1,2019-05-14,18504,5,7,
nuxt,2.8.0,2019-05-30,18804,5,7,
nuxt,2.8.1,2019-06-04,18804,5,7,
nuxt,2.9.0,2019-08-20,19848,5,7,1266
nuxt,2.9.1,2019-08-20,19848,5,7,
nuxt,2.9.2,2019-08-28,19848,5,7,
nuxt,2.10.0,2019-10-02,19855,5,7,1282
nuxt,2.10.1,2019-10-11,19759,5,7,
nuxt,2.10.2,2019-10-21,19994,5,7,
nuxt,2.11.0,2019-12-17,19987,5,7,
nuxt,2.12.0,2020-03-17,20343,6,7,1299
nuxt,2.12.1,2020-03-25,18087,6,7,
nuxt,2.12.2,2020-03-31,18087,6,7,
nuxt,2.13.0,2020-06-18,18190,6,9,1389
nuxt,2.13.1,2020-06-24,18190,6,9,
nuxt,2.13.2,2020-06-26,18190,6,9,
nuxt,2.13.3,2020-07-02,18190,6,9,1389
nuxt,2.14.0,2020-07-27,18220,6,10,
nuxt,2.14.1,2020-08-04,18220,6,10,
nuxt,2.14.2,2020-08-16,18220,6,10,
nuxt,2.14.3,2020-08-16,18220,6,10,
nuxt,2.14.4,2020-08-27,18244,6,10,
nuxt,2.14.5,2020-09-10,18244,6,10,
nuxt,2.14.6,2020-09-21,18244,6,10,
nuxt,2.14.7,2020-10-15,18244,6,10,1397
nuxt,2.14.8,2020-12-01,18130,6,9,
nuxt,2.14.9,2020-12-02,18130,6,9,
nuxt,2.14.10,2020-12-07,18137,6,9,
nuxt,2.14.11,2020-12-09,18137,6,9,
nuxt,2.14.12,2020-12-16,18137,6,9,
nuxt,2.15.0,2021-02-15,12423,7,15,1383
nuxt,2.15.1,2021-02-19,12423,7,15,
nuxt,2.15.2,2021-02-23,12423,7,15,
nuxt,2.15.3,2021-03-10,12423,7,15,
nuxt,2.15.4,2021-04-01,12423,7,15,1389
nuxt,2.15.5,2021-05-09,12423,7,15,
nuxt,2.15.6,2021-05-12,12423,7,15,
nuxt,2.15.7,2021-06-14,11959,6,15,
nuxt,2.15.8,2021-08-11,12423,7,15,1389
nuxt,3.0.0,2022-11-16,237282,115,44,552
nuxt,3.1.0,2023-01-24,266884,125,45,740
nuxt,3.1.1,2023-01-25,267479,125,45,
nuxt,2.16.0,2023-02-03,12316,6,15,
nuxt,3.1.2,2023-02-03,361530,126,45,
nuxt,3.2.0,2023-02-09,376467,130,44,
nuxt,2.16.1,2023-02-13,12316,6,15,
nuxt,3.2.1,2023-02-17,384324,134,44,
nuxt,3.2.2,2023-02-17,384324,134,44,
nuxt,3.2.3,2023-02-28,385414,134,44,
nuxt,2.16.2,2023-03-01,12316,6,15,
nuxt,3.3.0,2023-03-14,302743,141,43,
nuxt,3.3.1,2023-03-14,302763,141,43,
nuxt,2.16.3,2023-03-17,12316,6,15,
nuxt,3.3.2,2023-03-24,304134,141,43,
nuxt,3.3.3,2023-04-02,304413,141,43,548
nuxt,3.4.0,2023-04-11,325722,152,47,
nuxt,3.4.1,2023-04-13,325991,152,47,
nuxt,3.4.2,2023-04-20,328368,152,46,
nuxt,3.4.3,2023-04-28,331977,152,46,
nuxt,3.5.0,2023-05-16,349337,154,50,
nuxt,3.5.1,2023-05-21,352886,154,50,
nuxt,3.5.2,2023-05-29,354549,154,50,
nuxt,3.5.3,2023-06-06,355006,154,50,
nuxt,2.17.0,2023-06-09,12316,6,15,
nuxt,3.6.0,2023-06-23,366891,154,51,
nuxt,3.6.1,2023-06-26,369041,154,52,
nuxt,3.6.2,2023-07-05,375491,158,52,741
nuxt,2.17.1,2023-07-14,12385,6,15,
nuxt,3.6.3,2023-07-14,377339,158,52,
nuxt,3.6.4,2023-07-19,378476,158,52,
nuxt,3.6.5,2023-07-19,378476,158,52,
nuxt,3.7.0,2023-08-25,402007,161,54,
nuxt,3.7.1,2023-09-05,402488,161,54,
nuxt,3.7.2,2023-09-12,404021,161,54,
nuxt,3.7.3,2023-09-13,404790,161,54,
nuxt,3.7.4,2023-09-26,412990,167,54,
nuxt,3.8.0,2023-10-19,418276,171,55,824
nuxt,2.17.2,2023-10-24,12385,6,15,
nuxt,3.8.1,2023-11-06,423608,171,55,
nuxt,3.8.2,2023-11-20,426272,171,55,
nuxt,3.9.0,2023-12-25,449372,183,55,
nuxt,3.9.1,2024-01-05,449629,183,55,771
nuxt,2.17.3,2024-01-12,12446,6,15,
nuxt,3.9.2,2024-01-16,453006,185,55,
nuxt,3.9.3,2024-01-17,453087,185,55,
nuxt,3.10.0,2024-01-30,474058,194,55,
nuxt,3.10.1,2024-02-05,476803,194,55,
nuxt,3.10.2,2024-02-14,476994,194,55,
nuxt,3.10.3,2024-02-22,477554,194,55,
nuxt,3.11.0,2024-03-17,503299,204,56,
nuxt,3.11.1,2024-03-18,503369,204,56,
nuxt,3.11.2,2024-04-04,507960,204,56,795
nuxt,3.12.0,2024-06-11,668850,222,57,
nuxt,3.12.1,2024-06-11,668906,222,57,
nuxt,2.17.4,2024-06-14,12482,6,15,
nuxt,3.12.2,2024-06-16,672679,222,57,
nuxt,2.18.0,2024-06-27,12482,6,15,
nuxt,2.18.1,2024-06-28,12482,6,15,
nuxt,3.12.3,2024-07-02,679456,224,58,800
nuxt,3.12.4,2024-07-18,683889,224,59,
nuxt,3.13.0,2024-08-22,690939,224,59,
nuxt,3.13.1,2024-09-04,686655,224,62,
nuxt,3.13.2,2024-09-15,677438,224,64,
nuxt,3.14.0,2024-11-04,689782,228,64,807
nuxt,3.14.159,2024-11-06,689802,228,64,
nuxt,3.14.1592,2024-11-19,690355,228,64,
nuxt,3.15.0,2024-12-24,716437,238,64,
nuxt,3.15.1,2025-01-05,719340,239,64,804
nuxt,3.15.2,2025-01-15,722630,239,64,
nuxt,3.15.3,2025-01-24,723669,239,64,
nuxt,3.15.4,2025-01-29,724242,239,64,
nuxt,3.16.0,2025-03-07,797461,255,63,
nuxt,3.16.1,2025-03-19,800539,255,63,
nuxt,3.16.2,2025-04-01,803374,255,63,703
nuxt,3.17.0,2025-04-27,825425,265,62,
nuxt,3.17.1,2025-04-29,825910,265,62,
nuxt,3.17.2,2025-05-05,828528,265,62,
nuxt,3.17.3,2025-05-12,827639,265,62,
nuxt,4.0.0-0,2025-05-15,746200,258,61,
nuxt,3.17.4,2025-05-20,829359,265,62,
nuxt,3.17.5,2025-06-03,829355,265,61,
nuxt,3.17.6,2025-07-01,831008,265,61,703
nuxt,3.17.7,2025-07-13,831927,265,61,
nuxt,4.0.0,2025-07-15,747068,259,64,
nuxt,4.0.1,2025-07-21,748028,259,64,
nuxt,3.18.0,2025-07-29,826829,265,64,
nuxt,4.0.2,2025-07-29,749019,259,64,
nuxt,3.18.1,2025-08-05,827592,265,64,
nuxt,4.0.3,2025-08-05,749782,259,64,
nuxt,3.19.0,2025-09-02,832779,269,64,
nuxt,4.1.0,2025-09-02,753665,263,64,
nuxt,3.19.1,2025-09-05,838687,269,63,
nuxt,4.1.1,2025-09-05,759573,263,63,
nuxt,3.19.2,2025-09-12,840294,269,63,
nuxt,4.1.2,2025-09-12,761178,263,63,
nuxt,3.19.3,2025-10-06,842486,269,63,761
nuxt,4.1.3,2025-10-06,769824,272,63,
nuxt,4.2.0,2025-10-25,685562,233,57,
nuxt,3.20.0,2025-10-28,764102,233,57,
nuxt,3.20.1,2025-11-06,764701,233,57,
nuxt,4.2.1,2025-11-06,685895,233,57,
nuxt,3.20.2,2025-12-09,767603,233,57,
nuxt,4.2.2,2025-12-09,689762,233,57,
nuxt,3.21.0,2026-01-22,796813,243,57,752
nuxt,4.3.0,2026-01-22,710544,235,57,
nuxt,3.21.1,2026-02-07,802293,243,57,
nuxt,4.3.1,2026-02-07,716166,235,57,
nuxt,3.21.2,2026-03-12,805862,243,57,
nuxt,4.4.2,2026-03-12,777960,243,56,
nuxt,3.21.4,2026-04-29,810973,243,57,711
nuxt,4.4.4,2026-04-29,795413,243,55,
nuxt,3.21.5,2026-05-10,813571,245,57,
nuxt,4.4.5,2026-05-10,798372,245,55,
nuxt,3.21.6,2026-05-18,818407,247,57,
nuxt,4.4.6,2026-05-18,803458,247,55,
nuxt,3.21.7,2026-06-02,821745,247,57,
nuxt,4.4.7,2026-06-02,813094,247,56,
nuxt,3.21.8,2026-06-08,821763,247,57,
nuxt,4.4.8,2026-06-08,813113,247,56,
nuxt,3.21.9,2026-07-18,826927,247,57,705
nuxt,4.5.0,2026-07-18,1136154,292,59,
nuxt,3.21.10,2026-07-27,837059,251,57,
nuxt,4.5.1,2026-07-27,1167445,298,59,
parcel,0.1.0,2018-04-21,307,2,0,1
parcel,1.8.0,2018-05-03,628184,224,50,
parcel,1.8.1,2018-05-04,628758,224,50,
parcel,1.9.0,2018-06-14,788723,242,52,
parcel,1.9.1,2018-06-17,788257,233,52,
parcel,1.9.2,2018-06-19,789756,244,52,
parcel,1.9.3,2018-06-25,774513,225,52,
parcel,1.9.4,2018-07-01,733130,221,52,883
parcel,1.9.5,2018-07-11,746953,223,54,
parcel,1.9.6,2018-07-11,747129,223,54,
parcel,1.9.7,2018-07-16,747380,223,54,
parcel,1.10.0,2018-09-25,810720,253,57,
parcel,1.10.1,2018-09-27,822725,255,57,
parcel,1.10.2,2018-10-06,824336,255,57,936
parcel,1.10.3,2018-10-11,825392,255,57,
parcel,1.11.0,2018-12-18,696974,230,56,
parcel,1.12.0,2019-03-07,730374,240,57,895
parcel,1.12.1,2019-03-12,731065,240,57,
parcel,1.12.2,2019-03-14,731155,240,57,
parcel,1.12.3,2019-03-20,731319,240,57,
parcel,1.12.4,2019-10-06,738650,240,59,838
parcel,2.0.0,2021-10-13,38554,8,14,171
parcel,2.0.1,2021-11-08,38525,8,14,
parcel,2.1.0,2022-01-05,38525,8,14,171
parcel,2.1.1,2022-01-06,38525,8,14,
parcel,2.2.0,2022-01-12,38525,8,14,
parcel,2.2.1,2022-01-17,38525,8,14,
parcel,2.3.0,2022-02-09,38564,8,14,
parcel,2.3.1,2022-02-10,38553,8,14,
parcel,2.3.2,2022-02-18,38553,8,14,
parcel,2.4.0,2022-03-22,38553,8,14,
parcel,2.4.1,2022-03-31,38553,8,14,
parcel,2.5.0,2022-04-21,38582,8,14,192
parcel,2.6.0,2022-05-25,38932,8,14,
parcel,2.6.1,2022-06-17,38932,8,14,
parcel,2.6.2,2022-06-22,38932,8,14,
parcel,2.7.0,2022-08-03,38932,8,14,200
parcel,2.8.0,2022-11-09,39136,8,14,199
parcel,2.8.1,2022-12-08,39136,8,14,
parcel,2.8.2,2022-12-14,39136,8,14,
parcel,2.8.3,2023-01-18,39136,8,14,200
parcel,2.9.0,2023-05-26,39461,8,14,205
parcel,2.9.1,2023-05-27,39461,8,14,
parcel,2.9.2,2023-06-08,39461,8,14,
parcel,2.9.3,2023-06-25,39461,8,14,
parcel,2.10.0,2023-10-11,40743,8,14,205
parcel,2.10.1,2023-10-24,40743,8,14,
parcel,2.10.2,2023-11-02,40743,8,14,
parcel,2.10.3,2023-11-15,40743,8,14,
parcel,2.11.0,2024-01-04,40492,8,14,211
parcel,2.12.0,2024-02-28,40492,8,14,
parcel,2.13.0,2024-11-12,43876,8,15,210
parcel,2.13.1,2024-11-25,43876,8,15,
parcel,2.13.2,2024-11-25,43876,8,15,
parcel,2.13.3,2024-12-16,43876,8,15,
parcel,2.14.0,2025-03-18,43876,8,15,211
parcel,2.14.1,2025-03-19,43876,8,15,
parcel,2.14.2,2025-03-23,43876,8,15,
parcel,2.14.3,2025-03-29,43876,8,15,
parcel,2.14.4,2025-03-29,43876,8,15,
parcel,2.15.0,2025-05-12,43876,8,15,171
parcel,2.15.1,2025-05-16,43876,8,15,
parcel,2.15.2,2025-05-25,43876,8,15,
parcel,2.15.3,2025-06-20,43876,8,15,
parcel,2.15.4,2025-06-20,43876,8,15,
parcel,2.16.0,2025-09-18,43876,8,15,171
parcel,2.16.1,2025-11-05,43876,8,15,171
parcel,2.16.2,2025-12-06,43876,8,15,
parcel,2.16.3,2025-12-06,43876,8,15,
parcel,2.16.4,2026-02-02,44032,8,15,171
prettier,1.11.0,2018-02-27,9768016,15,0,1
prettier,1.11.1,2018-02-28,9885293,15,0,
prettier,1.12.0,2018-04-12,7820185,14,0,1
prettier,1.12.1,2018-04-17,7820828,14,0,
prettier,1.13.0,2018-05-27,8233054,15,0,
prettier,1.13.1,2018-05-29,8230772,14,0,
prettier,1.13.2,2018-05-29,8234267,15,0,
prettier,1.13.3,2018-05-30,10185324,16,0,
prettier,1.13.4,2018-06-01,8238853,15,0,
prettier,1.13.5,2018-06-08,8243522,15,0,
prettier,1.13.6,2018-06-25,8245441,15,0,
prettier,1.13.7,2018-06-28,8245861,15,0,
prettier,1.14.0,2018-07-29,8002780,16,0,1
prettier,1.14.1,2018-08-08,8388796,16,0,
prettier,1.14.2,2018-08-09,8388761,16,0,
prettier,1.14.3,2018-09-19,8389815,17,0,
prettier,1.15.0,2018-11-07,8852965,17,0,1
prettier,1.15.1,2018-11-07,8853036,17,0,
prettier,1.15.2,2018-11-10,8879689,17,0,
prettier,1.15.3,2018-11-30,9032711,17,0,
prettier,1.16.0,2019-01-20,9099261,17,0,1
prettier,1.16.1,2019-01-22,9106401,17,0,
prettier,1.16.2,2019-01-30,9112378,17,0,
prettier,1.16.3,2019-01-31,9115515,17,0,
prettier,1.16.4,2019-02-03,9116598,17,0,
prettier,1.17.0,2019-04-12,9297686,18,0,1
prettier,1.17.1,2019-05-13,9298046,18,0,
prettier,1.18.0,2019-06-06,9322022,18,0,
prettier,1.18.1,2019-06-07,9322353,18,0,
prettier,1.18.2,2019-06-07,9322386,18,0,
prettier,1.19.0,2019-11-09,9570251,18,0,1
prettier,1.19.1,2019-11-09,9568682,18,0,
prettier,2.0.0,2020-03-21,10613125,18,0,1
prettier,2.0.1,2020-03-21,10613114,18,0,
prettier,2.0.2,2020-03-23,10622486,18,0,
prettier,2.0.3,2020-04-05,10652428,18,0,1
prettier,2.0.4,2020-04-06,10650459,18,0,
prettier,2.0.5,2020-04-21,10701953,18,0,
prettier,2.1.0,2020-08-24,9082355,18,0,1
prettier,2.1.1,2020-08-26,9082780,18,0,
prettier,2.1.2,2020-09-16,9084897,18,0,
prettier,2.2.0,2020-11-20,19250175,33,0,1
prettier,2.2.1,2020-11-28,19250160,33,0,
prettier,2.3.0,2021-05-09,19875946,33,0,1
prettier,2.3.1,2021-06-05,20247900,33,0,
prettier,2.3.2,2021-06-26,20345894,33,0,
prettier,2.4.0,2021-09-09,20678289,33,0,1
prettier,2.4.1,2021-09-16,20627054,33,0,
prettier,2.5.0,2021-11-25,21010146,33,0,1
prettier,2.5.1,2021-12-04,21011560,33,0,
prettier,2.6.0,2022-03-16,17740441,34,0,1
prettier,2.6.1,2022-03-25,17646675,34,0,
prettier,2.6.2,2022-04-02,17650625,34,0,1
prettier,2.7.0,2022-06-14,15817483,34,0,
prettier,2.7.1,2022-06-16,15817551,34,0,
prettier,2.8.0,2022-11-23,11607991,34,0,1
prettier,2.8.1,2022-12-07,11611851,34,0,
prettier,2.8.2,2023-01-07,11675267,34,0,1
prettier,2.8.3,2023-01-14,11675249,34,0,
prettier,2.8.4,2023-02-08,11674755,34,0,
prettier,2.8.5,2023-03-20,11238844,34,0,
prettier,2.8.6,2023-03-21,11238962,34,0,
prettier,2.8.7,2023-03-24,11238446,34,0,
prettier,2.8.8,2023-04-23,11238446,34,0,1
prettier,3.0.0,2023-07-05,8547884,54,0,1
prettier,3.0.1,2023-08-03,8449253,54,0,
prettier,3.0.2,2023-08-15,8455337,54,0,
prettier,3.0.3,2023-08-29,8491215,54,0,
prettier,3.1.0,2023-11-13,8438104,54,0,1
prettier,3.1.1,2023-12-10,8424619,53,0,
prettier,3.2.0,2024-01-12,8381710,53,0,1
prettier,3.2.1,2024-01-12,8381884,53,0,
prettier,3.2.2,2024-01-14,8381938,53,0,
prettier,3.2.3,2024-01-17,8384115,53,0,
prettier,3.2.4,2024-01-17,8383868,53,0,
prettier,3.2.5,2024-02-04,8387958,53,0,
prettier,3.3.0,2024-06-01,8246275,53,0,1
prettier,3.3.1,2024-06-05,8247504,53,0,
prettier,3.3.2,2024-06-11,8248121,53,0,
prettier,3.3.3,2024-07-13,7703133,53,0,1
prettier,3.4.0,2024-11-26,7845548,53,0,1
prettier,3.4.1,2024-11-26,7830490,53,0,
prettier,3.4.2,2024-12-04,7830668,53,0,
prettier,3.5.0,2025-02-09,7877586,54,0,1
prettier,3.5.1,2025-02-13,7878198,54,0,
prettier,3.5.2,2025-02-22,7877813,54,0,
prettier,3.5.3,2025-03-03,7876465,54,0,
prettier,3.6.0,2025-06-23,8454726,56,0,1
prettier,3.6.1,2025-06-25,8454714,56,0,
prettier,3.6.2,2025-06-27,8458264,56,0,
prettier,3.7.0,2025-11-27,8586150,56,0,1
prettier,3.7.1,2025-11-27,8586817,56,0,
prettier,3.7.2,2025-11-28,8587007,56,0,
prettier,3.7.3,2025-11-29,8587066,56,0,
prettier,3.7.4,2025-12-03,8575882,56,0,
prettier,3.8.0,2026-01-14,8579866,56,0,1
prettier,3.8.1,2026-01-21,8580364,56,0,
prettier,3.8.2,2026-04-10,8604282,56,0,
prettier,3.8.3,2026-04-15,8604418,56,0,
prettier,3.8.4,2026-06-09,8604556,56,0,
prettier,3.8.5,2026-06-26,8604704,56,0,
prettier,3.9.0,2026-06-27,9934060,56,0,
prettier,3.9.1,2026-06-27,9953756,56,0,
prettier,3.9.2,2026-06-29,9953340,56,0,
prettier,3.9.3,2026-06-29,9953392,56,0,
prettier,3.9.4,2026-06-30,9953300,56,0,
prettier,3.9.5,2026-07-09,9951740,56,0,1
prettier,3.9.6,2026-07-21,9954439,56,0,1
react,16.3.0,2018-03-29,118031,8,4,19
react,16.3.1,2018-04-04,117939,8,4,19
react,16.3.2,2018-04-16,119109,8,4,
react,16.4.0,2018-05-24,123264,8,4,
react,16.4.1,2018-06-13,124298,8,4,
react,16.4.2,2018-08-01,124298,8,4,19
react,16.5.0,2018-09-06,165087,9,4,
react,16.5.1,2018-09-13,168497,9,4,
react,16.5.2,2018-09-18,174207,9,4,
react,16.6.0,2018-10-23,188655,9,4,7
react,16.6.1,2018-11-07,193273,9,4,
react,0.0.0-8b3c1e4-1d1a717,2018-11-12,70678,6,4,
react,0.0.0-a8988e4-1d1a717,2018-11-12,70460,6,4,
react,0.0.0-d5e1bf0-aee1b84,2018-11-12,70066,6,4,
react,0.0.0-0c756fb-697f004,2018-11-13,70680,6,4,
react,0.0.0-0c756fb-f7f79fd,2018-11-13,194789,9,4,
react,16.6.2,2018-11-13,70620,6,4,
react,16.6.3,2018-11-13,194684,9,4,
react,0.0.0-ed4c4a51c,2018-11-23,194583,10,4,
react,0.0.0-88ada9819,2018-11-29,194203,10,4,
react,0.0.0-c5b7d26c7,2018-12-03,196815,10,4,
react,0.0.0-4a1072194,2018-12-14,198220,10,4,
react,0.0.0-7325ebe4d,2018-12-14,198220,10,4,
react,16.7.0,2018-12-20,198986,10,4,
react,0.0.0-f22621f88,2019-01-09,200623,10,4,7
react,0.0.0-3e15b1c69,2019-01-14,198590,10,4,
react,0.0.0-fec00a869,2019-02-01,201481,10,4,
react,0.0.0-267ed9814,2019-02-05,201561,10,4,
react,0.0.0-d1326f466,2019-02-05,201561,10,4,
react,0.0.0-11565a207,2019-02-06,201565,10,4,
react,16.8.0,2019-02-06,201414,10,4,
react,16.8.1,2019-02-06,201418,10,4,
react,0.0.0-0e4135e8c,2019-02-13,202761,10,4,
react,0.0.0-dfabb77a9,2019-02-14,202761,10,4,
react,16.8.2,2019-02-14,202614,10,4,
react,0.0.0-b668168d4,2019-02-20,202765,10,4,
react,0.0.0-29b7b775f,2019-02-21,203276,10,4,
react,16.8.3,2019-02-21,203129,10,4,
react,0.0.0-741aa17a3,2019-03-05,203272,10,4,
react,16.8.4,2019-03-05,203125,10,4,
react,0.0.0-679402a66,2019-03-14,203258,10,4,
react,0.0.0-f9e41e3a5,2019-03-22,203918,10,4,
react,16.8.5,2019-03-22,203771,10,4,
react,0.0.0-297165f1e,2019-03-28,203918,10,4,
react,16.8.6,2019-03-28,203771,10,4,
react,0.0.0-c35e37aab,2019-04-03,207023,10,4,7
react,0.0.0-a9eff329c,2019-04-11,218167,10,4,
react,0.0.0-9ebe1768a,2019-04-15,217963,10,4,
react,0.0.0-4221565e1,2019-04-16,217963,10,4,
react,0.0.0-fb28e9048,2019-04-24,217969,10,4,
react,0.0.0-6da04b5d8,2019-05-06,218319,10,4,
react,0.0.0-50b50c26f,2019-05-20,221360,10,3,
react,0.0.0-fa1e8df11,2019-06-03,221627,10,3,
react,0.0.0-9f395904c,2019-07-13,226494,10,3,6
react,0.0.0-424099da6,2019-07-15,226494,10,3,
react,0.0.0-b4178af81,2019-07-18,226494,10,3,
react,0.0.0-bbd21066e,2019-07-23,228608,10,3,
react,0.0.0-db3ae32b8,2019-07-30,232793,10,3,
react,0.0.0-375616788,2019-08-01,232793,10,3,
react,0.0.0-a1dbb852c,2019-08-05,232819,10,3,
react,16.9.0,2019-08-08,232680,10,3,
react,0.0.0-8d5403877,2019-08-09,228780,10,3,
react,0.0.0-45b6443c9,2019-09-14,234332,10,3,
react,0.0.0-b4b8a349a,2019-09-17,233900,10,3,
react,0.0.0-3694a3b5e,2019-09-27,234788,10,3,
react,16.10.0,2019-09-27,234660,10,3,
react,0.0.0-d346d9208,2019-09-28,234792,10,3,
react,16.10.1,2019-09-28,234664,10,3,
react,0.0.0-4ab6305f6,2019-10-03,234798,10,3,6
react,16.10.2,2019-10-03,234665,10,3,
react,0.0.0-7082d5a2d,2019-10-18,233440,10,3,
react,0.0.0-1022ee0ec,2019-10-21,233440,10,3,
react,0.0.0-5faf377df,2019-10-22,233440,10,3,
react,16.11.0,2019-10-22,233342,10,3,
react,0.0.0-f6b8d31a7,2019-10-24,233444,10,3,
react,0.0.0-38dd17ab9,2019-11-08,228312,10,3,
react,0.0.0-b53ea6ca0,2019-11-12,228540,10,3,
react,16.12.0,2019-11-14,228442,10,3,
react,0.0.0-f42431abe,2019-12-16,222858,10,3,
react,0.0.0-241c4467e,2020-01-29,230327,10,3,6
react,0.0.0-57333ca33,2020-01-29,230327,10,3,
react,0.0.0-ea6ed3dbb,2020-02-19,233071,10,3,
react,0.0.0-5de5b6150,2020-02-21,203513,10,3,
react,0.0.0-8d7535e54,2020-02-25,203513,10,3,
react,0.0.0-d28bd2994,2020-02-26,204037,10,3,
react,16.13.0,2020-02-26,203939,10,3,
react,0.0.0-235a6c4af,2020-03-06,203311,10,2,
react,0.0.0-da834083c,2020-03-19,204042,10,3,
react,16.13.1,2020-03-19,203944,10,3,
react,0.0.0-d7382b6c4,2020-03-30,257470,18,2,
react,0.0.0-33c3af284,2020-05-06,273932,22,2,4
react,0.0.0-7f28234f8,2020-06-19,294338,18,2,
react,0.0.0-3d0895557,2020-07-31,299072,18,2,4
react,0.0.0-f77c7b9d7,2020-08-07,298376,18,2,
react,0.0.0-94c0244ba,2020-08-10,298376,18,2,
react,0.0.0-4e6999103,2020-08-28,297948,18,2,
react,0.0.0-3834174dd,2020-09-21,298632,18,2,
react,0.0.0-4ead6b530,2020-10-07,298628,18,2,4
react,0.14.10,2020-10-14,2669221,174,2,
react,15.7.0,2020-10-14,594615,66,5,
react,16.14.0,2020-10-14,270044,17,3,
react,17.0.0,2020-10-20,298431,18,2,
react,0.0.0-8e5adfbd7,2020-10-22,298580,18,2,
react,17.0.1,2020-10-22,298423,18,2,
react,0.0.0-dc27b5aaa,2021-02-02,298423,20,2,4
react,0.0.0-0935a1db3,2021-02-03,298423,20,2,
react,0.0.0-4c019585e,2021-02-04,298423,20,2,
react,0.0.0-a703c3f7e,2021-02-04,298423,20,2,
react,0.0.0-4e08fb10c,2021-02-05,298423,20,2,
react,0.0.0-bbb2ba8c8,2021-02-08,297427,20,2,
react,0.0.0-6c526c515,2021-02-09,297427,20,2,
react,0.0.0-3b870b1e0,2021-02-10,297427,20,2,
react,0.0.0-483358c38,2021-02-11,297427,20,2,
react,0.0.0-696e736be,2021-02-12,297427,20,2,
react,0.0.0-1a7472624,2021-02-15,297427,20,2,
react,0.0.0-6f8843837,2021-02-16,297427,20,2,
react,0.0.0-e2fd460cc,2021-02-17,297427,20,2,
react,0.0.0-af3d52611,2021-02-18,290378,20,2,
react,0.0.0-8af27aeed,2021-02-19,290378,20,2,
react,0.0.0-4190a3458,2021-02-24,290378,20,2,
react,0.0.0-9209c30ff,2021-02-25,290378,20,2,
react,0.0.0-0cf9fc10b,2021-02-26,290378,20,2,
react,0.0.0-553440bd1,2021-03-01,290378,20,2,
react,0.0.0-d857f9e4d,2021-03-02,291282,20,2,
react,0.0.0-ee4326357,2021-03-03,291282,20,2,
react,0.0.0-5fe091c77,2021-03-08,292266,20,2,
react,0.0.0-73e900b0e,2021-03-09,292266,20,2,
react,0.0.0-ec372faef,2021-03-10,292266,20,2,
react,0.0.0-bd245c1ba,2021-03-11,292266,20,2,
react,0.0.0-10cc40018,2021-03-12,292266,20,2,
react,0.0.0-00d4f95c2,2021-03-15,292266,20,2,
react,0.0.0-0203b6567,2021-03-16,292266,20,2,
react,0.0.0-825c3021f,2021-03-17,292266,20,2,
react,0.0.0-3fb11eed9,2021-03-18,292266,20,2,
react,0.0.0-7d06b80af,2021-03-19,292266,20,2,
react,0.0.0-12adaffef,2021-03-22,291284,18,2,
react,0.0.0-1fafac002,2021-03-22,290407,20,2,
react,17.0.2,2021-03-22,291127,18,2,
react,0.0.0-25bfa287f,2021-03-23,290407,20,2,
react,0.0.0-7b84dbd16,2021-03-24,290373,20,2,
react,0.0.0-6a589ad71,2021-03-25,290373,20,2,
react,0.0.0-a77dd13ed,2021-03-26,290373,20,2,
react,0.0.0-634cc52e6,2021-03-29,290373,20,2,
react,0.0.0-b48b38af6,2021-03-31,290373,20,2,
react,0.0.0-2c9fef32d,2021-04-01,290313,20,2,4
react,0.0.0-b4f119cdf,2021-04-02,290313,20,2,
react,0.0.0-a817840ea,2021-04-05,290313,20,2,
react,0.0.0-ee6a05c2b,2021-04-06,290192,20,2,
react,0.0.0-172e89b4b,2021-04-07,290598,20,2,
react,0.0.0-1214b302e,2021-04-08,290598,20,2,
react,0.0.0-bdc23c3db,2021-04-09,290598,20,2,
react,0.0.0-9d48779b3,2021-04-12,290598,20,2,
react,0.0.0-84c06fef8,2021-04-13,290598,20,2,
react,0.0.0-ea155e226,2021-04-14,290598,20,2,
react,0.0.0-11b07597e,2021-04-15,290598,20,2,
react,0.0.0-5027eb465,2021-04-16,290598,20,2,
react,0.0.0-af1a4cbf7,2021-04-19,290598,20,2,
react,0.0.0-78120032d,2021-04-20,290598,20,2,
react,0.0.0-89847bf6e,2021-04-21,290598,20,2,
react,0.0.0-a15586001,2021-04-22,290598,20,2,
react,0.0.0-709f94841,2021-04-23,290598,20,2,
react,0.0.0-48740429b,2021-04-26,290598,20,2,
react,0.0.0-269dd6ec5,2021-04-29,278455,20,2,
react,0.0.0-79740da4c,2021-05-03,278455,20,2,
react,0.0.0-d1542de3a,2021-05-04,281285,20,2,
react,0.0.0-8ea11306a,2021-05-05,281285,20,2,
react,0.0.0-bd070eb2c,2021-05-06,281285,20,2,
react,0.0.0-57768ef90,2021-05-07,281317,20,2,
react,0.0.0-3890fb52f,2021-05-10,281317,20,2,
react,0.0.0-b8fda6cab,2021-05-11,281317,20,2,
react,0.0.0-2bf4805e4,2021-05-12,286546,20,2,
react,0.0.0-46491dce9,2021-05-13,286546,20,2,
react,0.0.0-1a2d79250,2021-05-14,286546,20,2,
react,0.0.0-63927e084,2021-05-18,285442,20,2,
react,0.0.0-3f8f4675d,2021-05-19,285442,20,2,
react,0.0.0-132b72d7b,2021-05-20,285442,20,2,
react,0.0.0-51ebccc37,2021-05-21,285442,20,2,
react,0.0.0-459c34fde,2021-05-24,285442,20,2,
react,0.0.0-2d8d133e1,2021-05-25,285442,20,2,
react,0.0.0-bb1c82155,2021-05-26,285442,20,2,
react,0.0.0-3c2341416,2021-05-27,285442,20,2,
react,0.0.0-d75105fa9,2021-05-28,285442,20,2,
react,0.0.0-28625c6f4,2021-06-01,285442,20,2,
react,0.0.0-76f85b3e5,2021-06-02,285574,20,2,
react,0.0.0-a8964649b,2021-06-02,285574,20,2,
react,0.0.0-44cdfd6b7,2021-06-03,285574,20,2,
react,0.0.0-46926993f,2021-06-04,285574,20,2,
react,0.0.0-cc4d24ab0,2021-06-04,285574,20,2,
react,0.0.0-0eea57724,2021-06-07,285574,20,2,
react,18.0.0,2022-03-29,315644,20,1,3
react,18.1.0,2022-04-26,315446,20,1,3
react,18.2.0,2022-06-14,316108,20,1,
react,18.3.0,2024-04-25,318016,20,1,3
react,18.3.1,2024-04-26,318101,20,1,
react,19.0.0,2024-12-05,237477,27,0,1
react,19.1.0,2025-03-28,167000,27,0,1
react,19.1.1,2025-07-28,166994,27,0,1
react,19.2.0,2025-10-01,171604,27,0,1
react,19.0.1,2025-12-03,237477,27,0,
react,19.1.2,2025-12-03,166994,27,0,
react,19.2.1,2025-12-03,171604,27,0,
react,19.0.2,2025-12-11,237477,27,0,
react,19.0.3,2025-12-11,237477,27,0,
react,19.1.3,2025-12-11,166994,27,0,
react,19.1.4,2025-12-11,166994,27,0,
react,19.2.2,2025-12-11,171604,27,0,
react,19.2.3,2025-12-11,171604,27,0,
react,19.0.4,2026-01-26,237477,27,0,1
react,19.1.5,2026-01-26,166994,27,0,
react,19.2.4,2026-01-26,171604,27,0,
react,19.0.5,2026-04-08,237477,27,0,1
react,19.1.6,2026-04-08,166994,27,0,
react,19.2.5,2026-04-08,171604,27,0,
react,19.0.6,2026-05-06,237477,27,0,
react,19.1.7,2026-05-06,166994,27,0,
react,19.2.6,2026-05-06,171604,27,0,
react,19.0.7,2026-06-01,237477,27,0,
react,19.1.8,2026-06-01,166994,27,0,
react,19.2.7,2026-06-01,171604,27,0,
react,19.0.8,2026-07-21,237471,27,0,1
react,19.1.9,2026-07-21,166988,27,0,
react,19.2.8,2026-07-21,171598,27,0,1
remix,0.17.0,2021-04-29,7435,11,0,1
remix,0.17.1,2021-05-11,2417,7,1,
remix,0.17.2,2021-05-11,2417,7,1,
remix,0.17.3,2021-05-19,2417,7,1,
remix,0.17.4,2021-05-24,2417,7,1,
remix,0.17.5,2021-05-24,2417,7,1,
remix,0.18.0,2021-09-02,1738,5,1,5
remix,0.18.1,2021-09-08,1738,5,1,
remix,0.18.2,2021-09-18,1738,5,1,
remix,0.19.0,2021-10-08,1723,5,1,5
remix,0.19.1,2021-10-09,1723,5,1,
remix,0.19.2,2021-10-10,1723,5,1,
remix,0.19.3,2021-10-14,1723,5,1,
remix,0.20.0,2021-10-29,1978,5,1,
remix,0.20.1,2021-10-29,1978,5,1,
remix,0.21.0,2021-11-16,1978,5,1,
remix,1.0.3,2021-11-22,3034,6,1,
remix,1.0.4,2021-11-23,3034,6,1,
remix,1.0.5,2021-11-24,3231,6,1,
remix,1.0.6,2021-11-26,3231,6,1,
remix,1.1.0,2021-12-17,3246,6,1,
remix,1.1.1,2021-12-18,3246,6,1,
remix,1.1.2,2022-01-20,3246,6,1,5
remix,1.1.3,2022-01-20,3246,6,1,
remix,1.2.0,2022-02-16,2456,6,1,
remix,1.2.1,2022-02-16,2456,6,1,
remix,1.2.2,2022-02-21,2456,6,1,
remix,1.2.3,2022-03-01,2456,6,1,
remix,1.3.0,2022-03-16,2998,6,0,
remix,1.3.1,2022-03-16,2998,6,0,
remix,1.3.2,2022-03-18,2996,6,0,
remix,1.3.3,2022-03-23,2996,6,0,
remix,1.3.4,2022-03-31,2996,6,0,
remix,1.3.5,2022-04-07,2996,6,0,1
remix,1.4.0,2022-04-14,2996,6,0,
remix,1.4.1,2022-04-18,2996,6,0,
remix,1.4.2,2022-04-27,2996,6,0,
remix,1.4.3,2022-04-27,2996,6,0,
remix,1.5.0,2022-05-18,2996,6,0,
remix,1.5.1,2022-05-19,2996,6,0,
remix,1.6.0,2022-06-14,3035,6,0,
remix,1.6.1,2022-06-22,3035,6,0,
remix,1.6.2,2022-06-28,3162,6,0,
remix,1.6.3,2022-06-29,3162,6,0,
remix,1.6.4,2022-07-07,3162,6,0,1
remix,1.6.5,2022-07-14,3242,7,0,
remix,1.6.6,2022-07-29,3242,7,0,
remix,1.6.7,2022-07-30,3892,7,0,
remix,1.6.8,2022-08-12,3252,7,0,
remix,1.7.0,2022-08-25,3242,7,0,
remix,1.7.1,2022-09-16,3242,7,0,
remix,1.7.2,2022-09-21,3242,7,0,
remix,1.7.3,2022-10-20,100452,8,0,1
remix,1.7.4,2022-10-27,100452,8,0,
remix,1.7.5,2022-11-03,100452,8,0,
remix,1.7.6,2022-11-17,100452,8,0,
remix,1.8.0,2022-11-30,97293,8,0,
remix,1.8.1,2022-12-05,97295,8,0,
remix,1.8.2,2022-12-07,97295,8,0,
remix,1.9.0,2022-12-16,100623,8,0,
remix,1.10.0,2023-01-09,97454,8,0,1
remix,1.10.1,2023-01-13,97454,8,0,
remix,1.11.0,2023-01-18,94502,8,0,
remix,1.11.1,2023-01-21,94502,8,0,
remix,1.12.0,2023-01-30,90916,8,0,
remix,1.13.0,2023-02-15,90916,8,0,
remix,1.14.0,2023-03-01,91144,8,0,
remix,1.14.1,2023-03-09,91144,8,0,
remix,1.14.2,2023-03-14,91144,8,0,
remix,1.14.3,2023-03-15,91144,8,0,
remix,1.15.0,2023-03-31,91291,8,0,
remix,1.16.0,2023-05-01,91441,8,0,1
remix,1.16.1,2023-05-17,91441,8,0,
remix,1.17.0,2023-06-06,92502,8,0,
remix,1.17.1,2023-06-15,92502,8,0,
remix,1.18.0,2023-06-26,92506,8,0,
remix,1.18.1,2023-06-30,92506,8,0,
remix,1.19.0,2023-07-19,92506,8,0,1
remix,1.19.1,2023-07-21,92506,8,0,
remix,1.19.2,2023-08-04,92506,8,0,
remix,1.19.3,2023-08-09,92506,8,0,
remix,2.0.0,2023-09-15,57688,8,0,
remix,2.0.1,2023-09-21,60443,8,0,
remix,2.1.0,2023-10-16,60443,8,0,1
remix,2.2.0,2023-10-31,60745,8,0,
remix,2.3.0,2023-11-16,60753,8,0,
remix,2.3.1,2023-11-22,60879,8,0,
remix,2.4.0,2023-12-13,60753,8,0,
remix,2.4.1,2023-12-22,60101,8,0,
remix,2.5.0,2024-01-11,60101,8,0,1
remix,2.5.1,2024-01-18,60101,8,0,
remix,2.6.0,2024-02-01,60246,8,0,
remix,2.7.0,2024-02-20,60246,8,0,
remix,2.7.1,2024-02-21,60246,8,0,
remix,2.7.2,2024-02-21,60246,8,0,
remix,2.8.0,2024-02-28,60246,8,0,
remix,2.8.1,2024-03-07,60246,8,0,
remix,2.9.0,2024-04-23,3705,7,0,1
remix,2.9.1,2024-04-24,3705,7,0,
remix,2.9.2,2024-05-10,3705,7,0,
remix,2.10.0,2024-06-25,4170,7,0,
remix,2.10.1,2024-07-03,4170,7,0,1
remix,2.10.2,2024-07-04,4170,7,0,
remix,2.10.3,2024-07-16,4170,7,0,
remix,2.11.0,2024-08-01,4170,7,0,
remix,2.11.1,2024-08-05,4170,7,0,
remix,2.11.2,2024-08-15,4170,7,0,
remix,2.12.0,2024-09-09,4170,7,0,
remix,2.12.1,2024-09-19,4170,7,0,
remix,2.13.0,2024-10-11,4170,7,0,1
remix,2.13.1,2024-10-11,4170,7,0,
remix,2.14.0,2024-11-08,4168,7,0,
remix,2.15.0,2024-11-22,4170,7,0,
remix,2.15.1,2024-12-09,4170,7,0,
remix,2.15.2,2024-12-20,4170,7,0,
remix,2.15.3,2025-01-30,4170,7,0,1
remix,2.16.0,2025-02-27,4170,7,0,
remix,2.16.1,2025-03-17,4170,7,0,
remix,2.16.2,2025-03-19,4170,7,0,
remix,2.16.3,2025-03-28,4170,7,0,
remix,2.16.4,2025-03-31,4170,7,0,
remix,2.16.5,2025-04-09,4170,7,0,1
remix,2.16.6,2025-05-08,4170,7,0,
remix,2.16.7,2025-05-19,4170,7,0,
remix,2.16.8,2025-05-29,4170,7,0,
remix,2.17.0,2025-07-25,4170,7,0,1
remix,2.17.1,2025-09-17,4170,7,0,
remix,2.17.2,2025-10-29,4170,7,0,1
remix,2.17.3,2026-01-07,4170,7,0,1
remix,2.17.4,2026-01-12,4170,7,0,
remix,2.17.5,2026-06-01,4170,7,0,1
rollup,0.55.4,2018-02-09,2565399,157,1,47
rollup,0.55.5,2018-02-10,2565236,157,0,
rollup,0.56.0,2018-02-15,2635532,157,0,
rollup,0.56.1,2018-02-16,2635821,157,0,
rollup,0.56.2,2018-02-19,2638262,155,0,
rollup,0.56.3,2018-02-25,2642334,155,0,
rollup,0.56.4,2018-03-05,2647873,155,0,
rollup,0.56.5,2018-03-07,2755758,156,0,
rollup,0.57.0,2018-03-15,2572508,157,11,
rollup,0.57.1,2018-03-17,2577180,157,11,
rollup,0.58.0,2018-04-16,2811903,157,2,4
rollup,0.58.1,2018-04-18,2835862,157,2,
rollup,0.58.2,2018-04-23,2840106,157,2,
rollup,0.59.0,2018-05-15,2845651,157,2,
rollup,0.59.1,2018-05-16,2852018,157,2,
rollup,0.59.2,2018-05-21,2856792,157,2,
rollup,0.59.3,2018-05-24,2858351,157,2,
rollup,0.59.4,2018-05-28,2856348,157,2,
rollup,0.60.0,2018-06-06,2814630,9,2,
rollup,0.60.1,2018-06-07,2813045,9,2,
rollup,0.60.2,2018-06-11,2773742,9,2,
rollup,0.60.3,2018-06-13,2773888,9,2,
rollup,0.60.4,2018-06-13,2778386,9,2,
rollup,0.60.5,2018-06-14,2787990,9,2,
rollup,0.60.6,2018-06-14,2765923,9,2,
rollup,0.60.7,2018-06-14,2766020,9,2,
rollup,0.61.0,2018-06-20,2779311,9,2,
rollup,0.61.1,2018-06-21,2782407,9,2,
rollup,0.61.2,2018-06-23,2774225,9,2,
rollup,0.62.0,2018-06-27,2792239,9,2,
rollup,0.63.0,2018-07-17,2827399,9,2,4
rollup,0.63.1,2018-07-18,2827740,9,2,
rollup,0.63.2,2018-07-18,2827764,9,2,
rollup,0.63.3,2018-07-20,2827833,9,2,
rollup,0.63.4,2018-07-20,2787688,9,2,
rollup,0.63.5,2018-08-01,2789459,9,2,
rollup,0.64.0,2018-08-07,2795324,9,2,
rollup,0.64.1,2018-08-07,2796653,9,2,
rollup,0.65.0,2018-08-25,2830183,9,2,
rollup,0.65.1,2018-09-05,2830346,9,2,
rollup,0.65.2,2018-09-05,2831536,9,2,
rollup,0.66.0,2018-09-16,2376287,9,2,
rollup,0.66.1,2018-09-19,2355548,9,2,
rollup,0.66.2,2018-09-21,2356480,9,2,
rollup,0.66.3,2018-10-03,2357132,9,2,4
rollup,0.66.4,2018-10-04,2356837,9,2,
rollup,0.66.5,2018-10-09,2358529,9,2,
rollup,0.66.6,2018-10-10,2356994,9,2,
rollup,0.67.0,2018-11-04,2362708,9,2,
rollup,0.67.1,2018-11-11,2362724,9,2,
rollup,0.67.2,2018-11-17,2362738,9,2,
rollup,0.67.3,2018-11-17,2729606,10,2,
rollup,0.67.4,2018-12-03,2729729,10,2,
rollup,0.68.0,2018-12-16,2788369,10,2,
rollup,0.68.1,2018-12-19,2795253,10,2,
rollup,0.68.2,2018-12-23,2795723,10,2,
rollup,1.0.0,2018-12-28,2420799,10,3,
rollup,1.0.1,2019-01-03,2421989,10,3,5
rollup,1.0.2,2019-01-05,2424775,10,3,
rollup,1.1.0,2019-01-09,2417505,10,3,
rollup,1.1.1,2019-01-19,2418123,10,3,
rollup,1.1.2,2019-01-21,2418889,10,3,
rollup,1.2.0,2019-02-17,3222756,10,3,
rollup,1.2.1,2019-02-17,3222958,10,3,
rollup,1.2.2,2019-02-19,3223277,10,3,
rollup,1.2.3,2019-02-23,3223558,10,3,
rollup,1.2.4,2019-02-26,3224896,10,3,
rollup,1.2.5,2019-02-26,3225495,10,3,
rollup,1.3.0,2019-02-26,3256731,10,3,
rollup,1.3.1,2019-02-27,3257524,10,3,
rollup,1.3.2,2019-02-27,3257736,10,3,
rollup,1.3.3,2019-03-01,3257540,10,3,
rollup,1.4.0,2019-03-01,3260085,10,3,
rollup,1.4.1,2019-03-04,3260428,10,3,
rollup,1.4.2,2019-03-07,3261973,10,3,
rollup,1.5.0,2019-03-07,3261197,10,3,
rollup,1.6.0,2019-03-08,3263580,10,3,
rollup,1.6.1,2019-03-20,3265122,10,3,
rollup,1.7.0,2019-03-20,3265809,10,3,
rollup,1.7.1,2019-03-24,3266991,10,3,
rollup,1.7.2,2019-03-24,3268466,10,3,
rollup,1.7.3,2019-03-25,3269521,10,3,
rollup,1.7.4,2019-03-28,3269761,10,3,
rollup,1.8.0,2019-04-02,3270864,10,3,4
rollup,1.9.0,2019-04-05,3277396,10,3,
rollup,1.9.1,2019-04-10,3277835,10,3,
rollup,1.9.2,2019-04-10,3279270,10,3,
rollup,1.9.3,2019-04-10,3303836,10,3,
rollup,1.10.0,2019-04-11,3305023,10,3,
rollup,1.10.1,2019-04-19,3305607,10,3,
rollup,1.11.0,2019-05-03,3343585,10,3,
rollup,1.11.1,2019-05-04,3343735,10,3,
rollup,1.11.2,2019-05-04,3344776,10,3,
rollup,1.11.3,2019-05-05,3346030,10,3,
rollup,1.12.0,2019-05-15,3276047,10,3,
rollup,1.12.1,2019-05-16,3277397,10,3,
rollup,1.12.2,2019-05-17,3278662,10,3,
rollup,1.12.3,2019-05-19,3281757,10,3,
rollup,1.12.4,2019-05-27,3282131,10,3,
rollup,1.12.5,2019-05-30,2436298,10,3,
rollup,1.13.0,2019-05-31,2445782,10,3,
rollup,1.13.1,2019-06-01,2444641,10,3,
rollup,1.14.0,2019-06-05,2461486,10,3,
rollup,1.14.1,2019-06-05,2462603,10,3,
rollup,1.14.2,2019-06-05,2463160,10,3,
rollup,1.14.3,2019-06-06,2465310,10,3,
rollup,1.14.4,2019-06-07,2465646,10,3,
rollup,1.14.5,2019-06-09,2470504,10,3,
rollup,1.14.6,2019-06-10,2470948,10,3,
rollup,1.15.0,2019-06-11,2472301,10,3,
rollup,1.15.1,2019-06-11,2472842,10,3,
rollup,1.15.2,2019-06-13,2475147,10,3,
rollup,1.15.3,2019-06-13,2476194,10,3,
rollup,1.15.4,2019-06-14,2476457,10,3,
rollup,1.15.5,2019-06-14,2476430,10,3,
rollup,1.15.6,2019-06-16,2472419,10,3,
rollup,1.16.0,2019-06-21,2487085,10,3,
rollup,1.16.1,2019-06-21,2487309,10,3,
rollup,1.16.2,2019-06-22,2488734,10,3,
rollup,1.16.3,2019-06-29,2489631,10,3,
rollup,1.16.4,2019-07-02,2490517,10,3,4
rollup,1.16.5,2019-07-04,2491000,10,3,
rollup,1.16.6,2019-07-04,2490958,10,3,
rollup,1.16.7,2019-07-09,2492535,10,3,
rollup,1.17.0,2019-07-15,2499474,10,3,
rollup,1.18.0,2019-08-01,2501868,10,3,
rollup,1.19.0,2019-08-05,2470039,11,3,
rollup,1.19.1,2019-08-05,2470239,11,3,
rollup,1.19.2,2019-08-05,2522495,12,3,
rollup,1.19.3,2019-08-06,2522688,12,3,
rollup,1.19.4,2019-08-07,2525615,12,3,
rollup,1.20.0,2019-08-21,2542830,11,3,
rollup,1.20.1,2019-08-22,2543451,11,3,
rollup,1.20.2,2019-08-25,2544104,11,3,
rollup,1.20.3,2019-08-28,2543436,11,3,
rollup,1.21.0,2019-09-08,2555880,11,3,
rollup,1.21.1,2019-09-09,2557713,11,3,
rollup,1.21.2,2019-09-09,2557837,11,3,
rollup,1.21.3,2019-09-14,2558116,11,3,
rollup,1.21.4,2019-09-16,2605205,11,3,
rollup,1.22.0,2019-09-29,2605252,11,3,
rollup,1.23.0,2019-10-03,2608855,11,3,4
rollup,1.23.1,2019-10-05,2609164,11,3,
rollup,1.24.0,2019-10-15,2160010,11,3,
rollup,1.25.0,2019-10-18,2167204,11,3,
rollup,1.25.1,2019-10-20,2167347,11,3,
rollup,1.25.2,2019-10-23,2168018,11,3,
rollup,1.26.0,2019-10-27,2171879,11,3,
rollup,1.26.1,2019-10-31,2172429,11,3,
rollup,1.26.2,2019-10-31,2173199,11,3,
rollup,1.26.3,2019-11-02,2173502,11,3,
rollup,1.26.4,2019-11-09,2174076,11,3,
rollup,1.26.5,2019-11-11,2174465,11,3,
rollup,1.27.0,2019-11-12,2182163,11,3,
rollup,1.27.1,2019-11-18,2182848,11,3,
rollup,1.27.2,2019-11-18,2184039,11,3,
rollup,1.27.3,2019-11-20,2184794,11,3,
rollup,1.27.4,2019-11-22,2184080,11,3,
rollup,1.27.5,2019-11-25,2185599,11,3,
rollup,1.27.6,2019-11-30,2188298,11,3,
rollup,1.27.7,2019-12-01,2189707,11,3,
rollup,1.27.8,2019-12-02,2190476,11,3,
rollup,1.27.9,2019-12-07,2191350,11,3,
rollup,1.27.10,2019-12-11,2189975,11,3,
rollup,1.27.11,2019-12-12,2191548,11,3,
rollup,1.27.12,2019-12-13,2191780,11,3,
rollup,1.27.13,2019-12-14,2192085,11,3,
rollup,1.27.14,2019-12-22,2192739,11,3,
rollup,1.28.0,2020-01-04,2209125,11,3,5
rollup,1.29.0,2020-01-08,2211180,11,3,
rollup,1.29.1,2020-01-21,2213603,11,3,
rollup,1.30.0,2020-01-27,2233386,12,3,
rollup,1.30.1,2020-01-27,2233355,12,3,
rollup,1.31.0,2020-01-31,2235374,12,3,
rollup,1.31.1,2020-02-14,2236183,12,3,
rollup,2.0.0-0,2020-02-19,2642876,16,3,
rollup,2.0.0-1,2020-02-26,2643439,16,1,
rollup,1.32.0,2020-02-28,2239789,12,3,
rollup,1.32.1,2020-03-06,2241853,12,3,
rollup,2.0.0,2020-03-06,2650886,16,1,
rollup,2.0.0-2,2020-03-06,2650705,16,1,
rollup,2.0.1,2020-03-07,2651150,16,1,
rollup,2.0.2,2020-03-07,2651355,16,1,
rollup,2.0.3,2020-03-10,2682479,16,1,
rollup,2.0.4,2020-03-12,2684317,16,1,
rollup,2.0.5,2020-03-12,2684617,16,1,
rollup,2.0.6,2020-03-13,2684976,16,1,
rollup,2.1.0,2020-03-18,2688582,16,1,
rollup,2.2.0,2020-03-24,2693197,16,1,
rollup,2.3.0,2020-03-29,2698445,19,1,
rollup,2.3.1,2020-03-30,2698661,19,1,
rollup,2.3.2,2020-03-31,2699951,19,1,
rollup,2.3.3,2020-04-04,2733785,19,1,2
rollup,2.3.4,2020-04-07,2708532,19,1,
rollup,2.3.5,2020-04-09,2708138,19,1,
rollup,2.4.0,2020-04-09,2747547,19,1,
rollup,2.5.0,2020-04-10,2747781,19,1,
rollup,2.6.0,2020-04-10,2748325,19,1,
rollup,2.6.1,2020-04-12,2748567,19,1,
rollup,2.7.0,2020-04-21,2817075,22,1,
rollup,2.7.1,2020-04-21,2817348,22,1,
rollup,2.7.2,2020-04-22,2761536,21,1,
rollup,2.7.3,2020-04-27,2764638,21,1,
rollup,2.7.4,2020-04-29,2761948,21,1,
rollup,2.7.5,2020-04-29,2762386,21,1,
rollup,2.7.6,2020-04-30,2764597,20,1,
rollup,2.8.0,2020-05-06,2769120,20,1,
rollup,2.8.1,2020-05-07,2771607,20,1,
rollup,2.8.2,2020-05-07,2772290,20,1,
rollup,2.9.0,2020-05-10,2783222,20,1,
rollup,2.9.1,2020-05-11,2783528,20,1,
rollup,2.10.0,2020-05-13,2785495,20,1,
rollup,2.10.1,2020-05-15,2786058,20,1,
rollup,2.10.2,2020-05-15,2787294,20,1,
rollup,2.10.3,2020-05-18,2788636,20,1,
rollup,2.10.4,2020-05-19,2789953,20,1,
rollup,2.10.5,2020-05-19,2792756,20,1,
rollup,2.10.6,2020-05-22,2794504,20,1,
rollup,2.10.7,2020-05-22,2794832,20,1,
rollup,2.10.8,2020-05-23,2795734,20,1,
rollup,2.10.9,2020-05-24,2796400,20,1,
rollup,2.11.0,2020-05-27,2817252,20,1,
rollup,2.11.1,2020-05-28,2817732,20,1,
rollup,2.11.2,2020-05-28,2818076,20,1,
rollup,2.12.0,2020-05-31,2819510,20,1,
rollup,2.12.1,2020-06-02,2820259,20,1,
rollup,2.13.0,2020-06-03,2834872,20,1,
rollup,2.13.1,2020-06-04,2835253,20,1,
rollup,2.14.0,2020-06-07,2844856,20,1,
rollup,2.15.0,2020-06-08,2845816,20,1,
rollup,2.16.0,2020-06-12,2859939,20,1,
rollup,2.16.1,2020-06-13,2861229,20,1,
rollup,2.17.0,2020-06-17,2862177,20,1,
rollup,2.17.1,2020-06-19,2862439,20,1,
rollup,2.18.0,2020-06-22,2873198,20,1,
rollup,2.18.1,2020-06-26,2875749,20,1,
rollup,2.18.2,2020-07-02,2876753,20,1,2
rollup,2.19.0,2020-07-05,2877159,20,1,
rollup,2.20.0,2020-07-06,2880664,20,1,
rollup,2.21.0,2020-07-07,2881573,20,1,
rollup,2.22.0,2020-07-18,2888611,20,1,
rollup,2.22.1,2020-07-18,2889888,20,1,
rollup,2.22.2,2020-07-22,2890414,20,1,
rollup,2.23.0,2020-07-23,2890906,20,1,
rollup,2.23.1,2020-08-07,2891667,20,1,
rollup,2.24.0,2020-08-13,2949808,20,1,
rollup,2.25.0,2020-08-14,2950722,20,1,
rollup,2.26.0,2020-08-15,2955475,20,1,
rollup,2.26.1,2020-08-16,2955864,20,1,
rollup,2.26.2,2020-08-16,2956405,20,1,
rollup,2.26.3,2020-08-16,2956925,20,1,
rollup,2.26.4,2020-08-19,2961584,20,1,
rollup,2.26.5,2020-08-22,2962115,20,1,
rollup,2.26.6,2020-08-27,2962835,20,1,
rollup,2.26.7,2020-08-28,2966411,20,1,
rollup,2.26.8,2020-08-29,2966903,20,1,
rollup,2.26.9,2020-09-01,2967366,20,1,
rollup,2.26.10,2020-09-04,2967841,20,1,
rollup,2.26.11,2020-09-08,2968508,20,1,
rollup,2.27.0,2020-09-16,2970750,20,1,
rollup,2.27.1,2020-09-17,2971128,20,1,
rollup,2.28.0,2020-09-21,2973285,20,1,
rollup,2.28.1,2020-09-21,2973552,20,1,
rollup,2.28.2,2020-09-24,2973628,20,1,
rollup,2.29.0,2020-10-08,2980174,20,1,2
rollup,2.30.0,2020-10-13,2981494,20,1,
rollup,2.31.0,2020-10-15,2985854,20,1,
rollup,2.32.0,2020-10-16,2986649,20,1,
rollup,2.32.1,2020-10-21,2987006,20,1,
rollup,2.33.0,2020-11-01,2990883,20,1,
rollup,2.33.1,2020-11-02,2991760,20,1,
rollup,2.33.2,2020-11-14,2993233,20,1,
rollup,2.33.3,2020-11-18,2993705,20,1,
rollup,2.34.0,2020-11-29,2999966,20,1,
rollup,2.34.1,2020-12-03,3001035,20,1,
rollup,2.34.2,2020-12-06,3001233,20,1,
rollup,2.35.0,2020-12-14,3003881,20,1,
rollup,2.35.1,2020-12-14,3004265,20,1,
rollup,2.36.0,2021-01-05,3005904,20,1,2
rollup,2.36.1,2021-01-06,3006745,20,1,
rollup,2.36.2,2021-01-16,3007397,20,1,
rollup,2.37.0,2021-01-19,3615204,20,1,
rollup,2.37.1,2021-01-20,3011035,20,1,
rollup,2.38.0,2021-01-22,3013918,20,1,
rollup,2.38.1,2021-01-28,3013481,20,1,
rollup,2.38.2,2021-01-31,3014601,20,1,
rollup,2.38.3,2021-02-01,3015703,20,1,
rollup,2.38.4,2021-02-02,3015947,20,1,
rollup,2.38.5,2021-02-05,3020141,20,1,
rollup,2.39.0,2021-02-12,3028621,20,1,
rollup,2.39.1,2021-02-23,3029401,20,1,
rollup,2.40.0,2021-02-26,3030355,20,1,
rollup,2.41.0,2021-03-09,3035534,20,1,
rollup,2.41.1,2021-03-11,4412330,21,1,
rollup,2.41.2,2021-03-12,4415577,21,1,
rollup,2.41.3,2021-03-16,4416583,21,1,
rollup,2.41.4,2021-03-16,4417138,21,1,
rollup,2.41.5,2021-03-18,4418002,21,1,
rollup,2.42.0,2021-03-19,4422199,21,1,
rollup,2.42.1,2021-03-20,4422486,21,1,
rollup,2.42.2,2021-03-22,4423213,21,1,
rollup,2.42.3,2021-03-22,4423814,21,1,
rollup,2.42.4,2021-03-24,4424373,21,1,
rollup,2.43.0,2021-03-27,4428770,21,1,
rollup,2.43.1,2021-03-28,4431394,21,1,
rollup,2.44.0,2021-03-29,4439234,21,1,
rollup,2.45.0,2021-04-09,4445432,21,1,2
rollup,2.45.1,2021-04-10,4445772,21,1,
rollup,2.45.2,2021-04-13,4446940,21,1,
rollup,2.46.0,2021-04-29,4451732,21,1,
rollup,2.47.0,2021-05-04,4462827,21,1,
rollup,2.48.0,2021-05-15,4426483,21,1,
rollup,2.49.0-0,2021-05-18,4527975,21,1,
rollup,2.49.0-1,2021-05-20,4528344,21,1,
rollup,2.49.0,2021-05-23,4528792,21,1,
rollup,2.50.0,2021-05-25,4533858,21,1,
rollup,2.50.1,2021-05-26,4541094,21,1,
rollup,2.50.2,2021-05-27,4543179,21,1,
rollup,2.50.3,2021-05-28,4544254,21,1,
rollup,2.50.4,2021-05-29,4550237,21,1,
rollup,2.50.5,2021-05-30,4553926,21,1,
rollup,2.50.6,2021-06-03,4559871,21,1,
rollup,2.51.0,2021-06-06,4561302,21,1,
rollup,2.51.1,2021-06-08,4562305,21,1,
rollup,2.51.2,2021-06-11,4564016,21,1,
rollup,2.52.0,2021-06-16,4588096,21,1,
rollup,2.52.1,2021-06-17,4587539,21,1,
rollup,2.52.2,2021-06-21,4588080,21,1,
rollup,2.52.3,2021-06-25,4589774,21,1,
rollup,2.52.4,2021-06-30,4592543,21,1,
rollup,2.52.5,2021-07-01,4593256,21,1,2
rollup,2.52.6,2021-07-01,4592493,21,1,
rollup,2.52.7,2021-07-02,4596296,21,1,
rollup,2.52.8,2021-07-07,4611248,21,1,
rollup,2.53.0,2021-07-09,4617378,21,1,
rollup,2.53.1,2021-07-11,4617818,21,1,
rollup,2.53.2,2021-07-15,4622190,21,1,
rollup,2.53.3,2021-07-21,4623077,21,1,
rollup,2.54.0,2021-07-25,4626341,21,1,
rollup,2.55.0,2021-07-28,4626701,21,1,
rollup,2.55.1,2021-07-29,4627116,21,1,
rollup,2.56.0,2021-08-05,4630582,21,1,
rollup,2.56.1,2021-08-08,4630866,21,1,
rollup,2.56.2,2021-08-10,4629838,21,1,
rollup,2.56.3,2021-08-23,4635995,21,1,
rollup,2.57.0,2021-09-22,4699737,21,1,
rollup,2.58.0,2021-10-01,4706184,21,1,2
rollup,2.59.0-0,2021-10-23,4715053,20,1,
rollup,2.58.1,2021-10-25,4707350,20,1,
rollup,2.58.2,2021-10-25,4707432,20,1,
rollup,2.58.3,2021-10-25,4707542,21,1,
rollup,2.59.0,2021-11-01,4715043,21,1,
rollup,2.59.0-1,2021-11-11,4722861,21,1,
rollup,2.60.0,2021-11-12,4724370,21,1,
rollup,2.60.1,2021-11-22,4726537,21,1,
rollup,2.60.2,2021-11-30,4726893,21,1,
rollup,2.61.0,2021-12-09,4732140,21,1,
rollup,2.61.1,2021-12-11,4732149,21,1,
rollup,2.62.0,2021-12-24,4735123,21,1,
rollup,2.63.0,2022-01-04,4744087,21,1,2
rollup,2.64.0,2022-01-14,4744993,21,1,
rollup,2.65.0,2022-01-21,4755691,21,1,
rollup,2.66.0,2022-01-22,4759489,21,1,
rollup,2.66.1,2022-01-25,4756455,21,1,
rollup,2.67.0,2022-02-02,4763647,21,1,
rollup,2.67.1,2022-02-07,4772891,21,1,
rollup,2.67.2,2022-02-10,4774700,21,1,
rollup,2.67.3,2022-02-18,4774506,21,1,
rollup,2.68.0,2022-02-22,4776289,21,1,
rollup,2.69.0,2022-03-02,4784280,21,1,
rollup,2.69.1,2022-03-04,6571297,21,1,
rollup,2.69.2,2022-03-06,6573885,21,1,
rollup,2.70.0,2022-03-07,6573810,21,1,
rollup,2.70.1,2022-03-14,6578740,21,1,
rollup,2.70.2,2022-04-15,6562177,21,1,2
rollup,2.71.0,2022-04-30,6571591,21,1,
rollup,2.71.1,2022-04-30,6571994,21,1,
rollup,2.72.0,2022-05-05,6574228,21,1,
rollup,2.72.1,2022-05-07,6574518,21,1,
rollup,2.73.0,2022-05-13,6572301,21,1,
rollup,2.74.0,2022-05-19,6668342,21,1,
rollup,2.74.1,2022-05-19,6594913,21,1,
rollup,2.75.0,2022-05-27,6661790,21,1,
rollup,2.75.1,2022-05-28,6661952,21,1,
rollup,2.75.2,2022-05-29,6662261,21,1,
rollup,2.75.3,2022-05-29,6654572,21,1,
rollup,2.75.4,2022-05-31,6674652,21,1,
rollup,2.75.5,2022-06-01,6640991,21,1,
rollup,2.75.6,2022-06-07,6608323,21,1,
rollup,2.75.7,2022-06-20,6594999,21,1,
rollup,3.0.0-0,2022-07-05,6367209,20,1,2
rollup,2.76.0,2022-07-08,6611758,21,1,
rollup,3.0.0-1,2022-07-08,6383801,20,1,
rollup,2.77.0,2022-07-15,6598069,21,1,
rollup,3.0.0-2,2022-07-15,6361015,20,1,
rollup,2.77.1,2022-07-26,6665710,21,1,
rollup,2.77.2,2022-07-27,6674127,21,1,
rollup,3.0.0-3,2022-07-30,2259601,17,1,
rollup,2.77.3,2022-08-11,6672352,21,1,
rollup,2.78.0,2022-08-14,6689026,21,1,
rollup,3.0.0-4,2022-08-15,2263817,17,1,
rollup,2.78.1,2022-08-19,6683994,21,1,
rollup,2.79.0,2022-08-31,6687895,21,1,
rollup,3.0.0-5,2022-08-31,2267719,17,1,
rollup,3.0.0-6,2022-09-06,2517803,18,1,
rollup,2.79.1,2022-09-22,6702151,21,1,
rollup,3.0.0-7,2022-09-23,2268208,17,1,
rollup,3.0.0,2022-10-11,2292769,17,1,2
rollup,3.0.0-8,2022-10-11,2292801,17,1,
rollup,3.0.1,2022-10-12,2293535,17,1,
rollup,3.1.0,2022-10-12,2294097,17,1,
rollup,3.2.0,2022-10-15,2306519,16,1,
rollup,3.2.1,2022-10-16,2308335,16,1,
rollup,3.2.2,2022-10-16,2308627,16,1,
rollup,3.2.3,2022-10-18,2308927,16,1,
rollup,3.2.4,2022-10-31,2308989,16,1,
rollup,3.2.5,2022-11-01,2311989,16,1,
rollup,3.3.0-0,2022-11-08,2321249,16,1,
rollup,3.3.0,2022-11-12,2321747,16,1,
rollup,3.4.0-0,2022-11-18,2324552,16,1,
rollup,3.4.0-1,2022-11-21,2326598,16,1,
rollup,3.4.0,2022-11-22,2321839,16,1,
rollup,3.5.0-0,2022-11-25,2334174,16,1,
rollup,3.5.0,2022-11-27,2327571,16,1,
rollup,3.6.0-0,2022-11-27,2336271,16,1,
rollup,3.5.1,2022-12-01,2327798,16,1,
rollup,2.77.4-0,2022-12-04,6679519,21,1,
rollup,3.6.0,2022-12-05,2329543,16,1,
rollup,3.6.0-1,2022-12-05,2341496,16,1,
rollup,3.6.1-0,2022-12-06,2346887,16,1,
rollup,2.77.4-1,2022-12-07,6678463,21,1,
rollup,3.7.0,2022-12-08,2329955,16,1,
rollup,3.7.1-0,2022-12-08,2348573,16,1,
rollup,3.7.1,2022-12-09,2330227,16,1,
rollup,3.7.2,2022-12-10,2331746,16,1,
rollup,3.7.3-0,2022-12-10,2350180,16,1,
rollup,3.7.3,2022-12-11,2331624,16,1,
rollup,3.7.4,2022-12-13,2332440,16,1,
rollup,3.7.5-0,2022-12-16,2351164,16,1,
rollup,3.7.5,2022-12-17,2335874,16,1,
rollup,3.7.6-0,2022-12-18,2351788,16,1,
rollup,3.8.0,2022-12-22,2339924,16,1,
rollup,3.8.1,2022-12-23,2345543,16,1,
rollup,3.9.0,2022-12-28,2345880,16,1,
rollup,3.9.1,2023-01-02,2353845,16,1,2
rollup,3.10.0,2023-01-12,2352651,16,1,
rollup,3.10.1,2023-01-20,2353035,16,1,
rollup,3.11.0,2023-01-26,2359172,16,1,
rollup,3.12.0,2023-01-28,2361031,16,1,
rollup,3.12.1,2023-02-01,2362718,16,1,
rollup,3.13.0,2023-02-03,2372538,16,1,
rollup,3.14.0,2023-02-05,2373631,16,1,
rollup,3.15.0,2023-02-10,2375069,16,1,
rollup,3.15.1-0,2023-02-13,2384687,16,1,
rollup,3.15.1-1,2023-02-14,2389034,16,1,
rollup,3.16.0,2023-02-17,2388523,16,1,
rollup,3.17.0,2023-02-18,2406107,18,1,
rollup,3.17.1,2023-02-18,2407027,19,1,
rollup,3.17.2,2023-02-20,2407598,19,1,
rollup,3.17.3-0,2023-02-22,2412998,19,1,
rollup,3.17.3-1,2023-02-23,2412982,19,1,
rollup,3.17.3,2023-02-25,2407668,19,1,
rollup,3.18.0-0,2023-02-27,2411211,19,1,
rollup,3.18.0,2023-03-01,2411351,19,1,
rollup,3.19.0,2023-03-09,2422157,19,1,
rollup,3.19.1,2023-03-10,2422419,19,1,
rollup,3.20.0,2023-03-20,2423043,19,1,
rollup,3.20.1,2023-03-23,2426597,19,1,
rollup,3.20.2,2023-03-24,2426949,19,1,
rollup,3.20.3-0,2023-04-14,2430303,19,1,2
rollup,3.20.3,2023-04-16,2430271,19,1,
rollup,3.20.4,2023-04-17,2428181,19,1,
rollup,3.20.5,2023-04-18,2428885,19,1,
rollup,3.20.6,2023-04-18,2428181,19,1,
rollup,3.20.7,2023-04-21,2428435,19,1,
rollup,3.21.0,2023-04-23,2437597,19,1,
rollup,3.21.1,2023-04-29,2439878,19,1,
rollup,3.21.2,2023-04-30,2440040,19,1,
rollup,3.21.3,2023-05-02,2440049,19,1,
rollup,3.21.4,2023-05-03,2440241,19,1,
rollup,3.21.5,2023-05-05,2441760,19,1,
rollup,3.21.6,2023-05-09,2441846,19,1,
rollup,3.21.7,2023-05-13,2441973,19,1,
rollup,3.22.0-0,2023-05-13,2445633,19,1,
rollup,3.21.8,2023-05-16,2442015,19,1,
rollup,3.22.0,2023-05-17,2445541,19,1,
rollup,3.22.1,2023-05-21,2445674,19,1,
rollup,3.23.0,2023-05-22,2451174,19,1,
rollup,3.23.1,2023-06-04,2451466,19,1,
rollup,3.24.0,2023-06-07,2455156,19,1,
rollup,3.24.1,2023-06-10,2455525,19,1,
rollup,3.25.0,2023-06-11,2466911,19,1,
rollup,3.25.1,2023-06-12,2467071,19,1,
rollup,3.25.2,2023-06-24,2490758,19,1,
rollup,3.25.3,2023-06-26,2490904,19,1,
rollup,3.26.0,2023-06-30,2496268,22,1,
rollup,3.26.1,2023-07-05,2496320,22,1,2
rollup,3.26.2,2023-07-06,2499266,22,1,
rollup,3.26.3,2023-07-17,2499738,22,1,
rollup,3.27.0,2023-07-28,2501181,22,0,
rollup,4.0.0-1,2023-08-01,53068,3,12,
rollup,4.0.0-2,2023-08-01,2586025,24,12,
rollup,3.27.1,2023-08-03,2506773,22,0,
rollup,3.27.2,2023-08-04,2501181,22,1,
rollup,4.0.0-3,2023-08-04,2586153,24,12,
rollup,4.0.0-4,2023-08-04,2586153,24,12,
rollup,3.28.0,2023-08-09,2507142,22,1,
rollup,4.0.0-5,2023-08-20,2563649,22,12,
rollup,4.0.0-6,2023-08-20,2563649,22,12,
rollup,4.0.0-7,2023-08-20,2563680,22,12,
rollup,4.0.0-8,2023-08-20,2578339,24,12,
rollup,4.0.0-9,2023-08-20,2579421,24,12,
rollup,4.0.0-10,2023-08-21,2579451,24,12,
rollup,3.28.1,2023-08-22,2510193,22,1,
rollup,4.0.0-12,2023-08-23,2573385,23,11,
rollup,4.0.0-13,2023-08-24,2110922,23,12,
rollup,3.29.0,2023-09-06,2517391,22,1,
rollup,3.29.1,2023-09-10,2519959,22,1,
rollup,3.29.2,2023-09-15,2519966,22,1,
rollup,4.0.0-14,2023-09-15,2124479,23,12,
rollup,4.0.0-15,2023-09-15,2124479,23,12,
rollup,4.0.0-16,2023-09-15,2124479,23,12,
rollup,4.0.0-17,2023-09-15,2124479,23,12,
rollup,4.0.0-18,2023-09-15,2124486,23,12,
rollup,4.0.0-19,2023-09-15,2124486,23,12,
rollup,3.29.3,2023-09-24,2519968,22,1,
rollup,4.0.0-20,2023-09-24,2105712,23,12,
rollup,4.0.0-21,2023-09-24,2105712,23,12,
rollup,4.0.0-22,2023-09-26,2105910,23,0,
rollup,4.0.0-23,2023-09-26,2105910,23,12,
rollup,3.29.4,2023-09-28,2520424,22,1,
rollup,4.0.0-24,2023-10-03,2109579,23,0,13
rollup,4.0.0,2023-10-05,2128714,28,0,
rollup,4.0.0-25,2023-10-05,2128813,28,0,
rollup,4.0.1,2023-10-06,2123252,28,0,
rollup,4.0.2,2023-10-06,2123252,28,0,
rollup,4.1.0,2023-10-14,2136058,28,0,
rollup,4.1.1,2023-10-15,2136058,28,0,
rollup,4.1.3,2023-10-15,2136170,28,0,
rollup,4.1.4,2023-10-16,2136170,28,0,
rollup,4.1.5,2023-10-28,2137200,28,0,
rollup,4.1.6,2023-10-31,2137200,28,0,
rollup,4.2.0,2023-10-31,2139035,28,0,
rollup,4.3.0,2023-11-03,2139194,28,0,
rollup,4.3.1,2023-11-11,2139293,28,0,
rollup,4.4.0,2023-11-12,2155711,28,0,
rollup,4.4.1,2023-11-14,2157467,28,0,
rollup,4.5.0,2023-11-18,2157599,28,0,
rollup,4.5.1,2023-11-21,2157715,28,0,
rollup,4.5.2,2023-11-24,2158409,28,0,
rollup,4.6.0,2023-11-26,2158369,28,0,
rollup,4.6.1,2023-11-30,2158962,28,0,
rollup,4.7.0,2023-12-08,2160970,28,0,
rollup,4.8.0,2023-12-11,2163089,27,0,
rollup,4.9.0,2023-12-13,2164747,27,0,
rollup,4.9.1,2023-12-17,2164659,27,0,
rollup,4.9.2,2023-12-30,2165227,27,0,
rollup,4.9.3,2024-01-05,2167744,27,1,16
rollup,4.9.4,2024-01-06,2167904,27,1,
rollup,4.9.5,2024-01-12,2167898,27,1,
rollup,4.9.6,2024-01-21,2170095,27,1,
rollup,4.10.0,2024-02-10,2174540,27,1,
rollup,4.11.0,2024-02-15,2177664,27,1,
rollup,4.12.0,2024-02-16,2253443,27,1,
rollup,4.12.1,2024-03-06,2253491,27,1,
rollup,4.13.0,2024-03-12,2254565,27,1,
rollup,4.13.1-1,2024-03-24,2254736,27,1,
rollup,4.13.1,2024-03-27,2254720,27,1,
rollup,4.13.2,2024-03-28,2257143,27,1,
rollup,4.14.0,2024-04-03,2258864,27,1,18
rollup,4.14.1,2024-04-07,2262948,27,1,
rollup,4.14.2,2024-04-12,2264853,27,1,
rollup,4.14.3,2024-04-15,2264966,27,1,
rollup,4.15.0,2024-04-20,2265606,27,1,
rollup,4.16.0,2024-04-21,2283693,27,1,
rollup,4.16.1,2024-04-21,2284685,27,1,
rollup,4.16.2,2024-04-22,2284685,27,1,
rollup,4.16.3,2024-04-23,2285411,27,1,
rollup,4.16.4,2024-04-23,2265606,27,1,
rollup,4.17.0,2024-04-27,2279419,27,1,
rollup,4.17.1,2024-04-29,2279059,27,1,
rollup,4.17.2,2024-04-30,2279482,27,1,
rollup,4.18.0,2024-05-22,2279771,27,1,
rollup,4.18.1,2024-07-08,2256622,27,1,19
rollup,4.19.0,2024-07-20,2261993,27,1,
rollup,4.19.1,2024-07-27,2267482,27,1,
rollup,4.19.2,2024-08-01,2267880,27,1,
rollup,4.20.0,2024-08-03,2269286,27,1,
rollup,4.21.0,2024-08-18,2270475,27,1,
rollup,4.21.1,2024-08-26,2268434,27,1,
rollup,4.21.2,2024-08-30,2270017,27,1,
rollup,4.21.3,2024-09-12,2270852,27,1,
rollup,4.22.0,2024-09-19,2271862,27,1,
rollup,4.22.1,2024-09-20,2271621,27,1,
rollup,4.22.2,2024-09-20,2271261,27,1,
rollup,4.22.3-0,2024-09-20,2272101,27,1,
rollup,3.29.5,2024-09-21,2520676,22,0,
rollup,4.22.3,2024-09-21,2272027,27,1,
rollup,4.22.4,2024-09-21,2272503,27,1,
rollup,2.79.2,2024-09-26,6452533,20,0,
rollup,4.22.5,2024-09-27,2516564,27,1,
rollup,4.23.0,2024-10-01,2524105,27,1,19
rollup,4.24.0,2024-10-02,2589816,27,1,
rollup,4.24.1,2024-10-27,2590771,27,1,
rollup,4.24.2,2024-10-27,2590771,27,1,
rollup,4.24.3,2024-10-29,2592167,27,1,
rollup,4.25.0-0,2024-10-29,2615265,27,1,
rollup,4.24.4,2024-11-04,2594758,27,1,
rollup,4.25.0,2024-11-09,2596505,27,1,
rollup,4.26.0,2024-11-13,2601335,27,1,
rollup,4.27.0-0,2024-11-13,2640443,27,1,
rollup,4.27.0-1,2024-11-14,2640765,27,1,
rollup,4.27.0,2024-11-15,2640445,27,1,
rollup,4.27.1,2024-11-15,2643297,27,1,
rollup,4.27.1-0,2024-11-15,2640999,27,1,
rollup,4.27.1-1,2024-11-15,2643375,27,1,
rollup,4.27.2,2024-11-15,2645755,27,1,
rollup,4.27.3,2024-11-18,2601075,27,1,
rollup,4.27.4,2024-11-23,2601528,27,1,
rollup,4.28.0,2024-11-30,2601892,27,1,
rollup,4.28.1,2024-12-06,2602011,27,1,
rollup,4.29.0-0,2024-12-16,2675809,27,1,
rollup,4.29.0-1,2024-12-19,2676193,27,1,
rollup,4.29.0,2024-12-20,2605429,27,1,
rollup,4.29.0-2,2024-12-20,2676699,27,1,
rollup,4.29.1,2024-12-21,2606257,27,1,
rollup,4.30.0-0,2024-12-21,2680919,27,1,
rollup,4.30.0-1,2024-12-30,2681695,27,1,
rollup,4.29.2,2025-01-05,2605476,27,1,22
rollup,4.30.0,2025-01-06,2609784,27,1,
rollup,4.30.1,2025-01-07,2610374,27,1,
rollup,4.31.0-0,2025-01-14,2687241,27,1,
rollup,4.31.0,2025-01-19,2610369,27,1,
rollup,4.32.0,2025-01-24,2610501,27,1,
rollup,4.32.1,2025-01-28,2610501,27,1,
rollup,4.33.0-0,2025-01-28,2690128,27,1,
rollup,4.33.0,2025-02-01,2612079,27,1,
rollup,4.34.0,2025-02-01,2691626,27,1,
rollup,4.34.1,2025-02-03,2691852,27,1,
rollup,4.34.2,2025-02-04,2692060,27,1,
rollup,4.34.3,2025-02-05,2693430,27,1,
rollup,4.34.4,2025-02-05,2694604,27,1,
rollup,4.34.5,2025-02-07,2694752,27,1,
rollup,4.34.6,2025-02-07,2694898,27,1,
rollup,4.34.7,2025-02-14,2694401,27,1,
rollup,4.34.8,2025-02-17,2694433,27,1,
rollup,4.34.9,2025-03-01,2694609,27,1,
rollup,4.35.0,2025-03-08,2698355,27,1,
rollup,4.36.0,2025-03-17,2708068,27,1,
rollup,4.37.0,2025-03-23,2709269,27,1,
rollup,4.38.0,2025-03-29,2719246,27,1,
rollup,4.39.0,2025-04-02,2722875,27,1,23
rollup,4.40.0,2025-04-12,2726316,27,1,
rollup,4.40.1,2025-04-28,2727114,27,1,
rollup,4.40.2,2025-05-06,2730329,27,1,
rollup,4.41.0,2025-05-18,2734336,27,1,
rollup,4.41.1,2025-05-24,2735500,27,1,
rollup,4.41.2,2025-06-06,2736583,27,1,
rollup,4.42.0,2025-06-06,2736800,27,1,
rollup,4.43.0,2025-06-11,2740266,27,1,
rollup,4.44.0,2025-06-19,2741948,27,1,
rollup,4.44.1,2025-06-26,2742213,27,1,
rollup,4.44.2,2025-07-04,2740719,27,1,23
rollup,4.45.0,2025-07-12,2742565,27,1,
rollup,4.45.1,2025-07-15,2743453,27,1,
rollup,4.45.3,2025-07-26,2745329,27,1,
rollup,4.46.0,2025-07-27,2747959,27,1,
rollup,4.46.1,2025-07-28,2747987,27,1,
rollup,4.46.2,2025-07-29,2748527,27,1,
rollup,4.46.3,2025-08-18,2748379,27,1,
rollup,4.46.4,2025-08-20,2748585,27,1,
rollup,4.47.0,2025-08-21,2750692,27,1,
rollup,4.47.1,2025-08-21,2750703,27,1,
rollup,4.48.0-0,2025-08-22,2750774,27,1,
rollup,4.48.0,2025-08-23,2753037,27,1,
rollup,4.48.1,2025-08-25,2755024,27,1,
rollup,4.49.0,2025-08-27,2755973,27,1,
rollup,4.50.0,2025-08-31,2756116,27,1,
rollup,4.50.1,2025-09-07,2755835,27,1,
rollup,4.50.2,2025-09-15,2757401,27,1,
rollup,4.50.2-2,2025-09-15,2757485,27,1,
rollup,4.50.3-0,2025-09-19,2759203,27,1,
rollup,4.51.0,2025-09-19,2759153,27,1,
rollup,4.51.1-0,2025-09-19,2759407,27,1,
rollup,4.52.0,2025-09-19,2760618,27,1,
rollup,4.52.1,2025-09-23,2759028,27,1,
rollup,4.52.2,2025-09-23,2759028,27,1,
rollup,4.52.3,2025-09-27,2760017,27,1,
rollup,4.52.4-1,2025-09-28,2760103,27,1,
rollup,4.52.4-2,2025-09-28,2760166,27,1,
rollup,4.52.4-3,2025-09-28,2760166,27,1,
rollup,4.52.4,2025-10-03,2760233,27,1,25
rollup,4.52.5,2025-10-18,2760272,27,1,
rollup,4.53.0,2025-11-07,2762643,27,1,
rollup,4.53.1,2025-11-07,2762459,27,1,
rollup,4.53.2,2025-11-10,2762439,27,1,
rollup,4.53.3,2025-11-19,2764073,27,1,
rollup,4.53.4,2025-12-15,2767072,27,1,
rollup,4.53.5,2025-12-16,2767126,27,1,
rollup,4.54.0,2025-12-20,2771150,27,1,
rollup,4.55.1,2026-01-05,2776688,27,1,28
rollup,4.55.1-0,2026-01-05,2776782,27,1,
rollup,4.55.2,2026-01-19,2776340,27,1,
rollup,4.55.3,2026-01-21,2777028,27,1,
rollup,4.56.0,2026-01-22,2773243,27,1,
rollup,4.57.0,2026-01-27,2777169,27,1,
rollup,4.57.1,2026-01-30,2778215,27,1,
rollup,4.58.0,2026-02-20,2778126,27,1,
rollup,2.80.0,2026-02-22,6469041,20,0,
rollup,3.30.0,2026-02-22,2523386,22,0,
rollup,4.59.0,2026-02-22,2781046,27,1,
rollup,4.59.1,2026-03-21,2781296,27,1,
rollup,4.60.0,2026-03-22,2790055,27,1,
rollup,4.60.1,2026-03-30,2833332,27,1,
rollup,4.60.2,2026-04-18,2834626,27,1,
rollup,4.60.3,2026-05-04,2835328,27,1,
rollup,4.60.4,2026-05-14,2835547,27,1,
rollup,4.61.0,2026-06-01,2833659,27,1,
rollup,4.61.1,2026-06-04,2834012,27,1,
rollup,4.62.0,2026-06-13,2837926,27,1,
rollup,4.62.1,2026-06-19,2839064,27,1,
rollup,4.62.2,2026-06-19,2840776,27,1,
rollup,4.62.3,2026-07-26,2851429,27,1,28
svelte,1.54.2,2018-02-09,2294110,11,0,1
svelte,1.55.0,2018-02-11,2301826,11,0,
svelte,1.55.1,2018-02-23,2304573,11,0,
svelte,1.56.0,2018-02-24,2302458,11,0,
svelte,1.56.1,2018-03-05,2302953,11,0,
svelte,1.56.2,2018-03-05,2407962,11,0,
svelte,1.56.3,2018-03-06,2408099,11,0,
svelte,1.56.4,2018-03-07,2410329,11,0,
svelte,1.57.0,2018-03-08,2412490,11,0,
svelte,1.57.1,2018-03-09,2413013,11,0,
svelte,1.57.2,2018-03-12,2413336,11,0,
svelte,1.57.3,2018-03-13,2411279,11,0,
svelte,1.57.4,2018-03-15,2411767,11,0,
svelte,1.58.0,2018-03-19,2403923,11,0,
svelte,1.58.1,2018-03-24,2401234,11,0,
svelte,1.58.2,2018-03-24,2326131,11,0,
svelte,1.58.3,2018-03-27,2326043,11,0,
svelte,1.58.4,2018-03-28,2326259,11,0,
svelte,1.58.5,2018-03-29,2327569,11,0,
svelte,1.59.0,2018-03-30,2329093,11,0,
svelte,1.60.0,2018-04-01,2354336,11,0,1
svelte,1.60.1,2018-04-03,2354368,11,0,
svelte,1.60.2,2018-04-04,2358601,11,0,
svelte,1.60.3,2018-04-12,2368432,11,0,
svelte,1.61.0,2018-04-14,2380939,11,0,
svelte,1.62.0,2018-04-15,2409823,11,0,
svelte,1.63.0,2018-04-15,2416863,11,0,
svelte,1.63.1,2018-04-15,2416819,11,0,
svelte,1.64.0,2018-04-17,2417546,11,0,
svelte,1.64.1,2018-04-18,2417739,11,0,
svelte,2.0.0,2018-04-19,2385024,11,0,
svelte,2.1.0,2018-04-20,2388339,11,0,
svelte,2.1.1,2018-04-22,2540540,12,0,
svelte,2.2.0,2018-04-29,2514381,11,0,
svelte,2.3.0,2018-04-29,2517719,11,0,
svelte,2.4.0,2018-04-30,2551199,15,0,
svelte,2.4.1,2018-05-01,2551411,15,0,
svelte,2.4.2,2018-05-03,2550201,15,0,
svelte,2.4.3,2018-05-03,2550836,15,0,
svelte,2.4.4,2018-05-04,2552736,15,0,
svelte,2.5.0,2018-05-06,2553321,15,0,
svelte,2.5.1,2018-05-11,2554042,15,0,
svelte,2.6.0,2018-05-13,2582070,15,0,
svelte,2.6.1,2018-05-14,2585005,15,0,
svelte,2.6.2,2018-05-16,2591653,15,0,
svelte,2.6.3,2018-05-17,2592169,15,0,
svelte,2.6.4,2018-05-24,2593342,15,0,
svelte,2.6.5,2018-05-25,2593490,15,0,
svelte,2.6.6,2018-05-25,2593791,15,0,
svelte,2.7.0,2018-05-28,2568291,15,0,
svelte,2.7.1,2018-06-05,2568454,15,0,
svelte,2.7.2,2018-06-08,2567942,15,0,
svelte,2.8.0,2018-06-20,2568154,15,0,
svelte,2.8.1,2018-06-23,2568357,15,0,
svelte,2.9.0,2018-06-29,2571479,15,0,
svelte,2.9.1,2018-07-01,2571472,15,0,1
svelte,2.9.2,2018-07-09,2572289,15,0,
svelte,2.9.3,2018-07-09,2573129,15,0,
svelte,2.9.4,2018-07-15,2573373,15,0,
svelte,2.9.5,2018-07-17,2595136,17,0,
svelte,2.9.6,2018-07-21,2596633,17,0,
svelte,2.9.7,2018-07-24,2599102,17,0,
svelte,2.9.8,2018-08-01,2604457,17,0,
svelte,2.9.9,2018-08-02,2604551,17,0,
svelte,2.9.10,2018-08-05,2591222,14,0,
svelte,2.9.11,2018-08-08,2594692,14,0,
svelte,2.10.0,2018-08-11,2603143,14,0,
svelte,2.10.1,2018-08-12,2604664,14,0,
svelte,2.11.0,2018-08-15,2605168,14,0,
svelte,2.12.0,2018-08-23,2603938,14,0,
svelte,2.12.1,2018-08-24,2607569,14,0,
svelte,2.13.0,2018-08-25,1013546,12,0,
svelte,2.13.1,2018-08-25,1013662,12,0,
svelte,2.13.2,2018-08-28,1015648,12,0,
svelte,2.13.3,2018-09-06,1034016,15,0,
svelte,2.13.4,2018-09-06,1015947,12,0,
svelte,2.13.5,2018-09-19,945074,12,0,
svelte,2.14.0,2018-10-17,955786,12,0,1
svelte,2.14.1,2018-10-20,956024,12,0,
svelte,2.14.2,2018-10-23,974345,15,0,
svelte,2.14.3,2018-10-24,956464,12,0,
svelte,2.15.0,2018-10-28,967263,13,0,
svelte,2.15.1,2018-10-30,985680,16,0,
svelte,2.15.2,2018-11-04,967730,13,0,
svelte,2.15.3,2018-11-06,967991,13,0,
svelte,2.16.0,2018-12-16,967999,13,0,
svelte,2.16.1,2019-02-08,981534,15,0,1
svelte,3.0.0,2019-04-21,999852,20,0,1
svelte,3.0.1,2019-04-25,1001046,20,0,
svelte,3.1.0,2019-04-26,1001397,20,0,
svelte,3.2.0,2019-05-04,1005321,20,0,
svelte,3.2.1,2019-05-06,1007183,20,0,
svelte,3.2.2,2019-05-09,1008524,20,0,
svelte,3.3.0,2019-05-13,1009192,20,0,
svelte,3.4.0,2019-05-15,1014054,21,0,
svelte,3.4.1,2019-05-16,1014658,21,0,
svelte,3.4.2,2019-05-21,1017975,21,0,
svelte,3.4.3,2019-05-26,1037422,27,0,
svelte,3.4.4,2019-05-27,1152091,180,0,
svelte,3.5.0,2019-06-09,2802300,187,0,
svelte,3.5.1,2019-06-09,2802330,187,0,
svelte,3.5.2,2019-06-19,2777881,190,0,
svelte,3.5.3,2019-06-19,2777995,190,0,
svelte,3.5.4,2019-06-23,2780322,191,0,
svelte,3.6.0,2019-06-25,2811605,239,0,
svelte,3.6.1,2019-06-25,2811794,238,0,
svelte,3.6.2,2019-06-29,2815594,240,0,
svelte,3.6.3,2019-07-02,2817299,240,0,1
svelte,3.6.4,2019-07-03,2817707,241,0,
svelte,3.6.5,2019-07-07,2820172,240,0,
svelte,3.6.6,2019-07-09,2820547,241,0,
svelte,3.6.7,2019-07-10,2820903,240,0,
svelte,3.6.8,2019-07-23,2823139,240,0,
svelte,3.6.9,2019-07-26,2823176,240,0,
svelte,3.6.10,2019-07-30,2823869,241,0,
svelte,3.6.11,2019-08-03,2829200,240,0,
svelte,3.7.0,2019-08-05,2807476,193,0,
svelte,3.7.1,2019-08-06,2808407,193,0,
svelte,3.8.0,2019-08-12,2809343,193,0,
svelte,3.8.1,2019-08-15,2809199,193,0,
svelte,3.9.0,2019-08-20,2812752,194,0,
svelte,3.9.1,2019-08-22,2821512,194,0,
svelte,3.9.2,2019-09-04,2811902,194,0,
svelte,3.10.0,2019-09-07,2820711,195,0,
svelte,3.10.1,2019-09-08,2814103,196,0,
svelte,3.11.0,2019-09-08,2818392,196,0,
svelte,3.12.0,2019-09-09,2832603,197,0,
svelte,3.12.1,2019-09-10,2832720,196,0,
svelte,3.13.0,2019-11-10,3010104,205,0,1
svelte,3.14.0,2019-11-11,3023438,252,0,
svelte,3.14.1,2019-11-13,3002650,204,0,
svelte,3.15.0,2019-11-18,3032082,252,0,
svelte,3.16.0,2019-11-30,3028091,207,0,
svelte,3.16.1,2019-12-09,3028979,205,0,
svelte,3.16.2,2019-12-10,3053121,254,0,
svelte,3.16.3,2019-12-10,3055753,254,0,
svelte,3.16.4,2019-12-11,3031829,206,0,
svelte,3.16.5,2019-12-18,3034845,206,0,
svelte,3.16.6,2019-12-23,3046288,206,0,
svelte,3.16.7,2019-12-24,3048377,206,0,
svelte,3.17.0,2020-01-13,3057758,206,0,1
svelte,3.17.1,2020-01-14,3058367,206,0,
svelte,3.17.2,2020-01-21,3064709,206,0,
svelte,3.17.3,2020-01-23,3066564,208,0,
svelte,3.18.0,2020-01-25,3067036,208,0,
svelte,3.18.1,2020-01-27,3067892,208,0,
svelte,3.18.2,2020-02-09,3074125,209,0,
svelte,3.19.0,2020-02-23,3081594,209,0,
svelte,3.19.1,2020-02-23,3081728,207,0,
svelte,3.19.2,2020-03-05,3094012,209,0,
svelte,3.20.0,2020-03-15,3119648,200,0,
svelte,3.20.1,2020-03-16,3119755,200,0,
svelte,3.21.0,2020-04-24,3126547,204,0,1
svelte,3.22.0,2020-05-03,3134142,204,0,
svelte,3.22.1,2020-05-03,3134317,204,0,
svelte,3.22.2,2020-05-04,3134435,204,0,
svelte,3.22.3,2020-05-17,3121827,205,0,
svelte,3.23.0,2020-05-26,3127579,205,0,
svelte,3.23.1,2020-06-09,3134534,201,0,
svelte,3.23.2,2020-06-10,3146510,203,0,
svelte,3.24.0,2020-07-07,3174852,205,0,1
svelte,3.24.1,2020-08-05,3184007,205,0,
svelte,3.25.0,2020-09-10,5896150,208,0,
svelte,3.25.1,2020-09-15,5898820,208,0,
svelte,3.26.0,2020-09-22,5915851,211,0,
svelte,3.27.0,2020-09-24,5956336,211,0,
svelte,3.28.0,2020-09-25,5983888,211,0,
svelte,3.29.0,2020-09-29,5984930,212,0,
svelte,3.29.1,2020-10-22,2441181,212,0,1
svelte,3.29.2,2020-10-22,2441247,212,0,
svelte,3.29.3,2020-10-22,5984428,212,0,
svelte,3.29.4,2020-10-22,5986622,212,0,
svelte,3.29.5,2020-11-09,6001240,212,0,
svelte,3.29.6,2020-11-09,6001378,212,0,
svelte,3.29.7,2020-11-10,6001546,212,0,
svelte,3.30.0,2020-11-24,6249458,213,0,
svelte,3.30.1,2020-11-30,6265499,213,0,
svelte,3.31.0,2020-12-02,6270733,213,0,
svelte,3.31.1,2021-01-02,6302926,213,0,1
svelte,3.31.2,2021-01-04,6320134,214,0,
svelte,3.32.0,2021-01-25,6355345,218,0,
svelte,3.32.1,2021-01-29,6363485,218,0,
svelte,3.32.2,2021-02-08,6544352,218,0,
svelte,3.32.3,2021-02-11,6545049,218,0,
svelte,3.33.0,2021-02-25,6555081,217,0,
svelte,3.34.0,2021-02-25,6558219,217,0,
svelte,3.35.0,2021-03-01,6583816,221,0,
svelte,3.36.0,2021-03-30,6590530,222,0,
svelte,3.37.0,2021-03-31,6590886,222,0,
svelte,3.38.0,2021-04-30,6614443,222,0,1
svelte,3.38.1,2021-05-01,6614556,222,0,
svelte,3.38.2,2021-05-03,6612383,222,0,
svelte,3.38.3,2021-06-22,6511471,221,0,
svelte,3.39.0,2021-07-21,6721023,229,0,1
svelte,3.40.0,2021-07-21,6736215,229,0,
svelte,3.40.1,2021-07-22,6738095,229,0,
svelte,3.40.2,2021-07-23,6880126,230,0,
svelte,3.40.3,2021-07-26,6884718,230,0,
svelte,3.41.0,2021-07-27,6911929,230,0,
svelte,3.42.0,2021-08-04,6921745,229,0,
svelte,3.42.1,2021-08-04,6921967,229,0,
svelte,3.42.2,2021-08-20,6929180,229,0,
svelte,3.42.3,2021-08-24,6929496,229,0,
svelte,3.42.4,2021-08-27,6930694,229,0,
svelte,3.42.5,2021-09-10,6932426,229,0,
svelte,3.42.6,2021-09-15,6932605,229,0,
svelte,3.43.0,2021-09-22,6933744,229,0,
svelte,3.43.1,2021-09-30,6935820,233,0,
svelte,3.43.2,2021-10-12,6936445,233,0,1
svelte,3.44.0,2021-10-17,6942238,234,0,
svelte,3.44.1,2021-11-01,6944459,234,0,
svelte,3.44.2,2021-11-19,6945336,234,0,
svelte,3.44.3,2021-12-13,6950600,234,0,
svelte,3.45.0,2022-01-06,6981343,234,0,1
svelte,3.46.0,2022-01-11,7071299,235,0,
svelte,3.46.1,2022-01-12,7077913,237,0,
svelte,3.46.2,2022-01-14,7078265,237,0,
svelte,3.46.3,2022-01-26,7086022,237,0,
svelte,3.46.4,2022-02-03,7099635,238,0,
svelte,3.46.5,2022-03-30,7103568,239,0,
svelte,3.46.6,2022-03-31,7103843,243,0,
svelte,3.47.0,2022-04-08,7151326,243,0,1
svelte,3.48.0,2022-04-30,7213877,245,0,
svelte,3.49.0,2022-07-07,7247697,245,0,1
svelte,3.50.0,2022-09-02,8712808,246,0,
svelte,3.50.1,2022-09-08,8800726,247,0,
svelte,3.51.0,2022-10-10,8870949,248,0,1
svelte,3.52.0,2022-10-15,8928020,248,0,
svelte,3.53.0,2022-11-09,9477740,245,0,
svelte,3.53.1,2022-11-10,9667546,245,0,
svelte,3.54.0,2022-12-06,9673183,245,0,
svelte,3.55.0,2022-12-13,9738416,247,0,
svelte,3.55.1,2023-01-10,9743643,247,0,1
svelte,3.56.0,2023-03-10,9974901,248,0,
svelte,3.57.0,2023-03-15,10028427,250,0,
svelte,3.58.0,2023-03-30,10558502,259,0,
svelte,3.59.0,2023-05-05,11058022,277,0,1
svelte,3.59.1,2023-05-08,10624099,263,0,
svelte,3.59.2,2023-06-20,10624206,263,0,
svelte,4.0.0,2023-06-22,2608609,249,13,
svelte,4.0.1,2023-06-29,2619493,247,13,
svelte,4.0.2,2023-07-03,2621840,247,13,19
svelte,4.0.3,2023-07-03,2621865,247,13,
svelte,4.0.4,2023-07-04,2621843,247,13,
svelte,4.0.5,2023-07-06,2622094,247,13,
svelte,4.1.0,2023-07-19,2609712,247,13,
svelte,4.1.1,2023-07-20,2610762,247,13,
svelte,4.1.2,2023-07-31,2610843,247,13,
svelte,4.2.0,2023-08-11,2621966,248,13,
svelte,4.2.1,2023-09-20,2625602,249,13,
svelte,4.2.2,2023-10-19,2628157,249,13,19
svelte,4.2.3,2023-11-10,2628654,249,13,
svelte,4.2.4,2023-11-16,2628882,249,13,
svelte,4.2.5,2023-11-17,2630660,249,13,
svelte,4.2.6,2023-11-20,2630666,249,13,
svelte,4.2.7,2023-11-20,2631929,249,13,
svelte,4.2.8,2023-11-30,2632281,249,13,
svelte,4.2.9,2024-01-17,2631295,249,14,19
svelte,4.2.10,2024-02-05,2631970,250,14,
svelte,4.2.11,2024-02-15,2631982,250,14,
svelte,4.2.12,2024-02-23,2631982,250,14,
svelte,4.2.13,2024-04-10,2632877,250,14,19
svelte,4.2.14,2024-04-12,2632849,250,14,
svelte,4.2.15,2024-04-17,2632851,250,14,
svelte,4.2.16,2024-05-07,2632863,250,14,
svelte,4.2.17,2024-05-13,2632899,250,14,
svelte,4.2.18,2024-06-06,2632915,250,14,
svelte,4.2.19,2024-08-23,2633608,251,14,19
svelte,5.0.0,2024-10-19,2282667,362,13,17
svelte,5.0.1,2024-10-19,2283800,362,13,
svelte,5.0.2,2024-10-19,2283836,362,13,
svelte,5.0.3,2024-10-20,2284136,362,13,
svelte,5.0.4,2024-10-21,2284696,362,13,
svelte,5.0.5,2024-10-21,2287053,362,13,
svelte,5.1.0,2024-10-23,2290849,362,13,
svelte,5.1.1,2024-10-24,2291237,362,13,
svelte,5.1.2,2024-10-24,2293964,362,13,
svelte,5.1.3,2024-10-25,2294285,362,13,
svelte,5.1.4,2024-10-28,2296639,362,13,
svelte,5.1.5,2024-10-30,2301841,362,13,
svelte,5.1.6,2024-10-30,2301483,362,13,
svelte,5.1.7,2024-10-31,2304569,362,13,
svelte,5.1.8,2024-10-31,2304606,362,13,
svelte,5.1.9,2024-10-31,2305089,363,13,
svelte,5.1.10,2024-11-05,2314408,363,13,
svelte,5.1.11,2024-11-06,2314431,363,13,
svelte,5.1.12,2024-11-07,2315778,365,13,
svelte,5.1.13,2024-11-08,2322241,365,13,
svelte,5.1.14,2024-11-11,2323061,365,13,
svelte,5.1.15,2024-11-11,2323541,365,13,
svelte,5.1.16,2024-11-12,2324300,365,13,
svelte,5.1.17,2024-11-14,2329096,365,13,
svelte,5.2.0,2024-11-14,2333395,366,13,
svelte,5.2.1,2024-11-16,2335713,366,13,
svelte,5.2.2,2024-11-16,2336429,366,13,
svelte,5.2.3,2024-11-18,2336540,366,13,
svelte,5.2.4,2024-11-19,2336866,366,13,
svelte,5.2.5,2024-11-20,2337373,366,13,
svelte,5.2.6,2024-11-20,2332046,366,13,
svelte,5.2.7,2024-11-20,2331955,366,13,
svelte,5.2.8,2024-11-25,2330500,366,13,
svelte,5.2.9,2024-11-26,2330101,366,13,
svelte,5.2.10,2024-11-28,2327985,366,13,
svelte,5.2.11,2024-11-29,2331160,367,13,
svelte,5.2.12,2024-11-30,2331953,367,13,
svelte,5.3.0,2024-12-01,2343495,371,13,
svelte,5.3.1,2024-12-01,2344267,372,13,
svelte,5.3.2,2024-12-02,2344498,372,13,
svelte,5.4.0,2024-12-02,2345245,372,13,
svelte,5.5.0,2024-12-03,2350292,372,13,
svelte,5.5.2,2024-12-03,2351330,373,13,
svelte,5.5.3,2024-12-03,2358121,374,13,
svelte,5.5.4,2024-12-04,2360585,374,13,
svelte,5.6.0,2024-12-04,2363411,374,13,
svelte,5.6.1,2024-12-04,2365468,374,13,
svelte,5.6.2,2024-12-04,2366570,374,13,
svelte,5.7.0,2024-12-05,2374505,376,13,
svelte,5.7.1,2024-12-05,2375503,376,13,
svelte,5.8.0,2024-12-06,2390677,376,13,
svelte,5.8.1,2024-12-06,2391620,376,13,
svelte,5.9.0,2024-12-08,2396457,376,13,
svelte,5.10.0,2024-12-09,2422350,376,13,
svelte,5.9.1,2024-12-09,2396567,376,13,
svelte,5.10.1,2024-12-10,2423581,376,13,
svelte,5.11.0,2024-12-11,2431800,378,13,
svelte,5.11.1,2024-12-11,2430223,378,13,
svelte,5.11.2,2024-12-11,2430027,378,13,
svelte,5.11.3,2024-12-12,2431713,378,13,
svelte,5.12.0,2024-12-12,2433351,378,13,
svelte,5.13.0,2024-12-14,2445061,378,13,
svelte,5.14.0,2024-12-15,2457027,378,13,
svelte,5.14.1,2024-12-16,2457144,378,13,
svelte,5.14.2,2024-12-17,2459786,378,13,
svelte,5.14.3,2024-12-18,2464492,378,13,
svelte,5.14.4,2024-12-18,2464557,378,13,
svelte,5.14.5,2024-12-19,2465413,379,13,
svelte,5.14.6,2024-12-19,2469930,379,13,
svelte,5.15.0,2024-12-19,2470119,379,13,
svelte,5.16.0,2024-12-24,2475402,379,14,
svelte,5.16.1,2025-01-02,2475448,379,14,18
svelte,5.16.2,2025-01-05,2476459,379,14,
svelte,5.16.3,2025-01-06,2477730,379,14,
svelte,5.16.4,2025-01-06,2477729,379,14,
svelte,5.16.5,2025-01-06,2477791,379,14,
svelte,5.16.6,2025-01-07,2477108,378,14,
svelte,5.17.0,2025-01-08,2480102,378,14,
svelte,5.17.1,2025-01-08,2478956,378,14,
svelte,5.17.2,2025-01-09,2480537,378,14,
svelte,5.17.3,2025-01-09,2480789,378,14,
svelte,5.17.4,2025-01-13,2482994,378,14,
svelte,5.17.5,2025-01-14,2484509,378,14,
svelte,5.18.0,2025-01-15,2484835,378,14,
svelte,5.19.0,2025-01-17,2485640,378,14,
svelte,5.19.1,2025-01-21,2486234,378,14,
svelte,5.19.2,2025-01-22,2486249,378,14,
svelte,5.19.3,2025-01-25,2485972,378,14,
svelte,5.19.4,2025-01-28,2486083,378,14,
svelte,5.19.5,2025-01-29,2487040,379,14,
svelte,5.19.6,2025-01-30,2488188,379,14,
svelte,5.19.7,2025-02-03,2487703,379,14,
svelte,5.19.8,2025-02-05,2488401,379,14,
svelte,5.19.9,2025-02-06,2488230,379,14,
svelte,5.19.10,2025-02-11,2488420,379,14,
svelte,5.20.0,2025-02-12,2491863,379,14,
svelte,5.20.1,2025-02-14,2493017,379,14,
svelte,5.20.2,2025-02-18,2494567,379,14,
svelte,5.20.3,2025-02-24,2497058,379,14,
svelte,5.20.4,2025-02-24,2493708,379,14,
svelte,5.20.5,2025-02-27,2496924,379,14,
svelte,5.21.0,2025-03-03,2499316,379,14,
svelte,5.22.0,2025-03-04,2499859,379,14,
svelte,5.22.1,2025-03-04,2483404,378,14,
svelte,5.22.2,2025-03-05,2483525,378,14,
svelte,5.22.3,2025-03-05,2483497,378,14,
svelte,5.22.4,2025-03-05,2481988,378,14,
svelte,5.22.5,2025-03-06,2484900,378,14,
svelte,5.22.6,2025-03-07,2486290,378,14,
svelte,5.23.0,2025-03-11,2487008,378,14,
svelte,5.23.1,2025-03-17,2390804,348,14,
svelte,5.23.2,2025-03-18,2391129,348,14,
svelte,5.24.0,2025-03-21,2390804,348,14,
svelte,5.24.1,2025-03-21,2391450,348,14,
svelte,5.25.0,2025-03-21,2389988,348,14,
svelte,5.25.1,2025-03-21,2390437,348,14,
svelte,5.25.2,2025-03-21,2390478,348,14,
svelte,5.25.3,2025-03-23,2391192,348,14,
svelte,5.25.4,2025-03-31,2391387,348,14,
svelte,5.25.5,2025-03-31,2390944,348,14,
svelte,5.25.6,2025-04-01,2391882,348,14,18
svelte,5.25.7,2025-04-05,2391883,348,14,
svelte,5.25.8,2025-04-07,2391887,348,14,
svelte,5.25.9,2025-04-08,2388790,348,14,
svelte,5.25.10,2025-04-09,2386449,348,14,
svelte,5.25.11,2025-04-10,2387098,348,14,
svelte,5.25.12,2025-04-10,2386880,348,14,
svelte,5.26.0,2025-04-11,2391095,350,14,
svelte,5.26.1,2025-04-11,2392181,350,14,
svelte,5.26.2,2025-04-12,2391876,350,14,
svelte,5.26.3,2025-04-14,2392373,350,14,
svelte,5.27.0,2025-04-15,2403768,350,14,
svelte,5.27.1,2025-04-17,2408118,351,14,
svelte,5.27.2,2025-04-17,2418168,351,14,
svelte,5.27.3,2025-04-18,2417980,351,14,
svelte,5.28.0,2025-04-18,2425633,351,14,
svelte,5.28.1,2025-04-18,2426419,351,14,
svelte,5.28.2,2025-04-22,2426223,351,14,
svelte,5.28.3,2025-05-12,2426724,351,14,
svelte,5.28.4,2025-05-12,2430184,353,14,
svelte,5.28.5,2025-05-13,2430857,353,14,
svelte,5.28.6,2025-05-13,2431478,353,14,
svelte,5.28.7,2025-05-14,2433671,353,14,
svelte,5.29.0,2025-05-14,2440069,357,14,
svelte,5.30.0,2025-05-14,2440202,357,14,
svelte,5.30.1,2025-05-14,2440260,357,14,
svelte,5.30.2,2025-05-17,2440649,357,14,
svelte,5.31.0,2025-05-19,2446783,357,14,
svelte,5.31.1,2025-05-19,2447549,357,14,
svelte,4.2.20,2025-05-20,2633750,251,14,
svelte,5.32.0,2025-05-20,2456986,357,14,
svelte,5.32.1,2025-05-20,2457914,357,14,
svelte,5.32.2,2025-05-22,2457853,357,14,
svelte,5.33.0,2025-05-22,2471685,360,14,
svelte,5.33.1,2025-05-22,2473812,361,14,
svelte,5.33.2,2025-05-25,2474440,361,14,
svelte,5.33.3,2025-05-26,2474911,361,14,
svelte,5.33.4,2025-05-27,2476692,361,14,
svelte,5.33.5,2025-05-28,2480036,361,14,
svelte,5.33.10,2025-05-29,2487859,361,14,
svelte,5.33.6,2025-05-29,2486842,361,14,
svelte,5.33.7,2025-05-29,2486946,361,14,
svelte,5.33.8,2025-05-29,2486965,361,14,
svelte,5.33.9,2025-05-29,2487593,361,14,
svelte,5.33.11,2025-05-31,2488475,361,14,
svelte,5.33.12,2025-06-01,2488690,361,14,
svelte,5.33.13,2025-06-02,2488746,361,14,
svelte,5.33.14,2025-06-02,2488718,361,14,
svelte,5.33.15,2025-06-06,2488064,362,14,
svelte,5.33.16,2025-06-07,2488117,362,14,
svelte,5.33.17,2025-06-07,2488117,362,14,
svelte,5.33.18,2025-06-08,2488672,362,14,
svelte,5.33.19,2025-06-10,2488963,362,14,
svelte,5.34.0,2025-06-11,2495378,362,14,
svelte,5.34.1,2025-06-12,2495419,362,14,
svelte,5.34.2,2025-06-14,2496052,362,14,
svelte,5.34.3,2025-06-14,2496507,362,14,
svelte,5.34.4,2025-06-17,2501834,362,14,
svelte,5.34.5,2025-06-17,2502356,362,14,
svelte,5.34.6,2025-06-18,2502701,362,14,
svelte,5.34.7,2025-06-19,2502961,362,14,
svelte,5.34.8,2025-06-25,2505729,362,14,
svelte,5.34.9,2025-06-28,2505222,362,14,
svelte,5.35.0,2025-07-02,2510261,363,14,18
svelte,5.35.1,2025-07-02,2514584,363,14,
svelte,5.35.2,2025-07-03,2514719,363,14,
svelte,5.35.3,2025-07-07,2514859,363,14,
svelte,5.35.4,2025-07-07,2515447,363,14,
svelte,5.35.5,2025-07-09,2518508,363,14,
svelte,5.35.6,2025-07-11,2517051,362,14,
svelte,5.35.7,2025-07-14,2516263,362,14,
svelte,5.36.0,2025-07-14,2572000,370,14,
svelte,5.36.1,2025-07-15,2572491,370,14,
svelte,5.36.2,2025-07-15,2572748,370,14,
svelte,5.36.3,2025-07-16,2573992,370,14,
svelte,5.36.4,2025-07-16,2574729,370,14,
svelte,5.36.5,2025-07-17,2575678,370,14,
svelte,5.36.6,2025-07-17,2577410,370,14,
svelte,5.36.7,2025-07-17,2576835,370,14,
svelte,5.36.8,2025-07-18,2577799,370,14,
svelte,5.36.10,2025-07-19,2579961,370,14,
svelte,5.36.9,2025-07-19,2579587,370,14,
svelte,5.36.12,2025-07-20,2580307,371,14,
svelte,5.36.13,2025-07-21,2580645,371,14,
svelte,5.36.14,2025-07-23,2581761,371,14,
svelte,5.36.15,2025-07-24,2582227,371,14,
svelte,5.36.16,2025-07-24,2582707,371,14,
svelte,5.36.17,2025-07-25,2585268,371,14,
svelte,5.37.0,2025-07-27,2585547,371,14,
svelte,5.37.1,2025-07-28,2585649,371,14,
svelte,5.37.2,2025-07-31,2586129,371,14,
svelte,5.37.3,2025-08-03,2586247,371,14,
svelte,5.38.0,2025-08-06,2591841,373,14,
svelte,5.38.1,2025-08-11,2593040,373,14,
svelte,5.38.2,2025-08-18,2593602,373,14,
svelte,5.38.3,2025-08-23,2597093,373,14,
svelte,5.38.5,2025-08-26,2597668,373,14,
svelte,5.38.6,2025-08-27,2597987,373,14,
svelte,5.38.7,2025-09-05,2598716,373,14,
svelte,5.38.8,2025-09-09,2599296,373,14,
svelte,5.38.10,2025-09-11,2601589,373,14,
svelte,5.38.9,2025-09-11,2601576,373,14,
svelte,5.39.0,2025-09-17,2627876,374,14,
svelte,5.39.1,2025-09-17,2629761,374,14,
svelte,5.39.2,2025-09-18,2632172,374,14,
svelte,5.39.3,2025-09-19,2627706,374,14,
svelte,5.39.4,2025-09-21,2628436,374,14,
svelte,5.39.5,2025-09-23,2628830,374,14,
svelte,5.39.6,2025-09-24,2632231,374,14,
svelte,5.39.7,2025-09-30,2633060,374,14,
svelte,5.39.8,2025-10-01,2634889,374,14,18
svelte,5.39.9,2025-10-05,2635130,374,14,
svelte,5.39.10,2025-10-07,2636781,374,14,
svelte,5.39.11,2025-10-08,2636685,374,14,
svelte,5.39.12,2025-10-13,2638278,374,14,
svelte,5.39.13,2025-10-14,2638420,374,14,
svelte,5.40.0,2025-10-14,2640629,374,14,
svelte,5.40.1,2025-10-15,2640728,374,14,
svelte,5.40.2,2025-10-17,2640784,374,14,
svelte,5.41.0,2025-10-18,2643632,374,14,
svelte,5.41.1,2025-10-20,2641839,375,14,
svelte,5.41.2,2025-10-22,2645039,375,14,
svelte,5.41.3,2025-10-23,2646362,375,14,
svelte,5.41.4,2025-10-24,2647605,375,14,
svelte,5.42.0,2025-10-25,2638085,375,14,
svelte,5.42.1,2025-10-25,2638164,375,14,
svelte,5.42.2,2025-10-26,2638452,375,14,
svelte,5.42.3,2025-10-28,2638809,375,14,
svelte,5.43.0,2025-10-28,2660749,376,14,
svelte,5.43.1,2025-10-30,2660777,376,14,
svelte,5.43.2,2025-10-30,2660779,376,14,
svelte,5.43.3,2025-11-04,2661883,376,14,
svelte,5.43.4,2025-11-06,2660279,376,14,
svelte,5.43.5,2025-11-08,2662650,376,14,
svelte,5.43.6,2025-11-11,2662808,376,14,
svelte,5.43.7,2025-11-16,2665296,376,14,
svelte,5.43.8,2025-11-16,2663982,376,14,
svelte,5.43.9,2025-11-17,2670235,376,14,
svelte,5.43.10,2025-11-18,2670697,376,14,
svelte,5.43.11,2025-11-18,2672384,376,14,
svelte,5.43.12,2025-11-18,2672340,376,14,
svelte,5.43.13,2025-11-20,2672475,376,14,
svelte,5.43.14,2025-11-20,2676855,377,14,
svelte,5.43.15,2025-11-24,2677067,377,14,
svelte,5.44.0,2025-11-25,2689457,381,15,
svelte,5.44.1,2025-11-26,2691318,381,15,
svelte,5.45.0,2025-11-26,2724668,382,15,
svelte,5.45.1,2025-11-26,2724765,382,15,
svelte,5.45.2,2025-11-26,2725360,382,15,
svelte,5.45.3,2025-12-01,2738708,382,15,
svelte,5.45.4,2025-12-02,2738397,382,15,
svelte,5.45.5,2025-12-03,2737839,382,15,
svelte,5.45.6,2025-12-06,2738042,382,15,
svelte,5.45.7,2025-12-08,2738926,382,15,
svelte,5.45.8,2025-12-08,2738704,382,15,
svelte,5.45.9,2025-12-11,2738722,382,15,
svelte,5.45.10,2025-12-12,2739204,382,15,
svelte,5.46.0,2025-12-12,2741950,383,15,
svelte,5.46.1,2025-12-24,2742106,383,15,
svelte,5.46.3,2026-01-12,2744613,385,15,19
svelte,5.46.4,2026-01-15,2744649,385,15,
svelte,5.47.0,2026-01-18,2756748,386,15,
svelte,5.47.1,2026-01-19,2758487,386,15,
svelte,5.48.0,2026-01-22,2760635,386,15,
svelte,5.48.1,2026-01-24,2762617,386,15,
svelte,5.48.2,2026-01-24,2762624,386,15,
svelte,5.48.3,2026-01-26,2763228,386,15,
svelte,5.48.4,2026-01-27,2763313,386,15,
svelte,5.48.5,2026-01-28,2764018,386,15,
svelte,5.49.0,2026-01-29,2766660,386,15,
svelte,5.49.1,2026-01-30,2766680,386,15,
svelte,5.49.2,2026-02-04,2768266,386,15,
svelte,5.50.0,2026-02-06,2766690,386,15,
svelte,5.50.1,2026-02-10,2766797,386,15,
svelte,5.50.2,2026-02-11,2772480,386,15,
svelte,5.50.3,2026-02-12,2774570,386,15,
svelte,5.51.0,2026-02-13,2776364,386,16,
svelte,5.51.1,2026-02-14,2776948,386,16,
svelte,5.51.2,2026-02-15,2777032,386,16,
svelte,5.51.3,2026-02-17,2778113,386,16,
svelte,5.51.4,2026-02-18,2778453,386,16,
svelte,5.51.5,2026-02-18,2780868,386,16,
svelte,5.52.0,2026-02-18,2785646,386,16,
svelte,5.53.0,2026-02-18,2799057,386,16,
svelte,5.53.1,2026-02-21,2799379,386,16,
svelte,5.53.2,2026-02-21,2800677,386,16,
svelte,5.53.3,2026-02-23,2800677,386,16,
svelte,5.53.4,2026-02-25,2800957,386,16,
svelte,5.53.5,2026-02-25,2801650,386,16,
svelte,5.53.6,2026-02-27,2804437,386,16,
svelte,5.53.7,2026-03-03,2806642,386,16,
svelte,5.53.8,2026-03-09,2810797,386,16,
svelte,5.53.10,2026-03-10,2812323,386,16,
svelte,5.53.9,2026-03-10,2811869,386,16,
svelte,5.53.11,2026-03-12,2812414,386,16,
svelte,5.53.12,2026-03-14,2813897,386,16,
svelte,5.53.13,2026-03-17,2814697,386,16,
svelte,5.54.0,2026-03-17,2818335,386,16,
svelte,5.54.1,2026-03-21,2822737,386,16,
svelte,5.55.0,2026-03-23,2822231,386,16,
svelte,5.55.1,2026-03-29,2823272,386,16,
svelte,5.55.2,2026-04-07,2824465,386,16,20
svelte,5.55.3,2026-04-10,2829003,386,16,
svelte,5.55.4,2026-04-14,2828937,386,16,
svelte,5.55.5,2026-04-23,2829413,386,16,
svelte,5.55.6,2026-05-14,2835722,386,16,
svelte,5.55.7,2026-05-14,2836808,386,16,
svelte,5.55.8,2026-05-18,2837522,386,16,
svelte,5.55.9,2026-05-20,2842640,386,16,
svelte,5.55.10,2026-05-27,2843772,386,16,
svelte,5.56.0,2026-05-29,2863014,389,16,
svelte,5.56.1,2026-06-01,2865981,389,16,
svelte,5.56.2,2026-06-04,2868564,389,16,
svelte,5.56.3,2026-06-07,2868593,389,16,
svelte,5.56.4,2026-06-23,2869472,389,16,
svelte,5.56.5,2026-07-14,2871634,389,16,20
svelte,5.56.6,2026-07-16,2871930,389,16,
svelte,5.56.7,2026-07-20,2872020,389,16,
svelte,5.56.8,2026-07-24,2872612,389,16,20
tailwindcss,0.4.2,2018-03-01,1510265,98,7,257
tailwindcss,0.4.3,2018-03-05,1513714,99,7,
tailwindcss,0.5.0,2018-03-13,1520330,106,10,
tailwindcss,0.5.1,2018-03-13,1520123,106,10,
tailwindcss,0.5.2,2018-03-29,1495832,106,9,
tailwindcss,0.5.3,2018-05-07,1473804,106,9,60
tailwindcss,0.6.0,2018-06-21,2032401,108,10,
tailwindcss,0.6.1,2018-06-22,2032401,108,10,
tailwindcss,0.6.2,2018-07-11,2039116,112,10,61
tailwindcss,0.6.3,2018-07-11,2039362,112,10,
tailwindcss,0.6.4,2018-07-16,2039202,112,10,
tailwindcss,0.6.5,2018-08-14,2039231,112,10,
tailwindcss,0.6.6,2018-09-21,2039160,112,10,
tailwindcss,0.7.0,2018-10-31,2089196,120,15,83
tailwindcss,0.7.1,2018-11-05,2112595,122,15,
tailwindcss,0.7.2,2018-11-05,2112987,122,15,
tailwindcss,0.7.3,2018-12-13,2108047,122,15,
tailwindcss,0.7.4,2019-01-23,2108386,122,15,94
tailwindcss,1.0.0,2019-05-13,2318888,138,13,53
tailwindcss,1.0.1,2019-05-13,2319044,138,13,
tailwindcss,1.0.2,2019-05-27,2410945,142,13,
tailwindcss,1.0.3,2019-06-01,2319822,138,13,
tailwindcss,1.0.4,2019-06-11,2319970,138,13,
tailwindcss,1.0.5,2019-07-11,2162515,137,13,53
tailwindcss,1.0.6,2019-08-01,2162581,137,13,
tailwindcss,1.1.0,2019-08-06,3105744,140,14,
tailwindcss,1.1.1,2019-08-09,3106139,141,14,
tailwindcss,1.1.2,2019-08-14,3106179,141,14,
tailwindcss,1.1.3,2019-10-22,3109167,141,14,56
tailwindcss,1.1.4,2019-11-25,3109314,141,14,
tailwindcss,1.2.0,2020-02-05,3997162,169,16,76
tailwindcss,1.3.0,2020-04-21,4190077,175,16,77
tailwindcss,1.3.1,2020-04-21,4190077,175,16,
tailwindcss,1.3.2,2020-04-21,4620434,175,16,
tailwindcss,1.3.3,2020-04-21,4620434,175,16,
tailwindcss,1.3.4,2020-04-21,4620686,175,16,
tailwindcss,1.3.5,2020-04-23,4620958,175,16,
tailwindcss,1.4.0,2020-04-29,7385114,182,19,
tailwindcss,1.4.1,2020-04-30,7385132,182,19,
tailwindcss,1.4.2,2020-05-01,7386511,182,19,
tailwindcss,1.4.3,2020-05-01,7387539,182,19,
tailwindcss,1.4.4,2020-05-01,7387595,182,19,
tailwindcss,1.4.5,2020-05-06,7388126,182,19,
tailwindcss,1.4.6,2020-05-08,7388658,182,19,
tailwindcss,0.0.0-658250a96,2020-07-12,6315383,167,19,90
tailwindcss,1.5.0,2020-07-15,6323234,168,19,
tailwindcss,1.5.1,2020-07-15,6323464,168,19,
tailwindcss,1.5.2,2020-07-21,6323862,168,19,
tailwindcss,1.6.0,2020-07-28,6349096,170,19,
tailwindcss,1.6.1,2020-08-02,6349080,170,19,
tailwindcss,1.6.2,2020-08-03,6349119,170,19,
tailwindcss,1.6.3,2020-08-18,6349091,170,19,
tailwindcss,1.7.0,2020-08-18,14874232,185,20,
tailwindcss,1.7.1,2020-08-19,14874468,185,20,
tailwindcss,1.7.2,2020-08-19,14874664,186,21,
tailwindcss,1.7.3,2020-08-20,14875720,186,21,
tailwindcss,1.7.4,2020-08-26,14893840,187,21,
tailwindcss,1.7.5,2020-08-26,14876730,187,21,
tailwindcss,1.7.6,2020-08-29,14876760,187,21,
tailwindcss,1.8.0,2020-09-04,18856833,195,22,
tailwindcss,1.8.1,2020-09-04,18857844,195,22,
tailwindcss,1.8.2,2020-09-05,18858295,195,22,
tailwindcss,1.8.3,2020-09-05,18865147,195,22,
tailwindcss,1.8.4,2020-09-07,18867205,196,22,
tailwindcss,1.8.5,2020-09-07,18868103,197,22,
tailwindcss,1.8.6,2020-09-09,18868878,197,22,
tailwindcss,1.8.7,2020-09-10,18869258,197,22,
tailwindcss,1.8.8,2020-09-11,18869545,198,22,
tailwindcss,1.8.9,2020-09-13,19078402,198,22,
tailwindcss,1.8.10,2020-09-14,19079038,198,22,
tailwindcss,1.8.11,2020-10-06,19079094,198,22,92
tailwindcss,1.8.12,2020-10-07,19079290,198,22,
tailwindcss,1.8.13,2020-10-10,19080971,199,22,
tailwindcss,1.9.0,2020-10-12,21398075,202,22,
tailwindcss,1.9.1,2020-10-13,21411001,204,22,
tailwindcss,1.9.2,2020-10-14,21412985,204,22,
tailwindcss,1.9.3,2020-10-16,21412324,204,22,
tailwindcss,1.9.4,2020-10-17,19977333,204,22,
tailwindcss,1.9.5,2020-10-19,21413703,204,22,
tailwindcss,1.9.6,2020-10-23,21414120,204,22,
tailwindcss,2.0.0,2020-11-18,30246546,210,20,
tailwindcss,2.0.0-compat,2020-11-18,30249828,211,22,
tailwindcss,2.0.1,2020-11-18,30246546,210,20,
tailwindcss,2.0.1-compat,2020-11-18,30249828,211,22,
tailwindcss,2.0.2,2020-12-11,30250100,210,20,
tailwindcss,2.0.3,2021-02-07,30556791,210,20,80
tailwindcss,2.0.4,2021-03-17,30557173,210,20,
tailwindcss,2.1.0,2021-04-05,31370233,431,27,116
tailwindcss,2.1.1,2021-04-05,31343510,430,27,
tailwindcss,2.1.2,2021-04-23,31370398,431,27,
tailwindcss,2.1.3,2021-06-01,31344444,430,27,
tailwindcss,2.1.4,2021-06-02,31344485,430,27,
tailwindcss,2.1.2-internal.1,2021-06-17,32837317,259,31,
tailwindcss,2.1.2-internal.2,2021-06-17,34572902,259,32,
tailwindcss,2.1.2-internal.3,2021-06-17,34572902,259,31,
tailwindcss,2.1.2-internal.4,2021-06-17,34571710,259,31,
tailwindcss,2.2.0,2021-06-17,34552594,255,31,
tailwindcss,2.2.1,2021-06-18,34572446,259,31,
tailwindcss,2.2.2,2021-06-18,34573012,259,31,
tailwindcss,0.0.0-359252c,2021-06-19,34574785,259,31,
tailwindcss,2.2.3,2021-06-23,34575891,262,31,
tailwindcss,2.2.4,2021-06-23,34576221,262,31,
tailwindcss,0.0.0-d782a78,2021-06-24,34586812,262,31,
tailwindcss,0.0.0-1bb7ef9,2021-06-25,34535035,262,31,
tailwindcss,0.0.0-7db4c3a,2021-06-25,34589275,262,31,
tailwindcss,0.0.0-92d1664,2021-06-25,34589185,262,31,
tailwindcss,0.0.0-c95bd53,2021-06-25,34589129,262,31,
tailwindcss,0.0.0-5a9c68d,2021-06-26,34590664,262,31,
tailwindcss,0.0.0-f90763a,2021-06-29,34535357,262,31,
tailwindcss,0.0.0-34779b4,2021-07-01,34581288,263,31,117
tailwindcss,0.0.0-c905c8a2,2021-07-01,34582669,263,31,
tailwindcss,2.2.5,2021-07-21,34639686,263,31,
tailwindcss,2.2.6,2021-07-21,34639999,263,31,
tailwindcss,2.2.7,2021-07-23,34552163,263,31,
tailwindcss,2.2.8,2021-08-27,34579276,264,31,
tailwindcss,2.2.9,2021-08-30,34588718,264,31,
tailwindcss,2.2.10,2021-09-06,34638276,264,31,
tailwindcss,2.2.11,2021-09-07,34588956,264,32,
tailwindcss,2.2.12,2021-09-08,34550822,264,32,
tailwindcss,2.2.13,2021-09-08,34451428,264,32,
tailwindcss,2.2.14,2021-09-08,34592378,264,32,
tailwindcss,2.2.15,2021-09-10,34592422,264,32,
tailwindcss,2.2.16,2021-09-26,34594102,264,32,
tailwindcss,2.2.17,2021-10-13,34594641,264,32,121
tailwindcss,2.2.18,2021-10-29,34516694,263,32,
tailwindcss,2.2.19,2021-10-29,34516801,263,32,
tailwindcss,3.0.0,2021-12-09,4046111,166,21,
tailwindcss,3.0.1,2021-12-11,4115062,162,21,
tailwindcss,3.0.2,2021-12-13,4051391,166,21,
tailwindcss,3.0.3,2021-12-15,4122458,162,21,
tailwindcss,3.0.4,2021-12-15,4123107,162,21,
tailwindcss,3.0.5,2021-12-15,4123494,162,21,
tailwindcss,3.0.6,2021-12-16,4124870,162,21,
tailwindcss,3.0.7,2021-12-17,4133809,164,21,
tailwindcss,3.0.8,2021-12-28,4135625,164,21,
tailwindcss,3.0.9,2022-01-03,4121557,162,20,82
tailwindcss,3.0.10,2022-01-04,4125602,162,20,
tailwindcss,3.0.11,2022-01-05,4126593,162,20,
tailwindcss,3.0.12,2022-01-07,4141503,162,20,
tailwindcss,3.0.13,2022-01-11,4139906,164,20,
tailwindcss,3.0.14,2022-01-14,4144086,164,20,
tailwindcss,3.0.15,2022-01-15,4144325,164,20,
tailwindcss,3.0.16,2022-01-24,4151758,168,20,
tailwindcss,3.0.17,2022-01-26,4161458,168,20,
tailwindcss,3.0.18,2022-01-28,4162415,168,20,
tailwindcss,3.0.19,2022-02-07,4163542,168,20,
tailwindcss,3.0.20,2022-02-10,4167876,168,21,
tailwindcss,3.0.21,2022-02-10,4168102,168,20,
tailwindcss,3.0.22,2022-02-11,4168328,168,21,
tailwindcss,3.0.23,2022-02-16,4172411,168,21,
tailwindcss,3.0.24,2022-04-12,4197050,171,21,62
tailwindcss,3.1.0,2022-06-09,4351805,186,22,
tailwindcss,3.1.1,2022-06-09,4353655,186,22,
tailwindcss,3.1.2,2022-06-10,4354203,186,22,
tailwindcss,3.1.3,2022-06-14,4358250,188,22,
tailwindcss,3.1.4,2022-06-21,4363421,188,22,
tailwindcss,3.1.5,2022-07-07,4376186,190,22,66
tailwindcss,3.1.6,2022-07-11,4377716,190,22,
tailwindcss,3.1.7,2022-07-29,4390714,191,22,
tailwindcss,3.1.8,2022-08-05,4429015,191,22,
tailwindcss,3.2.0,2022-10-19,4493243,231,22,65
tailwindcss,3.2.1,2022-10-21,4572448,221,23,
tailwindcss,3.2.2,2022-11-04,4596912,221,23,
tailwindcss,3.2.3,2022-11-09,4599576,221,23,
tailwindcss,3.2.4,2022-11-11,4603435,221,23,
tailwindcss,0.0.0-oxide.6bf5e56,2022-11-30,4610014,221,24,
tailwindcss,0.0.0-oxide.c7d416b,2022-11-30,4611916,228,24,
tailwindcss,0.0.0-oxide.dd87d75,2022-11-30,4610084,223,24,
tailwindcss,0.0.0-oxide.6d7c311,2022-12-01,4610413,231,24,
tailwindcss,0.0.0-oxide.956419c,2022-12-01,4610408,231,24,
tailwindcss,3.2.5,2023-02-08,4731149,244,24,65
tailwindcss,3.2.6,2023-02-08,4730129,242,23,
tailwindcss,3.2.7,2023-02-16,4729391,242,23,
tailwindcss,3.3.0,2023-03-28,4761448,254,24,
tailwindcss,3.3.1,2023-03-30,4765768,254,24,
tailwindcss,3.3.2,2023-04-25,5435508,258,23,76
tailwindcss,3.3.3,2023-07-13,5474942,274,22,76
tailwindcss,3.3.4,2023-10-24,5565132,275,22,76
tailwindcss,3.3.5,2023-10-25,5566928,275,22,
tailwindcss,3.3.6,2023-12-04,5574436,275,22,
tailwindcss,3.3.7,2023-12-18,5575121,275,22,
tailwindcss,3.4.0,2023-12-19,5583614,275,22,
tailwindcss,3.4.1,2024-01-05,5591135,275,22,76
tailwindcss,0.0.0-oxide.1,2024-03-01,550915,14,6,
tailwindcss,0.0.0-oxide.2,2024-03-02,551098,14,6,
tailwindcss,0.0.0-oxide.3,2024-03-05,633107,14,6,
tailwindcss,0.0.0-oxide.4,2024-03-05,632243,14,6,
tailwindcss,0.0.0-internal.6835ef85,2024-03-10,260879,11,1,
tailwindcss,0.0.0-internal.b2586d4e,2024-03-11,262133,11,1,
tailwindcss,3.4.2,2024-03-27,5512580,252,22,
tailwindcss,3.4.3,2024-03-27,5510057,252,22,
tailwindcss,3.4.4,2024-06-05,5615295,252,22,76
tailwindcss,3.4.5,2024-07-15,5620008,252,22,76
tailwindcss,3.4.6,2024-07-16,5620671,252,22,
tailwindcss,3.4.7,2024-07-25,5623799,252,22,
tailwindcss,3.4.8,2024-08-07,5705193,252,22,
tailwindcss,3.4.9,2024-08-08,5705348,252,22,
tailwindcss,3.4.10,2024-08-13,5705583,252,22,
tailwindcss,3.4.11,2024-09-11,5705858,252,22,
tailwindcss,3.4.12,2024-09-17,5705906,252,22,
tailwindcss,3.4.13,2024-09-23,5706756,252,22,
tailwindcss,3.4.14,2024-10-15,5707085,252,22,76
tailwindcss,3.4.15,2024-11-14,5733430,252,22,
tailwindcss,3.4.16,2024-12-03,5733889,252,22,
tailwindcss,3.4.17,2024-12-17,5734489,252,22,
tailwindcss,4.0.0,2025-01-21,554496,34,0,1
tailwindcss,4.0.1,2025-01-29,554830,34,0,
tailwindcss,4.0.2,2025-01-31,556140,34,0,
tailwindcss,4.0.3,2025-02-01,556180,34,0,
tailwindcss,4.0.4,2025-02-06,556610,34,0,
tailwindcss,4.0.5,2025-02-08,558976,34,0,
tailwindcss,4.0.6,2025-02-10,559012,34,0,
tailwindcss,4.0.7,2025-02-18,561748,34,0,
tailwindcss,4.0.8,2025-02-21,563628,34,0,
tailwindcss,4.0.9,2025-02-25,563406,34,0,
tailwindcss,4.0.10,2025-03-05,563840,34,0,
tailwindcss,4.0.11,2025-03-06,563840,34,0,
tailwindcss,4.0.12,2025-03-07,563844,34,0,
tailwindcss,4.0.13,2025-03-11,563843,34,0,
tailwindcss,4.0.14,2025-03-13,566465,34,0,
tailwindcss,4.0.15,2025-03-20,569165,34,0,
tailwindcss,4.0.16,2025-03-25,571446,34,0,
tailwindcss,4.0.17,2025-03-26,571446,34,0,
tailwindcss,4.1.0,2025-04-01,654140,34,0,1
tailwindcss,4.1.1,2025-04-02,654084,34,0,
tailwindcss,4.1.2,2025-04-03,654962,34,0,
tailwindcss,4.1.3,2025-04-04,655903,34,0,
tailwindcss,4.1.4,2025-04-14,657224,34,0,
tailwindcss,4.1.5,2025-04-30,658207,34,0,
tailwindcss,4.1.6,2025-05-09,674922,34,0,
tailwindcss,4.1.7,2025-05-15,676064,34,0,
tailwindcss,4.1.8,2025-05-28,678409,34,0,
tailwindcss,4.1.10,2025-06-11,678578,34,0,
tailwindcss,4.1.9,2025-06-11,678526,34,0,
tailwindcss,4.1.11,2025-06-26,678578,34,0,
tailwindcss,4.1.12,2025-08-14,681170,34,0,1
tailwindcss,4.1.13,2025-09-04,682036,34,0,
tailwindcss,3.4.18,2025-10-01,5735728,252,22,74
tailwindcss,4.1.14,2025-10-01,683816,34,0,
tailwindcss,4.1.15,2025-10-20,762308,34,0,
tailwindcss,4.1.16,2025-10-23,744975,34,0,
tailwindcss,4.1.17,2025-11-06,745029,34,0,
tailwindcss,3.4.19,2025-12-10,5590081,253,22,
tailwindcss,4.1.18,2025-12-11,748832,34,0,
tailwindcss,4.2.0,2026-02-18,775182,34,0,1
tailwindcss,4.2.1,2026-02-23,775108,34,0,
tailwindcss,4.2.2,2026-03-18,777820,34,0,
tailwindcss,4.2.3,2026-04-20,786796,34,0,1
tailwindcss,4.2.4,2026-04-21,786796,34,0,
tailwindcss,4.3.0,2026-05-08,754919,34,0,
tailwindcss,4.3.1,2026-06-12,761901,34,0,
tailwindcss,4.3.2,2026-06-29,763433,34,0,
tailwindcss,4.3.3,2026-07-16,772893,34,0,1
typescript,2.7.2,2018-02-15,36366737,73,0,1
typescript,2.8.1,2018-03-27,35900541,71,0,
typescript,2.8.3,2018-04-19,35935233,71,0,1
typescript,2.8.4,2018-05-30,35938439,71,0,
typescript,2.9.1,2018-05-31,37572479,72,0,
typescript,2.9.2,2018-06-13,37696174,72,0,
typescript,3.0.1,2018-07-30,40324032,75,0,1
typescript,3.0.3,2018-08-29,40980141,75,0,
typescript,3.1.1,2018-09-27,42162331,75,0,
typescript,3.1.2,2018-10-09,41519923,75,0,1
typescript,3.1.3,2018-10-11,42170861,75,0,
typescript,3.1.4,2018-10-29,42181240,75,0,
typescript,3.1.5,2018-10-31,42181876,75,0,
typescript,3.1.6,2018-11-01,42180892,75,0,
typescript,3.2.1,2018-11-29,42534414,78,0,
typescript,3.2.2,2018-12-07,42533606,78,0,
typescript,3.2.4,2019-01-17,42538210,77,0,1
typescript,3.3.1,2019-01-31,42946337,77,0,
typescript,3.3.3,2019-02-07,42953237,78,0,
typescript,3.3.3333,2019-02-21,42998716,79,0,
typescript,3.3.4000,2019-03-19,42940006,77,0,
typescript,3.4.1,2019-03-29,43975731,83,0,
typescript,3.4.2,2019-04-05,43976513,83,0,1
typescript,3.4.3,2019-04-09,43976493,83,0,
typescript,3.4.4,2019-04-18,43980251,83,0,
typescript,3.4.5,2019-04-23,43982802,83,0,
typescript,3.5.1,2019-05-29,44445925,88,0,
typescript,3.5.2,2019-06-13,44453668,88,0,
typescript,3.5.3,2019-07-08,44457002,88,0,1
typescript,3.6.2,2019-08-28,45853960,90,0,
typescript,3.6.3,2019-09-10,45886389,90,0,
typescript,3.6.4,2019-10-09,45892504,90,0,1
typescript,3.7.2,2019-11-05,50526438,167,0,
typescript,3.7.3,2019-12-04,50543549,167,0,
typescript,3.7.4,2019-12-20,50544203,167,0,
typescript,3.7.5,2020-01-16,50553480,167,0,1
typescript,3.6.5,2020-01-23,45893110,90,0,
typescript,3.8.2,2020-02-20,52177069,169,0,
typescript,3.8.3,2020-02-28,52193654,169,0,
typescript,3.9.2,2020-05-12,54116598,171,0,1
typescript,3.9.3,2020-05-19,54122093,171,0,
typescript,3.9.4,2020-05-29,54121766,171,0,
typescript,3.9.5,2020-06-04,54121766,171,0,
typescript,3.9.6,2020-07-01,54137894,171,0,1
typescript,3.9.7,2020-07-16,54138720,171,0,
typescript,4.0.2,2020-08-20,56794984,167,0,
typescript,4.0.3,2020-09-18,56798637,167,0,
typescript,4.0.5,2020-10-26,56819680,167,0,1
typescript,4.1.2,2020-11-19,58099205,170,0,
typescript,4.1.3,2020-12-11,58100524,170,0,
typescript,3.1.7,2021-02-09,41517006,75,0,1
typescript,3.7.6,2021-02-09,50554032,167,0,
typescript,3.9.8,2021-02-09,54139272,171,0,
typescript,4.0.6,2021-02-09,56820232,167,0,
typescript,4.1.4,2021-02-09,58101076,170,0,
typescript,3.1.8,2021-02-10,41517189,75,0,
typescript,3.7.7,2021-02-10,50554214,167,0,
typescript,3.9.9,2021-02-10,54139406,171,0,
typescript,4.0.7,2021-02-10,56820366,167,0,
typescript,4.1.5,2021-02-10,58101210,170,0,
typescript,4.2.2,2021-02-23,59173331,170,0,
typescript,4.2.3,2021-03-04,59185869,170,0,
typescript,4.2.4,2021-04-07,59186523,170,0,1
typescript,4.3.2,2021-05-26,60718317,175,0,
typescript,3.9.10,2021-06-16,54144233,171,0,
typescript,4.0.8,2021-06-16,56825191,167,0,
typescript,4.1.6,2021-06-16,58106035,170,0,
typescript,4.3.3,2021-06-16,60728449,175,0,
typescript,4.3.4,2021-06-17,60731044,175,0,
typescript,4.3.5,2021-06-30,60731388,175,0,
typescript,4.4.2,2021-08-26,62736103,175,0,1
typescript,4.4.3,2021-09-10,62738063,175,0,
typescript,4.4.4,2021-10-12,62738207,175,0,1
typescript,4.5.2,2021-11-17,63993903,177,0,
typescript,4.5.3,2021-12-09,64005097,177,0,
typescript,4.5.4,2021-12-13,64008149,177,0,
typescript,4.5.5,2022-01-20,64013269,177,0,1
typescript,4.6.2,2022-02-28,64711972,183,0,
typescript,4.6.3,2022-03-24,64715549,183,0,
typescript,4.6.4,2022-04-28,64715745,183,0,1
typescript,4.7.2,2022-05-24,67113636,186,0,
typescript,4.7.3,2022-06-03,67150450,186,0,
typescript,4.7.4,2022-06-17,67155758,186,0,
typescript,4.8.2,2022-08-25,68746176,188,0,1
typescript,4.8.3,2022-09-08,68756315,188,0,
typescript,4.8.4,2022-09-27,68761436,188,0,
typescript,4.9.3,2022-11-15,66842561,108,0,1
typescript,4.9.4,2022-12-07,66846856,108,0,
typescript,4.9.5,2023-01-30,66849652,108,0,1
typescript,5.0.2,2023-03-16,39199670,107,0,
typescript,5.0.3,2023-03-30,39202362,107,0,
typescript,5.0.4,2023-04-07,39203145,107,0,1
typescript,5.1.3,2023-06-01,40094197,106,0,
typescript,5.1.5,2023-06-27,40095564,106,0,
typescript,5.1.6,2023-06-28,40095320,106,0,
typescript,5.2.2,2023-08-24,40607327,110,0,1
typescript,5.3.2,2023-11-20,32019541,110,0,1
typescript,5.3.3,2023-12-06,32019190,110,0,
typescript,5.4.2,2024-03-06,32358792,116,0,1
typescript,5.4.3,2024-03-20,32358516,116,0,
typescript,5.4.4,2024-04-04,32367184,116,0,1
typescript,5.4.5,2024-04-10,32367480,116,0,
typescript,5.5.2,2024-06-20,21861502,120,0,
typescript,5.5.3,2024-07-01,21861616,120,0,1
typescript,5.5.4,2024-07-22,21870234,120,0,
typescript,5.6.2,2024-09-09,22438432,121,0,
typescript,5.6.3,2024-10-08,22437312,121,0,1
typescript,5.7.2,2024-11-22,22739967,129,0,
typescript,5.7.3,2025-01-08,22742077,129,0,1
typescript,5.8.2,2025-02-28,22866019,130,0,
typescript,5.8.3,2025-04-05,22867703,130,0,1
typescript,5.9.2,2025-07-31,23622869,132,0,1
typescript,5.9.3,2025-09-30,23625066,132,0,
typescript,6.0.2,2026-03-23,24345915,140,0,1
typescript,6.0.3,2026-04-16,24346827,140,0,
typescript,7.0.2,2026-07-08,2497498,416,20,21
vite,0.1.0,2020-04-21,28075,31,10,57
vite,0.1.1,2020-04-21,28320,33,10,
vite,0.1.2,2020-04-21,30953,33,10,
vite,0.2.0,2020-04-21,53732,50,12,
vite,0.3.0,2020-04-22,27997,26,16,
vite,0.3.1,2020-04-22,28061,26,16,
vite,0.3.2,2020-04-22,28030,26,15,
vite,0.4.0,2020-04-23,42847,26,16,
vite,0.5.0,2020-04-24,56083,27,26,
vite,0.5.1,2020-04-24,56491,27,26,
vite,0.5.2,2020-04-26,58998,27,26,
vite,0.5.3,2020-04-26,59342,27,26,
vite,0.6.0,2020-04-27,62062,29,27,
vite,0.6.1,2020-04-28,66615,30,27,
vite,0.7.0,2020-04-29,76311,30,27,
vite,0.8.0,2020-04-30,81111,32,27,
vite,0.8.1,2020-04-30,81439,32,27,
vite,0.9.0,2020-05-03,94070,44,29,
vite,0.9.1,2020-05-03,94259,44,29,
vite,0.10.0,2020-05-04,99692,46,30,
vite,0.10.1,2020-05-04,102422,46,30,
vite,0.10.2,2020-05-04,106519,46,32,
vite,0.10.3,2020-05-05,116962,46,32,
vite,0.11.0,2020-05-06,125527,52,33,
vite,0.11.1,2020-05-06,127200,52,33,
vite,0.11.2,2020-05-07,139497,68,32,
vite,0.11.3,2020-05-07,140971,68,34,
vite,0.11.4,2020-05-07,147115,68,33,
vite,0.11.5,2020-05-07,148479,68,33,
vite,0.12.0,2020-05-07,149733,68,33,
vite,0.13.0,2020-05-08,157389,71,33,
vite,0.13.1,2020-05-09,159002,71,34,
vite,0.13.2,2020-05-09,160677,71,35,
vite,0.14.0,2020-05-10,182901,77,35,
vite,0.14.1,2020-05-11,183005,77,35,
vite,0.14.2,2020-05-11,183864,77,35,
vite,0.14.3,2020-05-12,194984,81,35,
vite,0.14.4,2020-05-13,202426,83,36,
vite,0.15.0,2020-05-14,212215,83,35,
vite,0.15.1,2020-05-14,212533,83,35,
vite,0.15.2,2020-05-14,213180,83,35,
vite,0.15.3,2020-05-14,214219,83,35,
vite,0.15.4,2020-05-19,220432,83,38,
vite,0.15.5,2020-05-19,222499,83,38,
vite,0.15.6,2020-05-19,227378,87,39,
vite,0.16.0,2020-05-19,229462,87,39,
vite,0.16.1,2020-05-20,230578,87,39,
vite,0.16.2,2020-05-20,233469,89,39,
vite,0.16.3,2020-05-20,235070,89,39,
vite,0.16.4,2020-05-20,241314,91,40,
vite,0.16.5,2020-05-21,242096,91,40,
vite,0.16.6,2020-05-21,242834,91,40,
vite,0.16.7,2020-05-22,247175,91,41,
vite,0.16.8,2020-05-23,247232,89,42,
vite,0.16.9,2020-05-23,247790,89,42,
vite,0.16.10,2020-05-24,248775,89,42,
vite,0.16.11,2020-05-25,251479,89,42,
vite,0.16.12,2020-05-25,252379,89,42,
vite,0.17.0,2020-05-26,260056,91,43,
vite,0.17.1,2020-05-27,263125,91,43,
vite,0.17.2,2020-05-28,263912,91,43,
vite,0.18.0,2020-05-28,265080,91,43,
vite,0.18.1,2020-05-29,268892,91,44,
vite,0.19.0,2020-05-30,272279,91,45,
vite,0.19.1,2020-05-31,274659,91,45,
vite,0.19.2,2020-05-31,275474,91,45,
vite,0.19.3,2020-05-31,276062,91,45,
vite,0.20.0,2020-06-02,288326,91,45,
vite,0.20.1,2020-06-02,288795,91,45,
vite,0.20.2,2020-06-02,289643,91,45,
vite,0.20.3,2020-06-04,300855,96,46,
vite,0.20.4,2020-06-05,302024,96,47,
vite,0.20.5,2020-06-05,303559,96,47,
vite,0.20.6,2020-06-08,305017,96,47,
vite,0.20.7,2020-06-08,305381,96,47,
vite,0.20.8,2020-06-11,306320,96,47,
vite,0.20.10,2020-06-19,310057,96,47,
vite,0.20.9,2020-06-19,310064,96,47,
vite,2.0.0,2021-02-16,5630302,26,4,15
vite,2.0.1,2021-02-17,5631885,26,4,
vite,2.0.2,2021-02-22,5637644,26,4,
vite,2.0.3,2021-02-24,5642766,26,4,
vite,2.0.4,2021-02-26,5657108,26,4,
vite,2.0.5,2021-03-02,5662855,26,4,
vite,2.1.0,2021-03-15,5705786,26,4,
vite,2.1.1,2021-03-16,5706853,26,4,
vite,2.1.2,2021-03-17,5707920,26,4,
vite,2.1.3,2021-03-25,5710576,26,4,
vite,2.1.4,2021-03-30,5735085,26,4,
vite,2.1.5,2021-03-31,5735875,26,4,
vite,2.2.0,2021-04-19,16454971,38,4,15
vite,2.2.1,2021-04-19,16455303,38,4,
vite,2.2.2,2021-04-24,16458708,38,4,
vite,2.2.3,2021-04-25,16461316,38,4,
vite,2.2.4,2021-05-03,16463572,38,4,
vite,2.3.0,2021-05-11,16488319,38,4,
vite,2.3.1,2021-05-12,16566702,38,4,
vite,2.3.2,2021-05-12,16569102,38,4,
vite,2.3.3,2021-05-17,16582320,38,4,
vite,2.3.4,2021-05-25,16591206,38,4,
vite,2.3.5,2021-06-01,16670136,38,4,
vite,2.3.6,2021-06-02,16670969,38,4,
vite,2.3.7,2021-06-08,17118946,145,4,
vite,2.3.8,2021-06-19,17505323,150,4,
vite,2.4.0,2021-07-05,17574709,150,4,15
vite,2.4.1,2021-07-06,17591612,150,4,
vite,2.4.2,2021-07-12,17895227,150,4,
vite,2.4.3,2021-07-20,17909579,151,4,
vite,2.4.4,2021-07-27,17922380,152,4,
vite,2.5.0,2021-08-16,16822822,150,4,
vite,2.5.1,2021-08-24,16775983,150,4,
vite,2.5.2,2021-08-31,18379059,150,4,
vite,2.5.3,2021-09-01,18379254,150,4,
vite,2.5.4,2021-09-07,18361926,150,4,
vite,2.5.5,2021-09-08,17425636,153,4,
vite,2.5.6,2021-09-08,17426875,153,4,
vite,2.5.7,2021-09-13,17058245,156,4,
vite,2.5.8,2021-09-17,17058748,156,4,
vite,2.5.10,2021-09-18,17435009,159,4,
vite,2.5.9,2021-09-18,17061510,156,4,
vite,2.6.0,2021-09-29,14181000,55,4,
vite,2.6.1,2021-09-29,14181284,55,4,
vite,2.6.2,2021-09-30,14181435,55,4,
vite,2.6.3,2021-10-05,13165627,55,4,32
vite,2.6.4,2021-10-07,13167500,55,4,
vite,2.6.5,2021-10-07,26724273,131,4,
vite,2.6.6,2021-10-11,16666299,127,4,
vite,2.6.7,2021-10-11,16666382,127,4,
vite,2.6.10,2021-10-18,13041895,46,5,
vite,2.6.8,2021-10-18,24712058,63,4,
vite,2.6.9,2021-10-18,13177903,55,4,
vite,2.6.11,2021-10-25,13215593,56,4,
vite,2.6.12,2021-10-26,13217887,56,4,
vite,2.6.13,2021-10-27,13218258,56,4,
vite,2.6.14,2021-11-09,13219394,56,4,
vite,2.7.0,2021-12-07,13361443,56,4,
vite,2.7.1,2021-12-07,13361993,56,4,
vite,2.7.2,2021-12-13,12970793,121,4,
vite,2.7.3,2021-12-16,12975034,121,4,
vite,2.7.4,2021-12-20,12980060,121,4,
vite,2.7.5,2021-12-21,12982107,121,4,
vite,2.7.6,2021-12-22,12982465,121,4,
vite,2.7.7,2021-12-26,12983792,121,4,
vite,2.7.8,2021-12-28,12131310,121,4,
vite,2.7.9,2021-12-28,12131263,121,4,
vite,2.7.10,2021-12-30,12132592,121,4,
vite,2.7.11,2022-01-13,11938969,106,5,32
vite,2.7.12,2022-01-13,11939664,106,5,
vite,2.7.13,2022-01-18,12135574,121,4,
vite,2.8.0,2022-02-09,4845982,48,4,
vite,2.8.1,2022-02-11,4852725,48,4,
vite,2.8.2,2022-02-14,4642216,38,5,
vite,2.8.3,2022-02-15,4641915,38,5,
vite,2.8.4,2022-02-18,4642185,38,5,
vite,2.8.5,2022-02-28,4643790,38,5,
vite,2.8.6,2022-03-01,4643792,38,5,
vite,2.9.0,2022-03-30,4532721,39,5,
vite,2.9.1,2022-03-31,4532839,39,5,
vite,2.9.2,2022-04-13,4539082,39,5,36
vite,2.9.3,2022-04-13,4538801,39,5,
vite,2.9.4,2022-04-13,4538815,39,5,
vite,2.9.5,2022-04-14,4538604,39,5,
vite,2.9.6,2022-04-26,4543376,39,5,
vite,2.9.7,2022-05-02,4584591,39,5,
vite,2.9.8,2022-05-04,4587616,39,5,
vite,2.9.9,2022-05-11,4587077,39,5,
vite,2.9.10,2022-06-06,4588244,39,5,
vite,2.9.11,2022-06-10,4590924,39,5,
vite,2.9.12,2022-06-10,4591411,39,5,
vite,2.9.13,2022-06-27,4591841,39,5,
vite,2.9.14,2022-07-08,4593366,39,5,36
vite,3.0.0,2022-07-13,3204119,41,5,
vite,3.0.1,2022-07-18,3208113,41,5,
vite,3.0.2,2022-07-18,3209310,41,5,
vite,3.0.3,2022-07-25,3212497,41,5,
vite,3.0.4,2022-07-29,3213390,41,5,
vite,3.0.5,2022-08-09,3225048,41,5,
vite,3.0.6,2022-08-11,3228659,41,5,
vite,2.9.15,2022-08-12,4594005,39,5,
vite,3.0.7,2022-08-12,3228677,41,5,
vite,3.0.8,2022-08-16,3229203,41,5,
vite,3.0.9,2022-08-19,3232705,41,5,
vite,3.1.0,2022-09-05,3307998,41,5,
vite,3.1.1,2022-09-15,3277880,41,5,
vite,3.1.2,2022-09-17,3277972,41,5,
vite,3.1.3,2022-09-19,3278566,41,5,
vite,3.1.4,2022-09-28,3278592,41,5,
vite,3.1.5,2022-10-06,3278819,41,5,37
vite,3.1.6,2022-10-06,3278802,41,5,
vite,3.1.7,2022-10-10,3279232,41,5,
vite,3.1.8,2022-10-13,3279400,41,5,
vite,3.2.0,2022-10-26,3291642,40,5,
vite,3.2.1,2022-10-28,3243388,40,5,
vite,3.2.2,2022-10-31,3219626,36,5,
vite,3.2.3,2022-11-07,3188942,36,5,
vite,3.2.4,2022-11-15,3189420,36,5,
vite,3.2.5,2022-12-05,3202201,36,5,
vite,4.0.0,2022-12-09,3194999,27,5,
vite,4.0.1,2022-12-12,3196356,27,5,
vite,4.0.2,2022-12-18,3198066,27,5,
vite,4.0.3,2022-12-21,3174415,27,5,
vite,4.0.4,2023-01-03,3175875,27,5,37
vite,4.1.0,2023-02-02,3186908,29,5,
vite,4.1.1,2023-02-02,3186970,29,5,
vite,4.1.2,2023-02-17,3187140,29,5,
vite,4.1.3,2023-02-20,3188618,29,5,
vite,4.1.4,2023-02-21,3189186,29,5,
vite,4.2.0,2023-03-16,3231936,28,5,
vite,4.2.1,2023-03-20,3232575,28,5,
vite,3.2.6,2023-04-18,3202280,36,5,37
vite,4.2.2,2023-04-18,3232654,28,5,
vite,4.3.0,2023-04-20,3258725,28,4,
vite,4.3.1,2023-04-20,3258563,28,4,
vite,4.3.2,2023-04-25,3250460,28,4,
vite,4.3.3,2023-04-26,3249207,28,4,
vite,4.3.4,2023-05-02,3249329,28,4,
vite,4.3.5,2023-05-05,3250067,28,4,
vite,4.3.6,2023-05-15,3252705,28,4,
vite,4.3.7,2023-05-16,3253294,28,4,
vite,4.3.8,2023-05-18,3253460,28,4,
vite,2.9.16,2023-05-26,4594047,39,5,
vite,3.2.7,2023-05-26,3202322,36,5,
vite,4.0.5,2023-05-26,3175917,27,5,
vite,4.1.5,2023-05-26,3189224,29,5,
vite,4.2.3,2023-05-26,3232696,28,5,
vite,4.3.9,2023-05-26,3253717,28,4,
vite,4.4.0,2023-07-06,3322676,28,4,30
vite,4.4.1,2023-07-06,3322757,28,4,
vite,4.4.2,2023-07-07,3323300,28,4,
vite,4.4.3,2023-07-11,3324056,28,4,
vite,4.4.4,2023-07-14,3326149,28,4,
vite,4.4.5,2023-07-20,3328746,28,4,
vite,4.4.6,2023-07-21,3330332,28,4,
vite,4.4.7,2023-07-24,3331258,28,4,
vite,4.4.8,2023-08-01,3333060,28,4,
vite,4.4.9,2023-08-07,3334669,28,4,
vite,4.4.10,2023-10-03,3339982,28,4,30
vite,4.4.11,2023-10-05,3339361,28,4,
vite,4.5.0,2023-10-18,3340779,28,4,
vite,5.0.0,2023-11-16,3383328,30,4,
vite,5.0.1,2023-11-21,3384695,30,4,
vite,5.0.2,2023-11-21,3384671,30,4,
vite,5.0.3,2023-11-28,3443942,30,4,
vite,5.0.4,2023-11-29,3443124,30,4,
vite,4.4.12,2023-12-04,3339541,28,4,
vite,4.5.1,2023-12-04,3340959,28,4,
vite,5.0.5,2023-12-04,3453004,30,4,
vite,5.0.6,2023-12-06,3454610,30,4,
vite,5.0.7,2023-12-08,3456625,30,4,
vite,5.0.8,2023-12-12,3471808,30,4,
vite,5.0.9,2023-12-14,3473811,30,4,
vite,5.0.10,2023-12-15,3473932,30,4,
vite,5.0.11,2024-01-05,3486942,30,4,57
vite,2.9.17,2024-01-19,4594061,39,5,
vite,3.2.8,2024-01-19,3202368,36,5,
vite,4.5.2,2024-01-19,3341006,28,4,
vite,5.0.12,2024-01-19,3487008,30,4,
vite,5.1.0,2024-02-08,3549314,33,4,
vite,5.1.1,2024-02-09,3549682,33,4,
vite,5.1.2,2024-02-14,3549872,33,4,
vite,5.1.3,2024-02-15,3550619,33,4,
vite,5.1.4,2024-02-21,3552995,33,4,
vite,5.1.5,2024-03-04,3538059,33,4,
vite,5.1.6,2024-03-11,3541602,33,4,
vite,5.2.0,2024-03-20,3553855,33,4,
vite,5.2.1,2024-03-20,3554316,33,4,
vite,5.2.2,2024-03-20,3554328,33,4,
vite,5.2.3,2024-03-22,3555200,33,4,
vite,5.2.4,2024-03-23,3555166,33,4,
vite,2.9.18,2024-03-24,4594176,39,5,
vite,3.2.10,2024-03-24,3202613,36,5,
vite,4.5.3,2024-03-24,3341288,28,4,
vite,5.0.13,2024-03-24,3487290,30,4,
vite,5.1.7,2024-03-24,3541884,33,4,
vite,5.2.5,2024-03-24,3555489,33,4,
vite,5.2.6,2024-03-24,3555771,33,4,
vite,5.2.7,2024-03-29,3557742,33,4,
vite,5.2.8,2024-04-03,3564048,33,4,57
vite,5.2.9,2024-04-16,3564604,33,4,
vite,5.2.10,2024-04-20,3566292,33,4,
vite,5.2.11,2024-05-02,3567137,33,4,
vite,5.2.12,2024-05-28,3598145,33,4,
vite,5.2.13,2024-06-07,3601016,33,3,
vite,5.3.0,2024-06-13,3261443,31,3,
vite,5.3.1,2024-06-14,3261468,31,3,
vite,5.3.2,2024-06-27,3261976,31,3,
vite,5.3.3,2024-07-03,3262379,31,3,57
vite,5.3.4,2024-07-16,3262731,31,3,
vite,5.3.5,2024-07-25,3249659,31,3,
vite,5.4.0,2024-08-07,3258445,31,3,
vite,5.4.1,2024-08-15,3258032,31,3,
vite,5.4.2,2024-08-20,3257811,31,3,
vite,5.4.3,2024-09-03,3259456,31,3,
vite,5.4.4,2024-09-11,3259963,31,3,
vite,5.4.5,2024-09-13,3260037,31,3,
vite,4.5.5,2024-09-16,3341507,28,4,
vite,5.2.14,2024-09-16,3601235,33,3,
vite,5.3.6,2024-09-16,3249842,31,3,
vite,5.4.6,2024-09-16,3260220,31,3,
vite,3.2.11,2024-09-17,3202955,36,5,
vite,5.1.8,2024-09-19,3542103,33,3,
vite,5.4.7,2024-09-20,3260265,31,3,
vite,5.4.8,2024-09-25,3260397,31,3,
vite,5.4.9,2024-10-14,3262300,31,3,57
vite,5.4.10,2024-10-23,3262764,31,3,
vite,5.4.11,2024-11-11,3267370,31,3,
vite,6.0.0,2024-11-26,2804531,34,3,
vite,6.0.1,2024-11-27,2805106,34,3,
vite,6.0.2,2024-12-02,2805710,34,3,
vite,6.0.3,2024-12-05,2806002,34,3,
vite,6.0.4,2024-12-19,2816334,34,3,
vite,6.0.5,2024-12-20,2816333,34,3,
vite,6.0.6,2024-12-26,2816244,34,3,
vite,6.0.7,2025-01-02,2818130,34,3,59
vite,4.5.6,2025-01-20,3352190,28,4,
vite,4.5.7,2025-01-20,3352189,28,4,
vite,4.5.8,2025-01-20,3352394,28,4,
vite,5.4.12,2025-01-20,3274816,31,3,
vite,5.4.13,2025-01-20,3274850,31,3,
vite,6.0.10,2025-01-20,2827306,34,3,
vite,6.0.8,2025-01-20,2820057,34,3,
vite,6.0.9,2025-01-20,2827271,34,3,
vite,4.5.9,2025-01-21,3353185,28,4,
vite,5.4.14,2025-01-21,3275411,31,3,
vite,6.0.11,2025-01-21,2827803,34,3,
vite,6.1.0,2025-02-05,2845750,35,3,
vite,6.1.1,2025-02-19,2874711,35,3,
vite,6.2.0,2025-02-25,2850563,35,3,
vite,6.2.1,2025-03-07,2850948,35,3,
vite,6.2.2,2025-03-14,2851923,35,3,
vite,4.5.10,2025-03-24,3353434,28,4,
vite,5.4.15,2025-03-24,3275701,31,3,
vite,6.0.12,2025-03-24,2828093,34,3,
vite,6.1.2,2025-03-24,2875001,35,3,
vite,6.2.3,2025-03-24,2852213,35,3,
vite,4.5.11,2025-03-31,3353697,28,4,
vite,5.4.16,2025-03-31,3275868,31,3,
vite,6.0.13,2025-03-31,2828260,34,3,
vite,6.1.3,2025-03-31,2875168,35,3,
vite,6.2.4,2025-03-31,2852380,35,3,
vite,4.5.12,2025-04-03,3354352,28,4,30
vite,5.4.17,2025-04-03,3276356,31,3,
vite,6.0.14,2025-04-03,2828786,34,3,
vite,6.1.4,2025-04-03,2875694,35,3,
vite,6.2.5,2025-04-03,2852906,35,3,
vite,4.5.13,2025-04-10,3355365,28,4,
vite,5.4.18,2025-04-10,3276648,31,3,
vite,6.0.15,2025-04-10,2829078,34,3,
vite,6.1.5,2025-04-10,2875986,35,3,
vite,6.2.6,2025-04-10,2853198,35,3,
vite,6.3.0,2025-04-16,2649331,35,6,
vite,6.3.1,2025-04-17,2649883,35,6,
vite,6.3.2,2025-04-18,2649534,35,6,
vite,6.3.3,2025-04-24,2650179,35,6,
vite,4.5.14,2025-04-30,3357865,28,4,
vite,5.4.19,2025-04-30,3278469,31,3,
vite,6.1.6,2025-04-30,2877065,35,3,
vite,6.2.7,2025-04-30,2854442,35,3,
vite,6.3.4,2025-04-30,2651190,35,6,
vite,6.3.5,2025-05-05,2651207,35,6,
vite,7.0.0,2025-06-24,2267804,39,6,
vite,7.0.1,2025-07-03,2266037,39,6,63
vite,7.0.2,2025-07-04,2266194,39,6,
vite,7.0.3,2025-07-08,2266664,39,6,
vite,7.0.4,2025-07-10,2266675,39,6,
vite,7.0.5,2025-07-17,2265624,39,6,
vite,7.0.6,2025-07-24,2266678,39,6,
vite,7.1.0,2025-08-07,2278144,39,6,
vite,7.1.1,2025-08-08,2278237,39,6,
vite,7.1.2,2025-08-12,2261937,39,6,
vite,7.1.3,2025-08-19,2262818,41,6,
vite,7.1.4,2025-09-01,2267035,39,6,
vite,5.4.20,2025-09-08,3279033,31,3,
vite,6.3.6,2025-09-08,2651800,35,6,
vite,7.0.7,2025-09-08,2267131,39,6,
vite,7.1.5,2025-09-08,2267678,39,6,
vite,7.1.6,2025-09-18,2248799,39,6,
vite,7.1.7,2025-09-22,2249066,39,6,
vite,7.1.8,2025-10-02,2250937,39,6,63
vite,7.1.9,2025-10-03,2250796,39,6,
vite,6.3.7,2025-10-14,2651803,35,6,
vite,7.1.10,2025-10-14,2247448,39,6,
vite,6.4.0,2025-10-15,2652432,35,6,
vite,5.4.21,2025-10-20,3279269,31,3,
vite,6.4.1,2025-10-20,2652668,35,6,
vite,7.0.8,2025-10-20,2267248,39,6,
vite,7.1.11,2025-10-20,2248034,39,6,
vite,7.1.12,2025-10-23,2247257,39,6,
vite,7.2.0,2025-11-05,2268012,39,6,
vite,7.2.1,2025-11-06,2267955,39,6,
vite,7.2.2,2025-11-07,2268260,39,6,
vite,7.2.3,2025-11-20,2255356,39,6,
vite,7.2.4,2025-11-20,2268549,39,6,
vite,7.2.6,2025-12-01,2233752,39,6,
vite,7.2.7,2025-12-08,2234093,39,6,
vite,7.3.0,2025-12-15,2234093,39,6,
vite,7.3.1,2026-01-07,2234607,39,6,63
vite,8.0.0,2026-03-12,2178717,42,6,
vite,8.0.1,2026-03-19,2178933,42,5,
vite,8.0.2,2026-03-23,2179270,42,5,
vite,8.0.3,2026-03-26,2180220,42,5,
vite,6.4.2,2026-04-06,2654115,35,6,63
vite,7.3.2,2026-04-06,2235281,39,6,
vite,8.0.4,2026-04-06,2182255,42,5,
vite,8.0.5,2026-04-06,2184724,42,5,
vite,8.0.6,2026-04-07,2185159,42,5,
vite,8.0.7,2026-04-07,2185173,42,5,
vite,8.0.8,2026-04-09,2185148,42,5,
vite,8.0.9,2026-04-20,2194199,37,5,
vite,8.0.10,2026-04-23,2194714,37,5,
vite,7.3.3,2026-05-07,2235903,39,6,
vite,8.0.11,2026-05-07,2195177,37,5,
vite,8.0.12,2026-05-11,2195567,37,5,
vite,8.0.13,2026-05-14,2199246,36,5,
vite,8.0.14,2026-05-21,2200805,36,5,
vite,6.4.3,2026-06-01,2657552,35,6,
vite,7.3.5,2026-06-01,2238320,39,6,
vite,8.0.15,2026-06-01,2204397,36,5,
vite,8.0.16,2026-06-01,2205485,36,5,
vite,8.1.0,2026-06-23,2239360,36,5,
vite,7.3.6,2026-06-25,2238331,39,6,
vite,8.1.1,2026-06-30,2242360,36,5,
vite,8.1.2,2026-06-30,2240577,36,5,
vite,8.1.3,2026-07-02,2243951,36,5,46
vite,8.1.4,2026-07-09,2245083,35,5,
vite,8.1.5,2026-07-16,2247430,35,5,46
vitest,0.0.0,2021-12-03,87,1,0,1
vitest,0.0.1,2021-12-03,28732,36,8,
vitest,0.0.2,2021-12-03,28777,36,8,
vitest,0.0.3,2021-12-03,28960,36,8,
vitest,0.0.4,2021-12-03,30098,40,9,
vitest,0.0.6,2021-12-03,30335,40,10,
vitest,0.0.7,2021-12-03,32631,40,10,
vitest,0.0.10,2021-12-04,40558,46,14,
vitest,0.0.11,2021-12-04,41662,46,14,
vitest,0.0.12,2021-12-04,43083,46,14,
vitest,0.0.8,2021-12-04,39320,42,10,
vitest,0.0.9,2021-12-04,40159,42,12,
vitest,0.0.13,2021-12-05,51829,47,13,
vitest,0.0.14,2021-12-05,52503,47,13,
vitest,0.0.15,2021-12-05,54274,57,14,
vitest,0.0.16,2021-12-05,55291,58,15,
vitest,0.0.17,2021-12-05,53597,56,15,
vitest,0.0.18,2021-12-05,54102,55,15,
vitest,0.0.19,2021-12-05,55718,55,15,
vitest,0.0.20,2021-12-05,59709,57,15,
vitest,0.0.21,2021-12-05,60344,57,15,
vitest,0.0.22,2021-12-05,63988,57,15,
vitest,0.0.23,2021-12-05,64455,57,14,
vitest,0.0.24,2021-12-06,65896,57,14,
vitest,0.0.25,2021-12-06,67227,57,14,
vitest,0.0.26,2021-12-06,67154,57,14,
vitest,0.0.27,2021-12-06,67154,57,14,
vitest,0.0.28,2021-12-06,68212,57,15,
vitest,0.0.29,2021-12-07,71089,57,15,
vitest,0.0.30,2021-12-07,78568,59,18,
vitest,0.0.31,2021-12-07,79109,59,18,
vitest,0.0.32,2021-12-07,79918,59,19,
vitest,0.0.33,2021-12-07,80172,59,19,
vitest,0.0.34,2021-12-08,85980,59,19,
vitest,0.0.35,2021-12-08,87452,61,20,
vitest,0.0.36,2021-12-08,54374,21,20,
vitest,0.0.37,2021-12-08,54493,21,20,
vitest,0.0.38,2021-12-08,54511,21,20,
vitest,0.0.39,2021-12-08,56725,22,20,
vitest,0.0.40,2021-12-09,58523,22,20,
vitest,0.0.41,2021-12-09,58579,22,20,
vitest,0.0.42,2021-12-09,70814,22,21,
vitest,0.0.43,2021-12-09,70890,22,21,
vitest,0.0.44,2021-12-09,70938,22,22,
vitest,0.0.45,2021-12-09,71477,22,22,
vitest,0.0.46,2021-12-09,71608,22,21,
vitest,0.0.47,2021-12-09,160751,22,19,
vitest,0.0.48,2021-12-09,167240,22,18,
vitest,0.0.49,2021-12-10,74201,22,27,
vitest,0.0.50,2021-12-10,74201,22,27,
vitest,0.0.51,2021-12-10,74818,22,27,
vitest,0.0.52,2021-12-10,78389,25,29,
vitest,0.0.53,2021-12-10,80324,25,29,
vitest,0.0.54,2021-12-10,79793,25,29,
vitest,0.0.55,2021-12-10,82352,25,29,
vitest,0.0.56,2021-12-10,82478,25,29,
vitest,0.0.57,2021-12-10,82462,25,29,
vitest,0.0.58,2021-12-11,84125,25,29,
vitest,0.0.59,2021-12-11,84179,25,29,
vitest,0.0.60,2021-12-11,84390,25,29,
vitest,0.0.61,2021-12-11,86790,25,29,
vitest,0.0.62,2021-12-11,95244,21,27,
vitest,0.0.63,2021-12-12,96083,22,21,
vitest,0.0.64,2021-12-12,96141,22,21,
vitest,0.0.65,2021-12-12,229412,23,13,
vitest,0.0.66,2021-12-12,248325,24,12,
vitest,0.0.67,2021-12-12,248455,24,12,
vitest,0.0.68,2021-12-12,248405,24,12,
vitest,0.0.69,2021-12-12,266999,18,10,
vitest,0.0.70,2021-12-12,267080,18,13,
vitest,0.0.71,2021-12-12,284996,19,13,
vitest,0.0.72,2021-12-12,285506,19,13,
vitest,0.0.73,2021-12-12,281779,19,13,
vitest,0.0.74,2021-12-12,283144,19,13,
vitest,0.0.75,2021-12-12,284869,19,13,
vitest,0.0.76,2021-12-13,285369,19,13,
vitest,0.0.77,2021-12-13,281956,18,14,
vitest,0.0.78,2021-12-13,281958,18,14,
vitest,0.0.79,2021-12-13,283397,19,14,
vitest,0.0.80,2021-12-13,283091,19,11,
vitest,0.0.81,2021-12-14,283084,19,11,
vitest,0.0.82,2021-12-14,283081,21,11,
vitest,0.0.83,2021-12-15,284996,21,11,
vitest,0.0.84,2021-12-15,285017,21,11,
vitest,0.0.85,2021-12-15,285068,21,11,
vitest,0.0.87,2021-12-15,504306,21,11,
vitest,0.0.88,2021-12-15,504493,21,11,
vitest,0.0.89,2021-12-15,510704,22,11,
vitest,0.0.90,2021-12-15,513208,22,11,
vitest,0.0.91,2021-12-16,521158,22,11,
vitest,0.0.92,2021-12-16,838121,25,9,
vitest,0.0.93,2021-12-16,843719,25,9,
vitest,0.0.94,2021-12-16,844604,25,9,
vitest,0.0.95,2021-12-18,868662,25,9,
vitest,0.0.96,2021-12-18,868664,25,9,
vitest,0.0.97,2021-12-18,870024,25,9,
vitest,0.0.98,2021-12-19,875490,26,9,
vitest,0.0.100,2021-12-20,1508919,26,5,
vitest,0.0.101,2021-12-20,1156311,26,6,
vitest,0.0.102,2021-12-20,1164102,28,6,
vitest,0.0.99,2021-12-20,1509410,26,5,
vitest,0.0.103,2021-12-21,1164634,28,6,
vitest,0.0.104,2021-12-21,1205238,28,6,
vitest,0.0.105,2021-12-21,1210919,27,6,
vitest,0.0.106,2021-12-21,1210591,27,6,
vitest,0.0.107,2021-12-21,1210632,27,6,
vitest,0.0.108,2021-12-22,1211041,28,6,
vitest,0.0.109,2021-12-23,1211163,28,6,
vitest,0.0.110,2021-12-24,1219268,28,6,
vitest,0.0.111,2021-12-24,1228147,28,6,
vitest,0.0.112,2021-12-24,1228104,28,6,
vitest,0.0.113,2021-12-24,1239513,30,6,
vitest,0.0.114,2021-12-26,1243383,30,6,
vitest,0.0.115,2021-12-26,1274131,31,6,
vitest,0.0.116,2021-12-27,1385386,31,6,
vitest,0.0.117,2021-12-27,1385947,31,6,
vitest,0.0.118,2021-12-27,1387031,31,6,
vitest,0.0.119,2021-12-29,1389216,31,6,
vitest,0.0.120,2021-12-29,1389193,31,6,
vitest,0.0.121,2021-12-29,1393946,31,6,
vitest,0.0.122,2021-12-29,1395144,31,6,
vitest,0.0.123,2021-12-30,1398383,31,7,
vitest,0.0.124,2021-12-30,1398327,31,7,
vitest,0.0.125,2021-12-31,1400964,31,7,
vitest,0.0.126,2022-01-02,1401738,31,7,60
vitest,0.0.127,2022-01-02,1402587,31,7,
vitest,0.0.128,2022-01-03,1402557,31,7,
vitest,0.0.129,2022-01-03,1406190,31,7,
vitest,0.0.130,2022-01-03,1409553,31,7,
vitest,0.0.131,2022-01-03,5170472,31,7,
vitest,0.0.132,2022-01-04,5186605,31,7,
vitest,0.0.133,2022-01-05,5197484,31,7,
vitest,0.0.134,2022-01-05,5200197,31,7,
vitest,0.0.135,2022-01-06,5215579,31,7,
vitest,0.0.136,2022-01-06,5223057,31,7,
vitest,0.0.137,2022-01-07,5225037,30,7,
vitest,0.0.138,2022-01-07,5225436,30,7,
vitest,0.0.139,2022-01-07,5235697,30,7,
vitest,0.0.140,2022-01-10,5268500,31,7,
vitest,0.0.141,2022-01-11,5272138,31,7,
vitest,0.0.142,2022-01-12,5284845,31,7,
vitest,0.1.0,2022-01-13,5284837,31,7,
vitest,0.1.12,2022-01-13,5285274,31,7,
vitest,0.1.13,2022-01-14,5304275,31,7,
vitest,0.1.14,2022-01-14,5305971,31,7,
vitest,0.1.15,2022-01-14,5304342,31,7,
vitest,0.1.16,2022-01-15,5306411,31,7,
vitest,0.1.17,2022-01-16,5311282,31,7,
vitest,0.1.18,2022-01-17,5320274,31,7,
vitest,0.1.19,2022-01-17,5328300,31,7,
vitest,0.1.20,2022-01-18,5333252,31,7,
vitest,0.1.21,2022-01-18,5340668,32,7,
vitest,0.1.23,2022-01-19,5350996,32,7,
vitest,0.1.24,2022-01-19,5347738,32,7,
vitest,0.1.25,2022-01-20,5348038,32,7,
vitest,0.1.26,2022-01-21,5348682,32,7,
vitest,0.1.27,2022-01-21,5350092,32,7,
vitest,0.2.0,2022-01-23,5484613,31,7,
vitest,0.2.1,2022-01-24,5484459,31,7,
vitest,0.2.2,2022-01-25,5484033,31,7,
vitest,0.2.3,2022-01-25,5483417,31,7,
vitest,0.2.4,2022-01-27,5506304,31,7,
vitest,0.2.5,2022-01-27,5507392,31,7,
vitest,0.2.6,2022-02-03,5629003,32,7,
vitest,0.2.7,2022-02-04,5629589,32,7,
vitest,0.2.8,2022-02-08,5635145,32,7,
vitest,0.3.0,2022-02-09,5636750,31,7,
vitest,0.3.1,2022-02-10,5643257,31,7,
vitest,0.3.2,2022-02-10,5643740,31,7,
vitest,0.3.3,2022-02-12,5644043,33,7,
vitest,0.3.4,2022-02-12,5644352,33,7,
vitest,0.3.5,2022-02-14,5659128,33,7,
vitest,0.3.6,2022-02-16,5680616,33,7,
vitest,0.4.0,2022-02-18,5689544,33,7,
vitest,0.4.1,2022-02-18,5720222,33,7,
vitest,0.4.2,2022-02-19,5719803,33,7,
vitest,0.4.3,2022-02-21,5720450,33,7,
vitest,0.5.0,2022-02-21,5756675,36,7,
vitest,0.5.1,2022-02-22,5756391,36,7,
vitest,0.5.2,2022-02-22,5764160,35,7,
vitest,0.5.3,2022-02-22,5756917,35,7,
vitest,0.5.4,2022-02-23,5762237,35,7,
vitest,0.5.5,2022-02-24,5764941,35,7,
vitest,0.5.6,2022-02-26,5765869,35,7,
vitest,0.5.7,2022-02-26,5766213,35,7,
vitest,0.5.8,2022-02-27,5766322,35,7,
vitest,0.5.9,2022-03-01,5740419,35,7,
vitest,0.6.0,2022-03-07,11976174,34,7,
vitest,0.6.1,2022-03-13,11980335,34,7,
vitest,0.6.3,2022-03-16,11990057,34,7,
vitest,0.7.0,2022-03-17,12006160,36,7,
vitest,0.7.1,2022-03-17,11990797,36,7,
vitest,0.7.2,2022-03-17,11994435,36,7,
vitest,0.7.3,2022-03-17,11994445,36,7,
vitest,0.7.4,2022-03-17,11995612,36,7,
vitest,0.7.5,2022-03-19,11997890,36,7,
vitest,0.7.6,2022-03-19,11997890,36,7,
vitest,0.7.7,2022-03-21,12006583,36,7,
vitest,0.7.10,2022-03-23,11984150,36,7,
vitest,0.7.8,2022-03-23,11982864,36,7,
vitest,0.7.9,2022-03-23,11984146,36,7,
vitest,0.7.11,2022-03-25,11987474,36,7,
vitest,0.7.12,2022-03-27,11989237,36,7,
vitest,0.7.13,2022-03-29,12670176,36,7,
vitest,0.8.0,2022-03-29,12690772,36,7,
vitest,0.8.1,2022-03-30,12690772,36,7,
vitest,0.8.2,2022-04-01,12691590,36,7,50
vitest,0.8.3,2022-04-02,1666552,36,7,
vitest,0.8.4,2022-04-03,1669946,36,7,
vitest,0.8.5,2022-04-06,1676138,36,7,
vitest,0.9.0,2022-04-06,1677711,35,7,
vitest,0.9.1,2022-04-07,1678512,35,7,
vitest,0.9.2,2022-04-07,1678512,35,7,
vitest,0.9.3,2022-04-10,1678716,35,7,
vitest,0.9.4,2022-04-21,1607067,35,7,
vitest,0.10.0,2022-04-25,1647989,37,7,
vitest,0.10.1,2022-05-02,1655249,37,7,
vitest,0.10.2,2022-05-03,1656593,37,7,
vitest,0.10.3,2022-05-05,1657740,37,7,
vitest,0.10.4,2022-05-05,1657771,37,7,
vitest,0.10.5,2022-05-06,1657881,37,7,
vitest,0.11.0,2022-05-07,1660810,37,7,
vitest,0.12.0,2022-05-08,1661604,37,7,
vitest,0.12.1,2022-05-09,1671288,37,7,
vitest,0.12.2,2022-05-09,1671540,37,7,
vitest,0.12.3,2022-05-10,1671496,37,7,
vitest,0.12.4,2022-05-10,1672427,37,7,
vitest,0.12.5,2022-05-13,1700070,36,7,
vitest,0.12.6,2022-05-13,1701895,36,7,
vitest,0.12.7,2022-05-20,1682364,37,8,
vitest,0.12.8,2022-05-21,1682569,37,8,
vitest,0.12.9,2022-05-21,1683203,37,8,
vitest,0.12.10,2022-05-29,1690282,37,8,
vitest,0.13.0,2022-05-29,1690321,37,8,
vitest,0.13.1,2022-06-01,1690291,37,8,
vitest,0.14.0,2022-06-05,1692522,37,8,
vitest,0.14.1,2022-06-06,1692524,37,8,
vitest,0.14.2,2022-06-10,1695272,37,8,
vitest,0.15.0,2022-06-14,1701191,37,9,
vitest,0.15.1,2022-06-15,1701201,37,9,
vitest,0.15.2,2022-06-21,1701421,37,9,
vitest,0.16.0,2022-06-24,1701948,37,9,
vitest,0.17.0,2022-07-03,1697807,37,9,55
vitest,0.17.1,2022-07-07,1702875,37,9,
vitest,0.18.0,2022-07-09,1707754,37,9,
vitest,0.18.1,2022-07-16,1503481,35,9,
vitest,0.19.0,2022-07-24,1574718,42,9,
vitest,0.19.1,2022-07-25,1575587,42,9,
vitest,0.20.0,2022-07-31,1587809,47,9,
vitest,0.20.1,2022-07-31,1588374,48,9,
vitest,0.20.2,2022-07-31,1589113,48,9,
vitest,0.20.3,2022-08-02,1592016,48,9,
vitest,0.21.0,2022-08-05,1484656,51,9,
vitest,0.21.1,2022-08-09,1694706,51,9,
vitest,0.22.0,2022-08-15,1709463,54,9,
vitest,0.22.1,2022-08-18,1711555,53,9,
vitest,0.23.0,2022-09-04,1742163,56,11,
vitest,0.23.1,2022-09-05,1742556,56,11,
vitest,0.23.2,2022-09-10,1744532,56,11,
vitest,0.23.4,2022-09-18,1748479,56,11,
vitest,0.24.0,2022-10-07,1751905,57,11,58
vitest,0.24.1,2022-10-10,1752654,58,11,
vitest,0.24.2,2022-10-14,1752647,57,11,
vitest,0.24.3,2022-10-14,1752647,57,11,
vitest,0.24.4,2022-10-31,1754464,57,11,
vitest,0.24.5,2022-11-01,1754448,58,11,
vitest,0.25.0,2022-11-07,1531097,57,14,
vitest,0.25.1,2022-11-08,1532782,57,14,
vitest,0.25.2,2022-11-14,1532772,57,14,
vitest,0.25.3,2022-11-22,1537326,57,14,
vitest,0.25.4,2022-12-05,1541775,58,14,
vitest,0.25.5,2022-12-06,1542765,58,14,
vitest,0.25.6,2022-12-08,1542660,58,14,
vitest,0.25.7,2022-12-10,1542936,58,14,
vitest,0.25.8,2022-12-13,1543586,58,14,
vitest,0.26.0,2022-12-19,1449928,57,15,
vitest,0.26.1,2022-12-20,1453835,59,15,
vitest,0.26.2,2022-12-21,1455017,59,15,
vitest,0.26.3,2023-01-01,1455077,59,15,63
vitest,0.27.0,2023-01-09,1433882,60,17,
vitest,0.27.1,2023-01-11,1443271,60,18,
vitest,0.27.2,2023-01-17,1446539,60,18,
vitest,0.27.3,2023-01-21,1451232,61,19,
vitest,0.28.0,2023-01-23,1325347,64,25,
vitest,0.28.1,2023-01-23,1325319,64,24,
vitest,0.28.2,2023-01-25,1325299,64,24,
vitest,0.28.3,2023-01-27,1326468,64,24,
vitest,0.28.4,2023-02-03,1326516,64,24,
vitest,0.28.5,2023-02-13,1325549,63,24,
vitest,0.29.0,2023-02-25,1347699,67,24,
vitest,0.29.1,2023-02-25,1347699,67,24,
vitest,0.29.2,2023-02-28,1348489,67,24,
vitest,0.29.3,2023-03-15,1352124,68,24,
vitest,0.29.4,2023-03-20,1502266,68,24,
vitest,0.29.5,2023-03-20,1502266,68,24,
vitest,0.29.6,2023-03-20,1502266,68,24,
vitest,0.29.7,2023-03-20,1502266,68,24,
vitest,0.29.8,2023-03-28,1418908,72,24,
vitest,0.30.0,2023-04-09,1313686,68,26,90
vitest,0.30.1,2023-04-11,1314004,68,26,
vitest,0.31.0,2023-05-03,1287422,68,25,
vitest,0.31.1,2023-05-17,1289998,68,25,
vitest,0.31.2,2023-05-30,1294002,68,25,
vitest,0.31.3,2023-05-31,1294412,68,25,
vitest,0.31.4,2023-06-01,1297370,68,25,
vitest,0.32.0,2023-06-06,1303744,68,25,
vitest,0.32.1,2023-06-16,1303571,68,25,
vitest,0.32.2,2023-06-16,1303571,68,25,
vitest,0.32.3,2023-07-03,1323911,67,24,80
vitest,0.32.4,2023-07-03,1323911,67,24,
vitest,0.33.0,2023-07-06,1326936,67,24,
vitest,0.34.0,2023-08-01,1368116,75,24,
vitest,0.34.1,2023-08-01,1368203,75,24,
vitest,0.34.2,2023-08-17,1405347,77,24,
vitest,0.34.3,2023-08-25,1409978,81,24,
vitest,0.34.4,2023-09-08,1410400,81,24,
vitest,0.34.5,2023-09-21,1418753,81,24,
vitest,0.34.6,2023-09-29,1418901,81,24,
vitest,1.0.0,2023-12-04,1292932,81,21,120
vitest,1.0.1,2023-12-04,1292942,81,21,
vitest,1.0.2,2023-12-07,1291844,81,21,
vitest,1.0.3,2023-12-09,1291589,81,21,
vitest,1.0.4,2023-12-09,1316448,81,21,
vitest,1.1.0,2023-12-19,1318598,81,21,
vitest,1.1.1,2023-12-31,1320137,81,21,
vitest,1.1.2,2024-01-04,1323431,81,21,121
vitest,1.1.3,2024-01-05,1323278,81,21,
vitest,1.2.0,2024-01-12,1350019,88,21,
vitest,1.2.1,2024-01-17,1352850,88,21,
vitest,1.2.2,2024-01-26,1352726,88,21,
vitest,1.3.0,2024-02-16,1401678,89,20,
vitest,1.3.1,2024-02-20,1405537,88,20,
vitest,1.4.0,2024-03-15,1412553,88,20,
vitest,1.5.0,2024-04-11,1418776,89,20,122
vitest,1.5.1,2024-04-24,1421496,91,20,
vitest,1.5.2,2024-04-25,1421496,91,20,
vitest,1.5.3,2024-04-30,1421837,92,20,
vitest,1.6.0,2024-05-03,1436140,96,20,
vitest,2.0.0,2024-07-08,1636954,98,18,111
vitest,2.0.1,2024-07-08,1637161,98,18,
vitest,2.0.2,2024-07-10,1630097,98,19,
vitest,2.0.3,2024-07-15,1630123,98,19,
vitest,2.0.4,2024-07-22,1637199,98,19,
vitest,2.0.5,2024-07-31,1655549,103,19,
vitest,2.1.0,2024-09-12,1621626,109,19,
vitest,2.1.1,2024-09-13,1621879,109,19,
vitest,2.1.2,2024-10-02,1650219,109,19,90
vitest,2.1.3,2024-10-14,1684834,109,19,
vitest,2.1.4,2024-10-28,1634420,105,20,
vitest,2.1.5,2024-11-13,1639798,105,20,
vitest,2.1.6,2024-11-26,1639830,105,20,
vitest,2.1.7,2024-12-02,1639820,105,20,
vitest,2.1.8,2024-12-02,1639798,105,20,
vitest,3.0.0,2025-01-16,1606430,106,20,98
vitest,3.0.1,2025-01-16,1608372,106,20,
vitest,3.0.2,2025-01-17,1608372,106,20,
vitest,3.0.3,2025-01-21,1609441,106,20,
vitest,3.0.4,2025-01-23,1615794,106,20,
vitest,1.6.1,2025-02-03,1436642,96,20,
vitest,2.1.9,2025-02-03,1640576,105,20,
vitest,3.0.5,2025-02-03,1616560,106,20,
vitest,3.0.6,2025-02-18,1603467,106,20,
vitest,3.0.7,2025-02-24,1603711,106,20,
vitest,3.0.8,2025-03-06,1603177,105,20,
vitest,3.0.9,2025-03-17,1588582,108,20,
vitest,3.1.0,2025-03-31,1549717,108,20,
vitest,3.1.1,2025-03-31,1549717,108,20,
vitest,3.1.2,2025-04-21,1455330,109,21,98
vitest,3.1.3,2025-05-05,1457250,109,21,
vitest,3.1.4,2025-05-19,1457428,109,21,
vitest,3.2.0,2025-06-02,1376722,106,23,
vitest,3.2.1,2025-06-03,1376745,106,23,
vitest,3.2.2,2025-06-05,1377451,106,23,
vitest,3.2.3,2025-06-09,1378833,106,23,
vitest,3.2.4,2025-06-17,1379532,106,23,
vitest,4.0.0,2025-10-22,1410580,108,20,91
vitest,4.0.1,2025-10-22,1410868,108,20,
vitest,4.0.2,2025-10-23,1411443,108,20,
vitest,4.0.3,2025-10-24,1412068,108,20,
vitest,4.0.4,2025-10-27,1413598,108,20,
vitest,4.0.5,2025-10-29,1416206,108,20,
vitest,4.0.6,2025-10-31,1417406,108,20,
vitest,4.0.7,2025-11-04,1421078,108,20,
vitest,4.0.8,2025-11-07,1442512,108,20,
vitest,4.0.9,2025-11-14,1444613,108,20,
vitest,4.0.10,2025-11-17,1443554,108,20,
vitest,4.0.11,2025-11-20,1485411,109,20,
vitest,4.0.12,2025-11-20,1484824,109,20,
vitest,4.0.13,2025-11-21,1481002,109,20,
vitest,4.0.14,2025-11-25,1481920,109,20,
vitest,4.0.15,2025-12-02,1507442,111,20,
vitest,4.0.16,2025-12-16,1509336,111,20,
vitest,4.0.17,2026-01-12,1515025,111,20,90
vitest,4.0.18,2026-01-22,1515292,111,20,
vitest,4.1.0,2026-03-12,1882330,114,20,
vitest,4.1.1,2026-03-23,1886287,114,20,
vitest,4.1.2,2026-03-26,1888004,114,20,
vitest,4.1.3,2026-04-07,1895453,114,20,75
vitest,4.1.4,2026-04-09,1900350,114,20,
vitest,4.1.5,2026-04-21,1904586,114,20,
vitest,4.1.6,2026-05-11,1904742,114,20,
vitest,4.1.7,2026-05-20,1904742,114,20,
vitest,3.2.5,2026-06-01,1381329,106,23,
vitest,3.2.6,2026-06-01,1381329,106,23,
vitest,4.1.8,2026-06-01,1904742,114,20,
vitest,4.1.9,2026-06-15,1905450,114,20,
vitest,3.2.7,2026-07-06,1381329,106,23,100
vitest,4.1.10,2026-07-06,1905633,114,20,75
vue,2.5.14,2018-03-09,2455707,213,0,1
vue,2.5.15,2018-03-10,2455943,213,0,
vue,2.5.16,2018-03-13,2461504,213,0,
vue,2.5.17,2018-08-01,2461837,213,0,1
vue,2.5.18,2018-12-07,3268035,218,0,1
vue,2.5.19,2018-12-09,3266103,218,0,
vue,2.5.20,2018-12-10,3266142,218,0,
vue,2.5.21,2018-12-11,3266961,218,0,
vue,2.5.22,2019-01-11,2215273,207,0,1
vue,2.6.0,2019-02-04,2911938,221,0,
vue,2.6.1,2019-02-04,2913964,221,0,
vue,2.6.2,2019-02-05,2916855,221,0,
vue,2.6.3,2019-02-06,2927873,222,0,
vue,2.6.4,2019-02-08,2941430,222,0,
vue,2.6.5,2019-02-11,2946639,222,0,
vue,2.6.6,2019-02-12,2949514,222,0,
vue,2.6.7,2019-02-21,2962786,222,0,
vue,2.6.8,2019-03-01,2965102,222,0,
vue,2.6.9,2019-03-14,2969595,222,0,
vue,2.6.10,2019-03-20,2974862,222,0,
vue,2.6.11,2019-12-13,2982049,223,0,1
vue,2.6.12,2020-08-20,2980098,223,0,1
vue,3.0.0,2020-09-18,2085931,18,3,
vue,3.0.1,2020-10-15,2117770,18,3,14
vue,3.0.2,2020-10-20,2125337,18,3,
vue,3.0.3,2020-11-25,2141124,18,3,
vue,3.0.4,2020-12-02,2158330,18,3,
vue,3.0.5,2020-12-30,2160024,18,3,
vue,3.0.6,2021-02-24,2166667,19,3,14
vue,3.0.7,2021-03-01,2175729,19,3,
vue,3.0.8,2021-03-26,2212687,19,3,
vue,3.0.9,2021-03-27,2214935,19,3,
vue,3.0.10,2021-03-31,2217103,19,3,
vue,3.0.11,2021-04-01,2219215,19,3,14
vue,2.6.13,2021-06-01,2969791,218,0,
vue,2.6.14,2021-06-07,2971462,218,0,
vue,3.1.0,2021-06-07,2347632,19,3,
vue,3.1.1,2021-06-07,2347632,19,3,
vue,3.1.2,2021-06-22,2371912,19,3,
vue,3.1.3,2021-07-01,2401302,19,3,14
vue,3.1.4,2021-07-02,2402184,19,3,
vue,3.1.5,2021-07-16,2404232,19,3,
vue,3.2.0,2021-08-09,2539045,19,3,
vue,3.2.1,2021-08-09,2539045,19,3,
vue,3.2.2,2021-08-11,2539780,19,3,
vue,3.2.3,2021-08-16,2542242,19,3,
vue,3.2.4,2021-08-17,2542298,19,3,
vue,3.2.5,2021-08-24,2540827,19,3,
vue,3.2.6,2021-08-24,2540827,19,3,
vue,3.2.7,2021-09-01,2540643,19,3,
vue,3.2.8,2021-09-02,2543464,20,3,
vue,3.2.9,2021-09-05,2544016,20,3,
vue,3.2.10,2021-09-07,2544874,20,3,
vue,3.2.11,2021-09-08,2543886,20,3,
vue,3.2.12,2021-09-17,2474728,20,3,
vue,3.2.13,2021-09-21,2476561,30,5,
vue,3.2.14,2021-09-22,2478899,30,5,
vue,3.2.15,2021-09-23,2478899,30,5,
vue,3.2.16,2021-09-23,2479235,30,5,
vue,3.2.17,2021-09-24,2479599,30,5,
vue,3.2.18,2021-09-24,2480092,30,5,
vue,3.2.19,2021-09-25,2480135,31,5,
vue,3.2.20,2021-10-08,2487209,31,5,24
vue,3.2.21,2021-11-02,2491065,31,5,
vue,3.2.22,2021-11-15,2492885,31,5,
vue,3.2.23,2021-11-26,2494787,31,5,
vue,3.2.24,2021-12-06,2492582,31,5,
vue,3.2.25,2021-12-12,2501143,31,5,
vue,3.2.26,2021-12-12,2504511,33,5,
vue,3.2.27,2022-01-16,2506717,33,5,24
vue,3.2.28,2022-01-21,2510932,33,5,
vue,3.2.29,2022-01-23,2511800,33,5,
vue,3.2.30,2022-02-07,2511901,33,5,
vue,3.2.31,2022-02-12,2514069,33,5,
vue,3.2.32,2022-04-12,2519951,33,5,24
vue,3.2.33,2022-04-14,2530311,33,5,
vue,3.2.34,2022-05-19,2547287,33,5,
vue,3.2.35,2022-05-20,2547235,33,5,
vue,3.2.36,2022-05-23,2548331,33,5,
vue,3.2.37,2022-06-06,2550287,33,5,
vue,2.7.0,2022-07-01,4771257,224,2,12
vue,2.7.1,2022-07-04,4776538,224,2,
vue,2.7.2,2022-07-05,4782518,224,2,
vue,2.7.3,2022-07-06,4786878,224,2,
vue,2.7.4,2022-07-08,4512906,226,2,
vue,2.7.5,2022-07-13,4518827,226,2,
vue,2.7.6,2022-07-15,4519081,226,2,
vue,2.7.7,2022-07-16,4524803,226,2,
vue,2.7.8,2022-07-22,4535953,226,2,
vue,2.7.9,2022-08-19,4551164,227,2,
vue,2.7.10,2022-08-23,4552699,227,2,
vue,3.2.38,2022-08-30,2582962,33,5,
vue,3.2.39,2022-09-08,2583626,33,5,
vue,3.2.40,2022-09-28,2582361,33,5,
vue,2.7.11,2022-10-11,4483052,227,2,12
vue,2.7.12,2022-10-12,4482653,227,2,
vue,2.7.13,2022-10-14,4484037,227,2,
vue,3.2.41,2022-10-14,2527419,33,5,
vue,2.7.14,2022-11-09,4491176,227,2,
vue,3.2.42,2022-11-09,2533603,33,5,
vue,3.2.43,2022-11-09,2527077,33,5,
vue,3.2.44,2022-11-09,2528113,33,5,
vue,3.2.45,2022-11-11,2537839,33,5,
vue,3.2.46,2023-02-02,2548865,33,5,24
vue,3.2.47,2023-02-02,2549223,33,5,
vue,3.3.0,2023-05-11,2010011,35,5,23
vue,3.3.1,2023-05-11,2010075,35,5,
vue,3.3.2,2023-05-12,2010077,35,5,
vue,3.3.3,2023-05-18,2009929,35,5,
vue,3.3.4,2023-05-18,2010728,38,5,
vue,3.3.5,2023-10-20,2016208,40,5,23
vue,3.3.6,2023-10-20,2016372,40,5,
vue,2.7.15,2023-10-23,4497024,226,2,
vue,3.3.7,2023-10-24,2026842,40,5,
vue,3.3.8,2023-11-06,2026474,40,5,
vue,3.3.9,2023-11-25,2032020,40,5,
vue,3.3.10,2023-12-04,2036929,40,5,
vue,3.3.11,2023-12-08,2040535,40,5,
vue,3.3.12,2023-12-16,2042199,40,5,
vue,3.3.13,2023-12-19,2043383,40,5,
vue,2.7.16,2023-12-24,4511532,228,2,
vue,3.4.0,2023-12-29,2159534,37,5,
vue,3.4.1,2023-12-30,2160610,37,5,
vue,3.4.2,2023-12-30,2162458,37,5,
vue,3.4.3,2023-12-30,2162458,37,5,
vue,3.4.4,2024-01-03,2163340,37,5,23
vue,3.4.5,2024-01-04,2163471,37,5,
vue,3.4.6,2024-01-08,2171602,37,5,
vue,3.4.7,2024-01-09,2168652,37,5,
vue,3.4.8,2024-01-10,2170824,37,5,
vue,3.4.10,2024-01-11,2172581,37,5,
vue,3.4.9,2024-01-11,2172815,37,5,
vue,3.4.11,2024-01-12,2174321,37,5,
vue,3.4.12,2024-01-13,2174161,37,5,
vue,3.4.13,2024-01-13,2174845,37,5,
vue,3.4.14,2024-01-15,2175169,37,5,
vue,3.4.15,2024-01-18,2180945,37,5,
vue,3.4.16,2024-02-08,2184077,37,5,
vue,3.4.17,2024-02-09,2183601,37,5,
vue,3.4.18,2024-02-09,2185481,37,5,
vue,3.4.19,2024-02-13,2188349,37,5,
vue,3.4.20,2024-02-26,2188407,37,5,
vue,3.4.21,2024-02-28,2189387,37,5,
vue,3.4.22,2024-04-15,2194961,37,5,23
vue,3.4.23,2024-04-16,2196217,37,5,
vue,3.4.24,2024-04-22,2196331,37,5,
vue,3.4.25,2024-04-24,2196327,37,5,
vue,3.4.26,2024-04-29,2195885,37,5,
vue,3.4.27,2024-05-07,2195917,37,5,
vue,3.4.28,2024-06-14,2205453,37,5,
vue,3.4.29,2024-06-14,2208365,37,5,
vue,3.4.30,2024-06-22,2200143,37,5,
vue,3.4.31,2024-06-28,2197167,37,5,
vue,3.4.32,2024-07-17,2206150,37,5,23
vue,3.4.33,2024-07-19,2205842,37,5,
vue,3.4.34,2024-07-24,2206386,37,5,
vue,3.4.35,2024-07-31,2209262,37,5,
vue,3.4.36,2024-08-06,2209718,37,5,
vue,3.4.37,2024-08-08,2210720,37,5,
vue,3.4.38,2024-08-15,2211202,37,5,
vue,3.5.0,2024-09-03,2374183,37,5,
vue,3.5.1,2024-09-04,2375792,37,5,
vue,3.5.2,2024-09-05,2379324,37,5,
vue,3.5.3,2024-09-06,2379766,37,5,
vue,3.5.4,2024-09-10,2378996,37,5,
vue,3.5.5,2024-09-13,2382552,37,5,
vue,3.5.6,2024-09-16,2382860,37,5,
vue,3.5.7,2024-09-20,2389232,37,5,
vue,3.5.8,2024-09-22,2389440,37,5,
vue,3.5.9,2024-09-26,2388426,37,5,
vue,3.5.10,2024-09-27,2389452,37,5,
vue,3.5.11,2024-10-03,2389286,37,5,23
vue,3.5.12,2024-10-11,2385118,37,5,
vue,3.5.13,2024-11-15,2389928,37,5,
vue,3.5.14,2025-05-15,2398389,37,5,23
vue,3.5.15,2025-05-26,2403827,37,5,
vue,3.5.16,2025-05-29,2403827,37,5,
vue,3.5.17,2025-06-18,2405987,37,5,
vue,3.5.18,2025-07-23,2411343,37,5,23
vue,3.5.19,2025-08-21,2410277,37,5,
vue,3.5.20,2025-08-25,2410317,37,5,
vue,3.5.21,2025-09-02,2415501,37,5,
vue,3.5.22,2025-09-25,2420929,37,5,
vue,3.5.23,2025-11-06,2431782,37,5,23
vue,3.5.24,2025-11-07,2431782,37,5,
vue,3.5.25,2025-11-24,2436456,37,5,
vue,3.5.26,2025-12-18,2445088,37,5,
vue,3.5.27,2026-01-19,2447688,37,5,23
vue,3.5.28,2026-02-09,2455346,37,5,
vue,3.5.29,2026-02-24,2457115,37,5,
vue,3.5.30,2026-03-09,2471707,37,5,
vue,3.5.31,2026-03-25,2478623,37,5,
vue,3.5.32,2026-04-03,2480183,37,5,23
vue,3.5.33,2026-04-22,2486012,37,5,
vue,3.5.34,2026-05-06,2488396,37,5,
vue,3.5.35,2026-05-27,2490468,37,5,
vue,3.5.36,2026-06-11,2496578,37,5,
vue,3.5.37,2026-06-11,2496552,37,5,
vue,3.5.38,2026-06-11,2496552,37,5,
vue,3.5.39,2026-06-25,2503852,37,5,
vue,3.5.40,2026-07-16,2510740,37,5,23
webpack,3.11.0,2018-02-10,919139,282,22,400
webpack,4.0.0,2018-02-25,1117223,313,19,
webpack,4.0.1,2018-02-26,1113921,313,19,
webpack,4.1.0,2018-03-04,1119559,313,19,
webpack,4.1.1,2018-03-07,1115821,313,19,
webpack,4.2.0,2018-03-21,1112762,314,19,
webpack,4.3.0,2018-03-27,1102779,314,19,
webpack,4.4.0,2018-03-29,1104753,314,19,
webpack,4.4.1,2018-03-29,1104777,314,19,
webpack,4.5.0,2018-04-04,1107395,314,19,352
webpack,4.6.0,2018-04-17,1121236,314,19,
webpack,4.7.0,2018-05-04,1138126,315,19,
webpack,4.8.0,2018-05-07,1154215,316,22,
webpack,4.8.1,2018-05-07,1190372,316,22,
webpack,3.12.0,2018-05-11,919368,282,22,
webpack,4.8.2,2018-05-11,1192841,316,22,
webpack,4.8.3,2018-05-12,1191789,316,22,
webpack,4.9.0,2018-05-25,1198659,316,23,
webpack,4.9.1,2018-05-25,1200634,316,23,
webpack,4.10.0,2018-05-28,1213637,317,24,
webpack,4.9.2,2018-05-28,1204602,316,23,
webpack,4.10.1,2018-05-29,1177016,317,24,
webpack,4.10.2,2018-05-30,1181707,317,24,
webpack,4.11.0,2018-06-05,1196278,320,25,
webpack,4.11.1,2018-06-06,1198562,320,25,
webpack,4.12.0,2018-06-08,1201424,320,25,
webpack,4.12.1,2018-06-24,1207073,320,25,
webpack,4.12.2,2018-06-27,1208449,320,25,
webpack,4.13.0,2018-06-28,1213567,320,25,
webpack,4.14.0,2018-06-29,1217641,320,25,
webpack,4.15.0,2018-07-04,1287510,322,25,378
webpack,4.15.1,2018-07-05,1261665,322,25,
webpack,4.16.0,2018-07-11,1276481,327,25,
webpack,4.16.1,2018-07-16,1277850,327,25,
webpack,4.16.2,2018-07-23,1287700,327,25,
webpack,4.16.3,2018-07-27,1287608,327,25,
webpack,4.16.4,2018-08-02,1288643,327,25,
webpack,4.16.5,2018-08-06,1289182,327,25,
webpack,4.17.0,2018-08-21,1290844,328,25,
webpack,4.17.1,2018-08-22,1290884,328,25,
webpack,4.17.2,2018-09-03,1289986,328,25,
webpack,4.17.3,2018-09-10,1289305,328,25,
webpack,4.18.0,2018-09-10,1288900,328,24,
webpack,4.18.1,2018-09-13,1288900,328,24,
webpack,4.19.0,2018-09-13,1289640,328,24,
webpack,4.19.1,2018-09-18,1290104,328,24,
webpack,4.20.0,2018-09-25,1304816,328,24,
webpack,4.20.1,2018-09-25,1304842,328,24,
webpack,4.20.2,2018-09-25,1305249,328,24,
webpack,4.21.0,2018-10-17,1306751,328,24,373
webpack,4.22.0,2018-10-21,1311132,328,24,
webpack,4.23.0,2018-10-24,1358635,343,24,
webpack,4.23.1,2018-10-25,1358882,343,24,
webpack,4.24.0,2018-11-02,1359042,343,24,
webpack,4.25.0,2018-11-05,1367575,345,24,
webpack,4.25.1,2018-11-05,1369764,345,24,
webpack,4.26.0,2018-11-19,1369744,345,24,
webpack,4.26.1,2018-11-25,1370680,345,24,
webpack,4.27.0,2018-12-04,1374496,346,24,
webpack,4.27.1,2018-12-05,1374501,346,24,
webpack,4.28.0,2018-12-19,1373708,346,24,
webpack,4.28.1,2018-12-20,1373834,346,24,
webpack,4.28.2,2018-12-22,1373865,346,24,
webpack,4.28.3,2018-12-29,1374033,346,24,
webpack,4.28.4,2019-01-10,1374303,346,24,381
webpack,4.29.0,2019-01-20,1378801,346,24,
webpack,4.29.1,2019-02-04,1379331,346,24,
webpack,4.29.2,2019-02-06,1379223,346,24,
webpack,4.29.3,2019-02-07,1380055,346,24,
webpack,4.29.4,2019-02-15,1380166,346,24,
webpack,4.29.5,2019-02-18,1380166,346,24,
webpack,4.29.6,2019-02-28,1380250,346,24,
webpack,4.30.0,2019-04-12,1385083,347,24,381
webpack,4.31.0,2019-05-09,1385431,347,24,
webpack,4.32.0,2019-05-20,1387757,347,24,
webpack,4.32.1,2019-05-22,1388622,348,24,
webpack,4.32.2,2019-05-22,1389791,348,24,
webpack,4.33.0,2019-06-04,1390320,348,24,
webpack,4.34.0,2019-06-12,1393872,348,24,
webpack,4.35.0,2019-06-20,1398027,348,24,
webpack,4.35.1,2019-07-01,1398494,348,24,381
webpack,4.35.2,2019-07-01,1398510,348,24,
webpack,4.35.3,2019-07-08,1398524,348,23,
webpack,4.36.0,2019-07-17,1406306,350,23,
webpack,4.36.1,2019-07-17,1406265,350,23,
webpack,4.37.0,2019-07-23,1427751,353,23,
webpack,4.38.0,2019-07-26,1435004,354,23,
webpack,4.39.0,2019-08-01,1441130,356,23,
webpack,4.39.1,2019-08-02,1441204,356,23,
webpack,4.39.2,2019-08-13,1441362,356,23,
webpack,4.39.3,2019-08-27,1442407,356,23,
webpack,4.40.0,2019-09-12,1448465,356,23,
webpack,4.40.1,2019-09-13,1449355,356,23,
webpack,4.40.2,2019-09-13,1449364,356,23,
webpack,4.40.3,2019-09-24,1449720,356,23,
webpack,4.41.0,2019-09-24,1461809,357,23,
webpack,4.41.1,2019-10-11,1462160,357,23,380
webpack,4.41.2,2019-10-15,1462030,357,23,
webpack,4.41.3,2019-12-16,1462128,357,23,
webpack,4.41.4,2019-12-19,1462500,357,23,
webpack,4.41.5,2019-12-27,1463888,357,23,
webpack,4.41.6,2020-02-11,1465431,357,23,380
webpack,4.42.0,2020-03-02,1465649,358,23,
webpack,4.42.1,2020-03-24,1465685,358,23,
webpack,4.43.0,2020-04-21,1467473,358,23,379
webpack,4.44.0,2020-07-24,1475453,358,23,379
webpack,4.44.1,2020-07-30,1475590,358,23,
webpack,4.44.2,2020-09-17,1475191,358,23,
webpack,5.0.0,2020-10-10,3200376,517,24,133
webpack,5.1.0,2020-10-13,3202326,517,24,
webpack,5.1.1,2020-10-15,3205099,517,24,
webpack,5.1.2,2020-10-15,3203666,517,24,
webpack,5.1.3,2020-10-16,3207890,517,24,
webpack,5.2.0,2020-10-22,3209346,517,24,
webpack,5.2.1,2020-10-27,3212763,517,24,
webpack,5.3.0,2020-10-27,3231386,519,24,
webpack,5.3.1,2020-10-28,3231144,519,24,
webpack,5.3.2,2020-10-29,3235341,519,24,
webpack,5.4.0,2020-11-03,3240641,519,24,
webpack,5.5.0,2020-11-17,3244909,519,24,
webpack,5.5.1,2020-11-18,3244922,519,24,
webpack,5.6.0,2020-11-19,3245079,519,24,
webpack,5.7.0,2020-11-26,3246268,519,24,
webpack,5.8.0,2020-11-26,3252299,519,24,
webpack,5.9.0,2020-11-28,3259426,519,24,
webpack,5.10.0,2020-12-04,3250004,519,24,
webpack,5.10.1,2020-12-11,3257938,520,24,
webpack,5.10.2,2020-12-15,3275173,520,24,
webpack,5.10.3,2020-12-15,3275343,520,24,
webpack,5.11.0,2020-12-17,3285418,520,24,
webpack,5.11.1,2020-12-28,3292135,520,24,
webpack,4.45.0,2021-01-08,1475334,358,23,379
webpack,5.12.0,2021-01-08,3319651,519,24,
webpack,5.12.1,2021-01-08,3321635,519,24,
webpack,5.12.2,2021-01-09,3322035,519,24,
webpack,5.12.3,2021-01-10,3321948,519,23,
webpack,4.46.0,2021-01-11,1476315,358,23,
webpack,5.13.0,2021-01-11,3322950,519,23,
webpack,5.14.0,2021-01-13,3329332,519,24,
webpack,5.15.0,2021-01-15,3336832,520,24,
webpack,5.16.0,2021-01-19,3347266,523,24,
webpack,5.17.0,2021-01-22,3380183,528,24,
webpack,5.18.0,2021-01-26,3387969,529,24,
webpack,5.19.0,2021-01-29,3399030,530,24,
webpack,5.20.0,2021-02-02,3420825,533,23,
webpack,5.20.1,2021-02-03,3420926,533,23,
webpack,5.20.2,2021-02-04,3422247,533,23,
webpack,5.21.0,2021-02-05,3442591,533,23,
webpack,5.21.1,2021-02-06,3442680,533,23,
webpack,5.21.2,2021-02-07,3443389,533,23,
webpack,5.22.0,2021-02-15,3470206,535,23,
webpack,5.23.0,2021-02-18,3473572,536,23,
webpack,5.24.0,2021-02-22,3483015,536,23,
webpack,5.24.1,2021-02-23,3485900,536,23,
webpack,5.24.2,2021-02-24,3486819,536,23,
webpack,5.24.3,2021-03-03,3487462,536,23,
webpack,5.24.4,2021-03-08,3487779,536,23,
webpack,5.25.0,2021-03-12,3502991,539,23,
webpack,5.25.1,2021-03-14,3506337,539,23,
webpack,5.26.0,2021-03-15,3519921,539,23,
webpack,5.26.1,2021-03-16,3522261,539,23,
webpack,5.26.2,2021-03-16,3522780,539,23,
webpack,5.26.3,2021-03-17,3524012,539,23,
webpack,5.27.0,2021-03-19,3525972,539,23,
webpack,5.27.1,2021-03-20,3525997,539,23,
webpack,5.27.2,2021-03-22,3526384,539,23,
webpack,5.28.0,2021-03-24,3529493,539,23,
webpack,5.29.0,2021-04-01,3536197,539,23,84
webpack,5.30.0,2021-04-01,3548042,540,23,
webpack,5.31.0,2021-04-07,3555136,540,23,
webpack,5.31.1,2021-04-09,3555817,540,23,
webpack,5.31.2,2021-04-09,3555374,540,23,
webpack,5.32.0,2021-04-12,3578042,541,23,
webpack,5.33.0,2021-04-14,3591440,542,23,
webpack,5.33.1,2021-04-14,3591591,542,23,
webpack,5.33.2,2021-04-14,3592021,542,23,
webpack,5.34.0,2021-04-19,3906693,604,23,
webpack,5.35.0,2021-04-21,3908789,604,23,
webpack,5.35.1,2021-04-23,3910788,604,23,
webpack,5.36.0,2021-04-27,3914381,604,23,
webpack,5.36.1,2021-04-28,3920769,604,23,
webpack,5.36.2,2021-04-30,3922150,604,23,
webpack,5.37.0,2021-05-10,3940283,606,23,
webpack,5.37.1,2021-05-19,3940747,606,23,
webpack,5.38.0,2021-05-27,3945392,605,23,
webpack,5.38.1,2021-05-27,3945401,605,23,
webpack,5.39.0,2021-06-14,3944475,605,23,
webpack,5.39.1,2021-06-17,3945980,605,23,
webpack,5.40.0,2021-06-21,3947602,605,23,
webpack,5.41.0,2021-06-28,3972830,608,23,
webpack,5.41.1,2021-06-29,3973964,608,23,
webpack,5.42.0,2021-07-02,3978558,608,23,84
webpack,5.42.1,2021-07-05,3978691,608,23,
webpack,5.43.0,2021-07-06,3983756,609,23,
webpack,5.44.0,2021-07-08,3987577,610,23,
webpack,5.45.0,2021-07-16,3992648,610,24,
webpack,5.45.1,2021-07-16,3988852,610,23,
webpack,5.46.0,2021-07-22,3992337,610,23,
webpack,5.47.0,2021-07-27,3993356,610,23,
webpack,5.47.1,2021-07-29,3993356,610,23,
webpack,5.48.0,2021-08-02,3997769,610,24,
webpack,5.49.0,2021-08-06,4038214,612,24,
webpack,5.50.0,2021-08-10,4039548,612,24,
webpack,5.51.0,2021-08-19,4056314,612,24,
webpack,5.51.1,2021-08-19,4057130,612,24,
webpack,5.51.2,2021-09-02,4061626,612,24,
webpack,5.52.0,2021-09-03,4062128,612,24,
webpack,5.52.1,2021-09-10,4065961,612,24,
webpack,5.53.0,2021-09-16,4069863,613,24,
webpack,5.54.0,2021-09-24,4100594,616,24,
webpack,5.55.0,2021-09-28,4110352,615,24,
webpack,5.55.1,2021-09-29,4111668,615,24,
webpack,5.56.0,2021-10-01,4111930,615,24,84
webpack,5.56.1,2021-10-04,4111935,615,24,
webpack,5.57.0,2021-10-05,4117166,615,24,
webpack,5.57.1,2021-10-05,4117490,615,24,
webpack,5.58.0,2021-10-07,4123752,616,24,
webpack,5.58.1,2021-10-08,4120153,615,24,
webpack,5.58.2,2021-10-13,4124182,615,24,
webpack,5.59.0,2021-10-19,4146923,615,24,
webpack,5.59.1,2021-10-20,4146930,615,24,
webpack,5.60.0,2021-10-25,4153968,615,24,
webpack,5.61.0,2021-10-29,4159170,617,24,
webpack,5.62.0,2021-11-05,4172542,618,24,
webpack,5.62.1,2021-11-05,4172541,618,24,
webpack,5.62.2,2021-11-09,4173443,618,24,
webpack,5.63.0,2021-11-09,4174151,618,24,
webpack,5.64.0,2021-11-11,4176674,618,24,
webpack,5.64.1,2021-11-15,4178231,618,24,
webpack,5.64.2,2021-11-20,4177977,618,24,
webpack,5.64.3,2021-11-24,4177022,618,24,
webpack,5.64.4,2021-11-25,4182214,619,24,
webpack,5.65.0,2021-12-06,4188551,619,24,
webpack,5.66.0,2022-01-12,4291727,636,24,84
webpack,5.67.0,2022-01-21,4323856,640,24,
webpack,5.68.0,2022-01-31,4327323,640,24,
webpack,5.69.0,2022-02-15,4338409,641,24,
webpack,5.69.1,2022-02-17,4333645,641,24,
webpack,5.70.0,2022-03-03,4361312,645,24,
webpack,5.71.0,2022-04-01,4373093,647,24,84
webpack,5.72.0,2022-04-07,4379501,647,24,
webpack,5.72.1,2022-05-10,4382083,648,24,
webpack,5.73.0,2022-06-02,4395990,648,24,
webpack,5.74.0,2022-07-25,4403346,648,24,84
webpack,5.75.0,2022-11-09,4406310,648,24,84
webpack,5.76.0,2023-03-08,4408207,648,24,84
webpack,5.76.1,2023-03-10,4407464,648,24,
webpack,5.76.2,2023-03-15,4408559,648,24,
webpack,5.76.3,2023-03-22,4409162,648,24,
webpack,5.77.0,2023-03-29,4412667,648,24,
webpack,5.78.0,2023-04-05,4424527,649,24,84
webpack,5.79.0,2023-04-12,4480870,649,24,
webpack,5.80.0,2023-04-19,4491594,649,24,
webpack,5.81.0,2023-04-26,4540322,650,24,
webpack,5.82.0,2023-05-03,4578285,650,24,
webpack,5.82.1,2023-05-10,4588617,650,24,
webpack,5.83.0,2023-05-17,4592416,651,24,
webpack,5.83.1,2023-05-17,4592452,651,24,
webpack,5.84.0,2023-05-24,4642416,651,24,
webpack,5.84.1,2023-05-25,4642668,651,24,
webpack,5.85.0,2023-05-31,4666920,651,24,
webpack,5.85.1,2023-06-05,4666922,651,24,
webpack,5.86.0,2023-06-07,4686203,651,24,
webpack,5.87.0,2023-06-14,4716295,651,24,
webpack,5.88.0,2023-06-21,4746665,651,24,
webpack,5.88.1,2023-06-28,4754277,651,24,
webpack,5.88.2,2023-07-18,4754300,651,24,84
webpack,4.47.0,2023-09-06,1487784,361,23,
webpack,5.89.0,2023-10-13,4756744,652,24,84
webpack,5.90.0,2024-01-24,4799390,673,24,84
webpack,5.90.1,2024-02-01,4816999,673,24,
webpack,5.90.2,2024-02-15,4817878,673,24,
webpack,5.90.3,2024-02-19,4822631,673,24,
webpack,5.91.0,2024-03-20,4934332,674,24,
webpack,5.92.0,2024-06-11,4970606,676,24,84
webpack,5.92.1,2024-06-19,4970623,676,24,
webpack,5.93.0,2024-07-11,4982773,677,24,84
webpack,5.94.0,2024-08-22,5076447,677,23,
webpack,5.95.0,2024-09-25,5080355,677,23,
webpack,5.96.0,2024-10-31,5179389,680,22,81
webpack,5.96.1,2024-11-01,5179469,680,23,
webpack,5.97.0,2024-12-03,5208754,687,23,
webpack,5.97.1,2024-12-05,5208679,687,23,
webpack,5.98.0,2025-02-13,5212608,687,23,74
webpack,5.99.0,2025-04-07,5282706,690,23,74
webpack,5.99.1,2025-04-07,5282941,690,23,
webpack,5.99.2,2025-04-08,5283069,690,23,
webpack,5.99.3,2025-04-08,5283114,690,23,
webpack,5.99.4,2025-04-08,5283292,690,23,
webpack,5.99.5,2025-04-08,5282979,690,23,
webpack,5.99.6,2025-04-18,5301633,690,23,
webpack,5.99.7,2025-04-25,5305518,691,24,
webpack,5.99.8,2025-05-06,5329675,691,24,
webpack,5.99.9,2025-05-20,5331259,691,24,
webpack,5.100.0,2025-07-09,5411813,699,25,75
webpack,5.100.1,2025-07-11,5413533,699,25,
webpack,5.100.2,2025-07-15,5421365,700,25,
webpack,5.101.0,2025-07-28,5450230,700,25,
webpack,5.101.1,2025-08-12,5460777,701,25,
webpack,5.101.2,2025-08-14,5465588,701,25,
webpack,5.101.3,2025-08-18,5468087,701,25,
webpack,5.102.0,2025-09-29,5525709,706,25,
webpack,5.102.1,2025-10-07,5549486,706,25,75
webpack,5.103.0,2025-11-18,5661542,717,25,
webpack,5.104.0,2025-12-16,5693116,706,25,
webpack,5.104.1,2025-12-18,5693712,706,25,
webpack,5.105.0,2026-02-03,5775664,708,25,75
webpack,5.105.1,2026-02-10,5782874,708,25,
webpack,5.105.2,2026-02-12,5782900,708,25,
webpack,5.105.3,2026-02-26,5793608,709,25,
webpack,5.105.4,2026-03-03,5796440,709,25,
webpack,5.106.0,2026-04-08,5859643,709,25,75
webpack,5.106.1,2026-04-10,5860085,709,25,
webpack,5.106.2,2026-04-15,6125268,711,24,
webpack,5.107.0,2026-05-20,6478083,729,23,
webpack,5.107.1,2026-05-21,6571922,730,23,
webpack,5.107.2,2026-05-25,6609505,730,23,
webpack,5.108.0,2026-06-25,7212224,751,22,
webpack,5.108.1,2026-06-26,7212895,751,22,
webpack,5.108.2,2026-06-29,7213897,753,22,
webpack,5.108.3,2026-06-29,7233911,753,22,
webpack,5.108.4,2026-07-04,7290659,753,22,70
webpack,5.109.0,2026-07-23,8055243,776,20,68
zod,1.0.0,2020-03-07,25585,21,0,1
zod,1.0.1,2020-03-09,43778,23,0,
zod,1.0.2,2020-03-09,44142,23,0,
zod,1.0.4,2020-03-12,44056,23,0,
zod,1.0.5,2020-03-12,44553,23,0,
zod,1.0.6,2020-03-14,79245,57,0,
zod,1.0.7,2020-03-14,79247,57,0,
zod,1.0.8,2020-03-14,89804,63,0,
zod,1.0.9,2020-03-14,93553,63,0,
zod,1.0.10,2020-03-24,94361,63,0,
zod,1.0.11,2020-03-25,110204,66,0,
zod,1.0.12,2020-03-26,120047,66,0,
zod,1.0.13,2020-03-26,120047,66,0,
zod,1.0.14,2020-03-28,120732,66,0,
zod,1.0.15,2020-03-29,123188,66,0,
zod,1.1.0,2020-04-02,152158,82,0,1
zod,1.1.1,2020-04-02,152166,82,0,
zod,1.1.2,2020-04-04,148841,88,0,
zod,1.2.0,2020-04-06,158291,94,0,
zod,1.2.1,2020-04-07,158310,94,0,
zod,1.2.2,2020-04-07,163704,97,0,
zod,1.2.3,2020-04-07,163704,102,0,
zod,1.2.4,2020-04-17,261706,112,0,
zod,1.2.5,2020-04-17,197246,115,0,
zod,1.2.6,2020-04-22,196986,115,0,
zod,1.3.0,2020-04-22,213617,121,0,
zod,1.4.0,2020-04-28,214993,121,0,
zod,1.4.1,2020-04-28,215143,121,0,
zod,1.5.0,2020-05-02,222847,127,0,
zod,1.6.0,2020-05-08,226106,127,0,
zod,1.6.1,2020-05-16,226282,127,0,
zod,1.6.2,2020-06-05,228307,127,0,
zod,1.7.0,2020-06-05,238653,127,0,
zod,1.7.1,2020-06-21,241540,127,0,
zod,1.7.2,2020-07-07,240994,127,0,1
zod,1.8.0,2020-07-09,325413,145,0,
zod,1.9.0,2020-07-09,254737,112,0,
zod,1.9.1,2020-07-17,256178,113,0,
zod,1.9.2,2020-07-18,254704,113,0,
zod,1.10.0,2020-07-20,255538,113,0,
zod,1.10.1,2020-07-22,251170,113,0,
zod,1.10.2,2020-08-04,246436,113,0,
zod,1.10.3,2020-08-17,246899,113,0,
zod,1.10.4,2020-08-28,247413,113,0,
zod,1.11.0,2020-08-30,274237,122,0,
zod,1.11.1,2020-08-31,275952,122,0,
zod,1.11.2,2020-09-01,275901,122,0,
zod,1.11.3,2020-09-01,277528,122,0,
zod,1.11.4,2020-09-01,278376,122,0,
zod,1.11.5,2020-09-03,276776,122,0,
zod,1.11.6,2020-09-14,278690,122,0,
zod,1.11.7,2020-09-14,279428,127,0,
zod,1.11.8,2020-09-14,279428,122,0,
zod,1.11.9,2020-09-23,280234,122,0,
zod,1.11.10,2020-10-29,280029,122,0,1
zod,1.11.11,2020-11-29,308122,123,0,
zod,1.11.12,2021-03-18,314232,126,0,1
zod,1.11.13,2021-03-22,314258,126,0,
zod,1.11.14,2021-04-25,314249,126,0,1
zod,1.11.15,2021-04-25,314249,126,0,
zod,1.11.16,2021-04-25,314351,126,0,
zod,1.11.17,2021-05-02,292133,126,0,
zod,3.0.0,2021-05-17,444927,42,0,
zod,3.0.1,2021-05-20,444994,42,0,
zod,3.0.2,2021-05-20,444927,42,0,
zod,3.1.0,2021-05-26,463077,42,0,
zod,3.2.0,2021-06-13,543113,43,0,
zod,3.3.0,2021-07-04,539232,55,0,1
zod,3.3.1,2021-07-04,447886,55,0,
zod,3.3.2,2021-07-04,451100,55,0,
zod,3.3.3,2021-07-04,448398,55,0,
zod,3.3.4,2021-07-04,448924,55,0,
zod,3.4.0,2021-07-06,448911,55,0,
zod,3.4.1,2021-07-06,448911,55,0,
zod,3.4.2,2021-07-06,449461,55,0,
zod,3.5.0,2021-07-06,454416,55,0,
zod,3.5.1,2021-07-06,462613,55,0,
zod,3.5.2,2021-08-01,463379,55,0,
zod,3.5.3,2021-08-01,463691,55,0,
zod,3.5.4,2021-08-01,465978,55,0,
zod,3.6.0,2021-08-01,465996,55,0,
zod,3.6.1,2021-08-01,467023,55,0,
zod,3.7.0,2021-08-01,464677,55,0,
zod,3.7.1,2021-08-01,464073,55,0,
zod,3.7.2,2021-08-13,469187,59,0,
zod,3.7.3,2021-08-19,470058,59,0,
zod,3.8.0,2021-08-23,474002,59,0,
zod,3.8.1,2021-08-23,476058,59,0,
zod,3.8.2,2021-09-03,475365,59,0,
zod,3.9.0,2021-09-25,496143,55,0,
zod,3.9.1,2021-09-25,495642,55,0,
zod,3.9.2,2021-09-28,496143,55,0,
zod,3.9.3,2021-09-28,496143,55,0,
zod,3.9.4,2021-09-28,496430,55,0,
zod,3.9.5,2021-09-29,497139,55,0,
zod,3.9.6,2021-10-05,497238,55,0,1
zod,3.9.7,2021-10-05,497241,55,0,
zod,3.9.8,2021-10-05,501722,55,0,
zod,3.10.0,2021-10-17,422243,53,0,
zod,3.10.1,2021-10-18,422581,53,0,
zod,3.10.2,2021-10-19,422598,53,0,
zod,3.10.3,2021-10-19,510108,53,0,
zod,3.11.0,2021-10-23,510411,53,0,
zod,3.11.1,2021-10-23,510625,53,0,
zod,3.11.2,2021-10-23,510976,53,0,
zod,3.11.3,2021-10-24,510483,53,0,
zod,3.11.4,2021-10-24,512083,53,0,
zod,3.11.5,2021-10-26,512122,53,0,
zod,3.11.6,2021-10-26,513139,53,0,
zod,3.12.0,2022-02-23,545807,61,0,1
zod,3.12.1,2022-03-01,549581,61,0,
zod,3.13.0,2022-03-02,411621,32,0,
zod,3.13.2,2022-03-02,414334,32,0,
zod,3.13.3,2022-03-02,414637,32,0,
zod,3.13.4,2022-03-02,415103,32,0,
zod,3.14.0,2022-03-18,325297,34,0,
zod,3.14.1,2022-03-18,332471,36,0,
zod,3.14.2,2022-03-19,332352,36,0,
zod,3.14.3,2022-03-26,333219,36,0,
zod,3.14.4,2022-04-04,333360,36,0,1
zod,3.14.5,2022-05-06,445845,38,0,
zod,3.15.0,2022-05-06,445835,38,0,
zod,3.15.1,2022-05-06,445958,38,0,
zod,3.16.0,2022-05-12,450923,38,0,
zod,3.16.1,2022-05-20,452830,38,0,
zod,3.17.0,2022-05-22,454677,38,0,
zod,3.17.2,2022-05-22,455104,38,0,
zod,3.17.3,2022-05-23,454529,38,0,
zod,3.17.4,2022-07-18,455897,38,0,1
zod,3.17.5,2022-07-18,462321,38,0,
zod,3.17.6,2022-07-18,463515,38,0,
zod,3.17.7,2022-07-18,464045,38,0,
zod,3.17.8,2022-07-18,473525,38,0,
zod,3.17.9,2022-07-18,474921,40,0,
zod,3.17.10,2022-07-22,474908,40,0,
zod,3.18.0,2022-08-09,479896,40,0,
zod,3.19.0,2022-09-06,482582,44,0,
zod,3.19.1,2022-09-11,482766,44,0,
zod,3.20.0,2022-12-12,544272,44,0,1
zod,3.20.1,2022-12-12,544026,44,0,
zod,3.20.2,2022-12-12,544597,44,0,
zod,3.20.3,2023-02-08,556117,46,0,1
zod,3.20.4,2023-02-08,560863,46,0,
zod,3.20.5,2023-02-08,560958,46,0,
zod,3.20.6,2023-02-09,567142,46,0,
zod,3.21.0,2023-03-04,601270,46,0,
zod,3.21.1,2023-03-06,601560,46,0,
zod,3.21.2,2023-03-06,602467,46,0,
zod,3.21.3,2023-03-06,602929,46,0,
zod,3.21.4,2023-03-07,603699,46,0,
zod,3.22.0,2023-08-14,614565,46,0,1
zod,3.22.1,2023-08-15,615767,46,0,
zod,3.22.2,2023-08-19,616049,46,0,
zod,3.22.3,2023-10-03,615915,46,0,1
zod,3.22.4,2023-10-04,627817,46,0,
zod,3.22.5,2024-04-18,627817,46,0,1
zod,3.23.0,2024-04-21,673566,50,0,
zod,3.23.1,2024-04-22,673558,50,0,
zod,3.23.2,2024-04-22,673636,50,0,
zod,3.23.3,2024-04-22,673636,50,0,
zod,3.23.4,2024-04-23,673741,50,0,
zod,3.23.5,2024-04-29,673750,50,0,
zod,3.23.6,2024-05-03,666232,50,0,
zod,3.23.7,2024-05-07,666304,50,0,
zod,3.23.8,2024-05-08,666786,50,0,
zod,3.24.0,2024-12-10,698435,52,0,1
zod,3.24.1,2024-12-11,694020,52,0,
zod,3.24.2,2025-02-11,698673,52,0,1
zod,3.24.3,2025-04-16,697771,52,0,1
zod,3.24.4,2025-05-04,698927,52,0,
zod,3.25.0,2025-05-19,1604914,233,0,
zod,3.25.1,2025-05-19,3437360,615,0,
zod,3.25.3,2025-05-19,3437129,615,0,
zod,3.25.4,2025-05-19,3438485,615,0,
zod,3.25.5,2025-05-19,3437342,615,0,
zod,3.25.6,2025-05-19,3437396,615,0,
zod,3.25.7,2025-05-19,3437323,615,0,
zod,3.25.8,2025-05-20,3437396,615,0,
zod,3.25.10,2025-05-21,3437384,615,0,
zod,3.25.11,2025-05-21,3437324,615,0,
zod,3.25.12,2025-05-21,3437384,615,0,
zod,3.25.13,2025-05-21,3437324,615,0,
zod,3.25.14,2025-05-21,4141490,789,0,
zod,3.25.15,2025-05-21,4141490,789,0,
zod,3.25.16,2025-05-21,4141385,789,0,
zod,3.25.17,2025-05-21,4142010,792,0,
zod,3.25.18,2025-05-21,4142099,792,0,
zod,3.25.20,2025-05-21,4142148,792,0,
zod,3.25.9,2025-05-21,3437323,615,0,
zod,3.25.21,2025-05-22,4142248,792,0,
zod,3.25.22,2025-05-22,1534738,287,0,
zod,3.25.23,2025-05-22,1534738,287,0,
zod,3.25.24,2025-05-23,1533914,287,0,
zod,3.25.25,2025-05-23,1534414,287,0,
zod,3.25.26,2025-05-23,1534362,287,0,
zod,3.25.27,2025-05-23,1535071,287,0,
zod,3.25.28,2025-05-23,1536625,299,0,
zod,3.25.29,2025-05-26,1533377,299,0,
zod,3.25.30,2025-05-27,1533628,299,0,
zod,3.25.31,2025-05-27,1533935,299,0,
zod,3.25.32,2025-05-28,1536350,299,0,
zod,3.25.33,2025-05-28,1570273,308,0,
zod,3.25.34,2025-05-28,1573740,309,0,
zod,3.25.35,2025-05-29,1577081,309,0,
zod,3.25.36,2025-05-29,1577056,309,0,
zod,3.25.37,2025-05-29,1577241,309,0,
zod,3.25.38,2025-05-29,1577411,309,0,
zod,3.25.39,2025-05-29,1577645,309,0,
zod,3.25.40,2025-05-30,1580539,309,0,
zod,3.25.41,2025-05-30,1582526,309,0,
zod,3.25.42,2025-05-30,1607630,309,0,
zod,3.25.43,2025-05-31,1607717,309,0,
zod,3.25.44,2025-06-01,1607939,309,0,
zod,3.25.45,2025-06-01,1609057,309,0,
zod,3.25.46,2025-06-01,1609408,309,0,
zod,3.25.47,2025-06-02,1609481,309,0,
zod,3.25.48,2025-06-02,1609389,309,0,
zod,3.25.49,2025-06-02,1611172,309,0,
zod,3.25.50,2025-06-03,1614797,309,0,
zod,3.25.51,2025-06-04,1615332,309,0,
zod,3.25.52,2025-06-06,1615640,309,0,
zod,3.25.53,2025-06-06,1615511,309,0,
zod,3.25.54,2025-06-06,1615711,309,0,
zod,3.25.55,2025-06-06,1615711,309,0,
zod,3.25.56,2025-06-06,1615744,309,0,
zod,3.25.57,2025-06-10,1615374,309,0,
zod,3.25.58,2025-06-10,1627171,312,0,
zod,3.25.59,2025-06-11,1630001,312,0,
zod,3.25.60,2025-06-11,1630239,312,0,
zod,3.25.61,2025-06-11,1630273,312,0,
zod,3.25.62,2025-06-11,1629553,312,0,
zod,3.25.63,2025-06-12,1631166,312,0,
zod,3.25.64,2025-06-13,1631426,312,0,
zod,3.25.65,2025-06-16,1631815,312,0,
zod,3.25.66,2025-06-16,1631768,312,0,
zod,3.25.67,2025-06-16,1631799,312,0,
zod,3.25.68,2025-07-02,1867247,351,0,1
zod,3.25.69,2025-07-02,1868213,351,0,
zod,3.25.70,2025-07-03,1868741,351,0,
zod,3.25.71,2025-07-03,3559225,591,0,
zod,3.25.72,2025-07-04,3578564,596,0,
zod,3.25.73,2025-07-04,3583596,596,0,
zod,3.25.74,2025-07-04,3583500,596,0,
zod,3.25.75,2025-07-07,3585758,596,0,
zod,3.25.76,2025-07-08,3594196,596,0,
zod,4.0.0,2025-07-09,3596853,606,0,
zod,4.0.1,2025-07-10,3598433,606,0,
zod,4.0.2,2025-07-10,3598780,606,0,
zod,4.0.3,2025-07-10,3598896,606,0,
zod,4.0.4,2025-07-10,3606319,606,0,
zod,4.0.5,2025-07-10,3600149,606,0,
zod,4.0.6,2025-07-23,3670292,621,0,
zod,4.0.7,2025-07-23,3670124,621,0,
zod,4.0.8,2025-07-24,3669048,622,0,
zod,4.0.9,2025-07-24,3670612,622,0,
zod,4.0.10,2025-07-25,3671107,622,0,
zod,4.0.11,2025-07-29,3700040,627,0,
zod,4.0.12,2025-07-29,3700174,627,0,
zod,4.0.13,2025-07-29,3701616,627,0,
zod,4.0.14,2025-07-30,3708190,627,0,
zod,4.0.15,2025-08-06,3710585,627,0,
zod,4.0.16,2025-08-08,3713651,627,0,
zod,4.0.17,2025-08-09,3713787,627,0,
zod,4.1.0,2025-08-23,3875984,626,0,
zod,4.1.1,2025-08-24,3880970,626,0,
zod,4.1.2,2025-08-25,3884559,626,0,
zod,4.1.3,2025-08-26,3889719,626,0,
zod,4.1.4,2025-08-27,3890664,626,0,
zod,4.1.5,2025-08-28,3891337,626,0,
zod,4.1.6,2025-09-11,3895165,635,0,
zod,4.1.7,2025-09-11,3958202,656,0,
zod,4.1.8,2025-09-11,3958238,656,0,
zod,4.1.9,2025-09-16,3958238,656,0,
zod,4.1.10,2025-09-20,3957767,656,0,
zod,4.1.11,2025-09-20,3957803,656,0,
zod,4.1.12,2025-10-06,3957745,656,0,1
zod,4.1.13,2025-11-24,4029825,662,0,
zod,4.2.0,2025-12-15,4203159,681,0,
zod,4.2.1,2025-12-16,4203811,681,0,
zod,4.3.0,2025-12-31,4328993,695,0,
zod,4.3.1,2025-12-31,4330573,695,0,
zod,4.3.2,2025-12-31,4334027,695,0,
zod,4.3.3,2025-12-31,4334060,695,0,
zod,4.3.4,2025-12-31,4340339,694,0,
zod,4.3.5,2026-01-04,4340016,694,0,1
zod,4.3.6,2026-01-22,4343491,694,0,
zod,4.4.0,2026-04-29,4546469,717,0,1
zod,4.4.1,2026-04-29,4545679,717,0,
zod,4.4.2,2026-05-01,4554838,718,0,
zod,4.4.3,2026-05-04,4558122,718,0,1
